<span style='font-size: 12px; font-weight: normal; opacity: 0.6;'>Task Type</span>,<span style='visibility: hidden;'>dummy</span>,,,,,,,,
Model,Type,Rank,Parameters,Vocabulary,Context,Commercial,Merge,Latvian,Lithuanian
"<a href='https://ai.google.dev/gemini-api/docs/models#gemini-3-pro-preview'>gemini/gemini-3-pro-preview (zero-shot, val)</a>",ğŸ¤”,1.29@@1.29,?,256128.0,1048576.0,âœ“,âœ—,1.23@@1.23,1.34@@1.34
"<a href='https://platform.openai.com/docs/models/gpt-5'>gpt-5-2025-08-07 (zero-shot, val)</a>",ğŸ¤”,1.33@@1.33,?,100256.0,272000.0,âœ“,âœ—,1.18@@1.18,1.48@@1.48
"<a href='https://ai.google.dev/gemini-api/docs/models#gemini-3-flash-preview'>gemini/gemini-3-flash-preview#thinking (zero-shot, val)</a>",ğŸ¤”,1.44@@1.44,?,256128.0,1048576.0,âœ“,âœ—,1.41@@1.41,1.47@@1.47
"<a href='https://ai.google.dev/gemini-api/docs/models#gemini-3-flash-preview'>gemini/gemini-3-flash-preview#no-thinking (zero-shot, val)</a>",ğŸ“,1.46@@1.46,?,256128.0,1048576.0,âœ“,âœ—,1.43@@1.43,1.49@@1.49
"<a href='https://docs.anthropic.com/en/docs/about-claude'>claude-sonnet-4-5-20250929#thinking (zero-shot, val)</a>",ğŸ¤”,1.48@@1.48,?,?,?,âœ“,âœ—,1.36@@1.36,1.59@@1.59
"<a href='https://ai.google.dev/gemini-api/docs/models#gemini-2.5-pro'>gemini/gemini-2.5-pro (zero-shot, val)</a>",ğŸ¤”,1.48@@1.48,?,256128.0,1048576.0,âœ“,âœ—,1.41@@1.41,1.54@@1.54
"<a href='https://ai.google.dev/gemini-api/docs/models#gemini-2.5-flash'>gemini/gemini-2.5-flash#thinking (zero-shot, val)</a>",ğŸ¤”,1.48@@1.48,?,256128.0,1048576.0,âœ“,âœ—,1.29@@1.29,1.67@@1.67
"<a href='https://platform.openai.com/docs/models/gpt-5-mini'>gpt-5-mini-2025-08-07 (zero-shot, val)</a>",ğŸ¤”,1.54@@1.54,?,100256.0,272000.0,âœ“,âœ—,1.48@@1.48,1.60@@1.60
"<a href='https://platform.openai.com/docs/models/gpt-5.2'>gpt-5.2-2025-12-11 (zero-shot, val)</a>",ğŸ¤”,1.57@@1.57,?,?,?,âœ“,âœ—,1.36@@1.36,1.78@@1.78
"<a href='https://platform.openai.com/docs/models/gpt-4.1'>gpt-4.1-2025-04-14 (zero-shot, val)</a>",ğŸ“,1.68@@1.68,?,?,1047576.0,âœ“,âœ—,1.70@@1.70,1.67@@1.67
<a href='https://hf.co/Qwen/Qwen3-32B'>Qwen/Qwen3-32B#no-thinking</a>,ğŸ“,1.71@@1.71,32762123264.0,151936.0,40960.0,âœ“,âœ—,1.67@@1.67,1.76@@1.76
<a href='https://hf.co/Qwen/Qwen2.5-72B-Instruct'>Qwen/Qwen2.5-72B-Instruct</a>,ğŸ“,1.74@@1.74,72706203648.0,152064.0,32768.0,âœ“,âœ—,1.67@@1.67,1.80@@1.80
<a href='https://hf.co/meta-llama/Llama-3.1-70B'>meta-llama/Llama-3.1-70B</a>,ğŸ§ ,1.76@@1.76,70553706496.0,128256.0,131072.0,âœ“,âœ—,1.78@@1.78,1.75@@1.75
<a href='https://hf.co/google/gemma-3-27b-it'>google/gemma-3-27b-it</a>,ğŸ“,1.77@@1.77,27432406640.0,262144.0,8192.0,âœ“,âœ—,1.76@@1.76,1.78@@1.78
<a href='https://hf.co/deepcogito/cogito-v1-preview-qwen-32B'>deepcogito/cogito-v1-preview-qwen-32B</a>,ğŸ“,1.78@@1.78,32759790592.0,151665.0,131072.0,âœ“,âœ—,1.63@@1.63,1.93@@1.93
<a href='https://hf.co/deepcogito/cogito-v2-preview-llama-70B'>deepcogito/cogito-v2-preview-llama-70B</a>,ğŸ“,1.79@@1.79,70553706496.0,128256.0,131072.0,âœ“,âœ—,1.72@@1.72,1.87@@1.87
"<a href='https://docs.anthropic.com/en/docs/about-claude'>claude-sonnet-4-5-20250929#no-thinking (zero-shot, val)</a>",ğŸ“,1.79@@1.79,?,?,?,âœ“,âœ—,1.67@@1.67,1.92@@1.92
<a href='https://hf.co/deepcogito/cogito-v1-preview-llama-70B'>deepcogito/cogito-v1-preview-llama-70B</a>,ğŸ“,1.80@@1.80,70553706496.0,128256.0,131072.0,âœ“,âœ—,1.76@@1.76,1.85@@1.85
<a href='https://hf.co/mistralai/Voxtral-Small-24B-2507'>mistralai/Voxtral-Small-24B-2507</a>,ğŸ“,1.83@@1.83,24261800960.0,131072.0,8192.0,âœ“,âœ—,1.83@@1.83,1.83@@1.83
<a href='https://hf.co/mistralai/Mistral-Small-3.2-24B-Instruct-2506'>mistralai/Mistral-Small-3.2-24B-Instruct-2506</a>,ğŸ“,1.83@@1.83,24011361280.0,131072.0,8192.0,âœ“,âœ—,1.82@@1.82,1.85@@1.85
"<a href='https://ai.google.dev/gemini-api/docs/models#gemini-2.5-flash-lite'>gemini/gemini-2.5-flash-lite#thinking (zero-shot, val)</a>",ğŸ¤”,1.83@@1.83,?,256128.0,1048576.0,âœ“,âœ—,1.69@@1.69,1.96@@1.96
<a href='https://hf.co/meta-llama/Llama-3.3-70B-Instruct'>meta-llama/Llama-3.3-70B-Instruct</a>,ğŸ“,1.84@@1.84,70553706496.0,128256.0,131072.0,âœ“,âœ—,1.82@@1.82,1.85@@1.85
<a href='https://hf.co/google/gemma-3-27b-pt'>google/gemma-3-27b-pt</a>,ğŸ§ ,1.87@@1.87,27432406640.0,262144.0,8192.0,âœ“,âœ—,2.08@@2.08,1.67@@1.67
<a href='https://hf.co/mistralai/Mistral-Small-3.1-24B-Instruct-2503'>mistralai/Mistral-Small-3.1-24B-Instruct-2503</a>,ğŸ“,1.87@@1.87,24011361280.0,131072.0,8192.0,âœ“,âœ—,1.83@@1.83,1.90@@1.90
<a href='https://hf.co/Qwen/Qwen3-30B-A3B-Instruct-2507'>Qwen/Qwen3-30B-A3B-Instruct-2507</a>,ğŸ“,1.89@@1.89,30532122624.0,151936.0,262144.0,âœ“,âœ—,1.86@@1.86,1.91@@1.91
<a href='https://hf.co/google/gemma-3-12b-it'>google/gemma-3-12b-it</a>,ğŸ“,1.90@@1.90,12187325040.0,262144.0,8192.0,âœ“,âœ—,1.86@@1.86,1.93@@1.93
<a href='https://hf.co/mistralai/Mistral-Small-3.1-24B-Base-2503'>mistralai/Mistral-Small-3.1-24B-Base-2503</a>,ğŸ§ ,1.96@@1.96,24011361280.0,131072.0,8192.0,âœ“,âœ—,1.96@@1.96,1.96@@1.96
<a href='https://hf.co/Qwen/Qwen3-14B'>Qwen/Qwen3-14B#no-thinking</a>,ğŸ“,1.96@@1.96,14768307200.0,151936.0,40960.0,âœ“,âœ—,1.95@@1.95,1.97@@1.97
"<a href='https://platform.openai.com/docs/models/gpt-5-nano'>gpt-5-nano-2025-08-07 (zero-shot, val)</a>",ğŸ¤”,1.96@@1.96,?,100256.0,272000.0,âœ“,âœ—,1.64@@1.64,2.28@@2.28
"<a href='https://docs.anthropic.com/en/docs/about-claude'>claude-haiku-4-5-20251001 (zero-shot, val)</a>",ğŸ¤”,2.03@@2.03,?,?,200000.0,âœ“,âœ—,1.99@@1.99,2.07@@2.07
<a href='https://hf.co/speakleash/Bielik-11B-v3.0-Instruct'>speakleash/Bielik-11B-v3.0-Instruct</a>,ğŸ“,2.03@@2.03,11168796672.0,32128.0,32768.0,âœ“,âœ—,2.10@@2.10,1.96@@1.96
"<a href='https://platform.openai.com/docs/models/gpt-4.1-mini'>gpt-4.1-mini-2025-04-14 (zero-shot, val)</a>",ğŸ“,2.04@@2.04,?,?,1047576.0,âœ“,âœ—,1.89@@1.89,2.19@@2.19
<a href='https://hf.co/openai/gpt-oss-20b'>openai/gpt-oss-20b#medium</a>,ğŸ¤”,2.07@@2.07,21511953984.0,201088.0,131072.0,âœ“,âœ—,1.96@@1.96,2.17@@2.17
<a href='https://hf.co/deepcogito/cogito-v1-preview-qwen-14B'>deepcogito/cogito-v1-preview-qwen-14B</a>,ğŸ“,2.08@@2.08,14765947904.0,151665.0,131072.0,âœ“,âœ—,1.99@@1.99,2.17@@2.17
<a href='https://hf.co/swiss-ai/Apertus-70B-Instruct-2509'>swiss-ai/Apertus-70B-Instruct-2509</a>,ğŸ“,2.10@@2.10,70599864480.0,131072.0,65536.0,âœ—,âœ—,2.15@@2.15,2.05@@2.05
<a href='https://hf.co/utter-project/EuroLLM-22B-Instruct-2512'>utter-project/EuroLLM-22B-Instruct-2512</a>,ğŸ“,2.14@@2.14,22637328384.0,128000.0,32768.0,âœ“,âœ—,2.11@@2.11,2.16@@2.16
<a href='https://hf.co/google/gemma-3-12b-pt'>google/gemma-3-12b-pt</a>,ğŸ§ ,2.14@@2.14,12187325040.0,262144.0,8192.0,âœ“,âœ—,2.34@@2.34,1.95@@1.95
<a href='https://hf.co/ibm-granite/granite-4.0-h-small'>ibm-granite/granite-4.0-h-small</a>,ğŸ“,2.18@@2.18,32207337984.0,100352.0,131072.0,âœ“,âœ—,2.13@@2.13,2.23@@2.23
<a href='https://hf.co/speakleash/Bielik-11B-v3-Base-20250730'>speakleash/Bielik-11B-v3-Base-20250730</a>,ğŸ§ ,2.20@@2.20,11168796672.0,32128.0,32768.0,âœ“,âœ—,2.08@@2.08,2.31@@2.31
<a href='https://hf.co/Qwen/Qwen3-8B'>Qwen/Qwen3-8B#no-thinking</a>,ğŸ“,2.21@@2.21,8190735360.0,151936.0,40960.0,âœ“,âœ—,2.21@@2.21,2.21@@2.21
<a href='https://hf.co/google/gemma-3n-E4B-it'>google/gemma-3n-E4B-it</a>,ğŸ“,2.23@@2.23,7849978192.0,262400.0,8192.0,âœ“,âœ—,2.21@@2.21,2.25@@2.25
<a href='https://hf.co/openai/gpt-oss-20b'>openai/gpt-oss-20b#low</a>,ğŸ¤”,2.24@@2.24,21511953984.0,201088.0,131072.0,âœ“,âœ—,2.16@@2.16,2.33@@2.33
<a href='https://hf.co/utter-project/EuroLLM-22B-Instruct-Preview'>utter-project/EuroLLM-22B-Instruct-Preview</a>,ğŸ“,2.25@@2.25,22637328384.0,128000.0,4096.0,âœ“,âœ—,2.31@@2.31,2.19@@2.19
<a href='https://hf.co/Qwen/Qwen3-4B'>Qwen/Qwen3-4B#no-thinking</a>,ğŸ“,2.36@@2.36,4022468096.0,151936.0,40960.0,âœ“,âœ—,2.33@@2.33,2.39@@2.39
<a href='https://hf.co/utter-project/EuroLLM-9B-Instruct'>utter-project/EuroLLM-9B-Instruct</a>,ğŸ“,2.37@@2.37,9152319488.0,128000.0,4096.0,âœ—,âœ—,2.42@@2.42,2.32@@2.32
<a href='https://hf.co/utter-project/EuroLLM-22B-Preview'>utter-project/EuroLLM-22B-Preview</a>,ğŸ§ ,2.43@@2.43,?,128000.0,4096.0,âœ“,âœ—,2.68@@2.68,2.18@@2.18
<a href='https://hf.co/deepcogito/cogito-v1-preview-llama-8B'>deepcogito/cogito-v1-preview-llama-8B</a>,ğŸ“,2.46@@2.46,8030261248.0,128256.0,131072.0,âœ“,âœ—,2.51@@2.51,2.41@@2.41
"<a href='https://ai.google.dev/gemini-api/docs/models#gemini-2.5-flash-lite'>gemini/gemini-2.5-flash-lite#no-thinking (zero-shot, val)</a>",ğŸ“,2.47@@2.47,?,256128.0,1048576.0,âœ“,âœ—,2.74@@2.74,2.20@@2.20
<a href='https://hf.co/utter-project/EuroLLM-22B-2512'>utter-project/EuroLLM-22B-2512</a>,ğŸ§ ,2.48@@2.48,22637328384.0,128000.0,32768.0,âœ“,âœ—,2.66@@2.66,2.30@@2.30
"<a href='https://platform.openai.com/docs/models/gpt-4.1-nano'>gpt-4.1-nano-2025-04-14 (zero-shot, val)</a>",ğŸ“,2.48@@2.48,?,?,1047576.0,âœ“,âœ—,2.35@@2.35,2.60@@2.60
<a href='https://hf.co/BSC-LT/ALIA-40b'>BSC-LT/ALIA-40b</a>,ğŸ§ ,2.48@@2.48,40433885184.0,256000.0,32768.0,âœ“,âœ—,2.33@@2.33,2.62@@2.62
<a href='https://hf.co/google/gemma-3-4b-it'>google/gemma-3-4b-it</a>,ğŸ“,2.51@@2.51,4300079472.0,262144.0,8192.0,âœ“,âœ—,2.56@@2.56,2.47@@2.47
<a href='https://hf.co/meta-llama/Llama-3.1-8B-Instruct'>meta-llama/Llama-3.1-8B-Instruct</a>,ğŸ“,2.54@@2.54,8030261248.0,128256.0,131072.0,âœ“,âœ—,2.62@@2.62,2.46@@2.46
<a href='https://hf.co/utter-project/EuroLLM-9B'>utter-project/EuroLLM-9B</a>,ğŸ§ ,2.58@@2.58,9152319488.0,128000.0,4096.0,âœ“,âœ—,2.65@@2.65,2.50@@2.50
<a href='https://hf.co/allenai/OLMo-2-0325-32B-Instruct'>allenai/OLMo-2-0325-32B-Instruct</a>,ğŸ“,2.59@@2.59,32234279936.0,100352.0,4096.0,âœ—,âœ—,2.68@@2.68,2.50@@2.50
<a href='https://hf.co/openai/gpt-oss-20b'>openai/gpt-oss-20b#high</a>,ğŸ¤”,2.60@@2.60,21511953984.0,201088.0,131072.0,âœ“,âœ—,2.21@@2.21,2.98@@2.98
<a href='https://hf.co/BSC-LT/salamandra-7b-instruct'>BSC-LT/salamandra-7b-instruct</a>,ğŸ“,2.63@@2.63,7768117248.0,256000.0,8192.0,âœ“,âœ—,2.69@@2.69,2.58@@2.58
<a href='https://hf.co/baidu/ERNIE-4.5-21B-A3B-PT'>baidu/ERNIE-4.5-21B-A3B-PT</a>,ğŸ“,2.64@@2.64,21948655808.0,103424.0,131072.0,âœ“,âœ—,2.68@@2.68,2.60@@2.60
<a href='https://hf.co/meta-llama/Llama-3.1-8B'>meta-llama/Llama-3.1-8B</a>,ğŸ§ ,2.65@@2.65,8030261248.0,128256.0,131072.0,âœ“,âœ—,2.72@@2.72,2.58@@2.58
<a href='https://hf.co/allenai/Llama-3.1-Tulu-3-8B-SFT'>allenai/Llama-3.1-Tulu-3-8B-SFT</a>,ğŸ“,2.65@@2.65,8030326784.0,128264.0,131072.0,âœ“,âœ—,2.76@@2.76,2.55@@2.55
<a href='https://hf.co/google/gemma-3-4b-pt'>google/gemma-3-4b-pt</a>,ğŸ§ ,2.67@@2.67,4300079472.0,262144.0,8192.0,âœ“,âœ—,2.76@@2.76,2.58@@2.58
<a href='https://hf.co/allenai/Olmo-3.1-32B-Instruct-SFT'>allenai/Olmo-3.1-32B-Instruct-SFT</a>,ğŸ“,2.75@@2.75,32233522176.0,100278.0,65536.0,âœ—,âœ—,2.84@@2.84,2.67@@2.67
<a href='https://hf.co/allenai/Olmo-3.1-32B-Instruct'>allenai/Olmo-3.1-32B-Instruct</a>,ğŸ“,2.81@@2.81,32233522176.0,100278.0,65536.0,âœ—,âœ—,2.93@@2.93,2.69@@2.69
<a href='https://hf.co/allenai/Olmo-3.1-32B-Instruct-DPO'>allenai/Olmo-3.1-32B-Instruct-DPO</a>,ğŸ“,2.82@@2.82,32233522176.0,100278.0,65536.0,âœ—,âœ—,2.94@@2.94,2.69@@2.69
"<a href='https://ai.google.dev/gemini-api/docs/models#gemini-2.5-flash'>gemini/gemini-2.5-flash#no-thinking (zero-shot, val)</a>",ğŸ“,2.83@@2.83,?,256128.0,1048576.0,âœ“,âœ—,2.90@@2.90,2.76@@2.76
<a href='https://hf.co/ibm-granite/granite-4.0-micro'>ibm-granite/granite-4.0-micro</a>,ğŸ“,2.86@@2.86,3402836480.0,100352.0,131072.0,âœ“,âœ—,2.80@@2.80,2.93@@2.93
<a href='https://hf.co/ibm-granite/granite-4.0-h-micro'>ibm-granite/granite-4.0-h-micro</a>,ğŸ“,2.88@@2.88,3191396096.0,100352.0,131072.0,âœ“,âœ—,2.92@@2.92,2.85@@2.85
<a href='https://hf.co/allenai/Olmo-3-1125-32B'>allenai/Olmo-3-1125-32B</a>,ğŸ§ ,2.88@@2.88,32233522176.0,100278.0,65536.0,âœ“,âœ—,2.99@@2.99,2.77@@2.77
<a href='https://hf.co/deepcogito/cogito-v1-preview-llama-3B'>deepcogito/cogito-v1-preview-llama-3B</a>,ğŸ“,2.89@@2.89,3606752256.0,128256.0,131072.0,âœ“,âœ—,2.96@@2.96,2.83@@2.83
<a href='https://hf.co/upstage/SOLAR-10.7B-v1.0'>upstage/SOLAR-10.7B-v1.0</a>,ğŸ§ ,2.90@@2.90,10731524096.0,32000.0,4096.0,âœ“,âœ—,3.00@@3.00,2.81@@2.81
<a href='https://hf.co/Qwen/Qwen3-1.7B'>Qwen/Qwen3-1.7B#no-thinking</a>,ğŸ“,2.91@@2.91,2031739904.0,151936.0,40960.0,âœ“,âœ—,2.97@@2.97,2.85@@2.85
<a href='https://hf.co/ibm-granite/granite-4.0-h-tiny'>ibm-granite/granite-4.0-h-tiny</a>,ğŸ“,2.91@@2.91,6939037248.0,100352.0,131072.0,âœ“,âœ—,3.02@@3.02,2.79@@2.79
<a href='https://hf.co/nvidia/NVIDIA-Nemotron-3-Nano-30B-A3B-BF16'>nvidia/NVIDIA-Nemotron-3-Nano-30B-A3B-BF16#no-thinking</a>,ğŸ“,2.96@@2.96,31577937344.0,131072.0,262144.0,âœ“,âœ—,3.07@@3.07,2.86@@2.86
<a href='https://hf.co/speakleash/Bielik-11B-v2.6-Instruct'>speakleash/Bielik-11B-v2.6-Instruct</a>,ğŸ“,3.01@@3.01,11168796672.0,32128.0,32768.0,âœ“,âœ—,3.10@@3.10,2.92@@2.92
<a href='https://hf.co/BSC-LT/salamandra-7b'>BSC-LT/salamandra-7b</a>,ğŸ§ ,3.13@@3.13,7768117248.0,256000.0,8192.0,âœ“,âœ—,2.93@@2.93,3.33@@3.33
<a href='https://hf.co/meta-llama/Llama-3.2-3B-Instruct'>meta-llama/Llama-3.2-3B-Instruct</a>,ğŸ“,3.15@@3.15,3212749824.0,128256.0,131072.0,âœ“,âœ—,3.16@@3.16,3.14@@3.14
<a href='https://hf.co/occiglot/occiglot-7b-eu5-instruct'>occiglot/occiglot-7b-eu5-instruct</a>,ğŸ“,3.21@@3.21,7241748480.0,32002.0,32768.0,âœ—,âœ—,3.25@@3.25,3.16@@3.16
<a href='https://hf.co/allenai/Olmo-3-7B-Instruct-DPO'>allenai/Olmo-3-7B-Instruct-DPO</a>,ğŸ“,3.24@@3.24,7298011136.0,100278.0,65536.0,âœ—,âœ—,3.38@@3.38,3.11@@3.11
<a href='https://hf.co/allenai/Olmo-3-1025-7B'>allenai/Olmo-3-1025-7B</a>,ğŸ§ ,3.25@@3.25,7298011136.0,100278.0,65536.0,âœ“,âœ—,3.27@@3.27,3.24@@3.24
<a href='https://hf.co/allenai/Olmo-3-7B-Instruct'>allenai/Olmo-3-7B-Instruct</a>,ğŸ“,3.25@@3.25,528384.0,100278.0,65536.0,âœ—,âœ—,3.39@@3.39,3.11@@3.11
<a href='https://hf.co/HuggingFaceTB/SmolLM3-3B-Base'>HuggingFaceTB/SmolLM3-3B-Base</a>,ğŸ§ ,3.32@@3.32,3075098624.0,128256.0,65536.0,âœ“,âœ—,3.30@@3.30,3.33@@3.33
<a href='https://hf.co/Qwen/Qwen2.5-1.5B-Instruct'>Qwen/Qwen2.5-1.5B-Instruct</a>,ğŸ“,3.37@@3.37,1543714304.0,151936.0,32768.0,âœ“,âœ—,3.37@@3.37,3.38@@3.38
<a href='https://hf.co/allenai/Olmo-3-7B-Instruct-SFT'>allenai/Olmo-3-7B-Instruct-SFT</a>,ğŸ“,3.41@@3.41,7298011136.0,100278.0,65536.0,âœ—,âœ—,3.54@@3.54,3.27@@3.27
<a href='https://hf.co/occiglot/occiglot-7b-eu5'>occiglot/occiglot-7b-eu5</a>,ğŸ§ ,3.49@@3.49,7241732096.0,32000.0,32768.0,âœ“,âœ—,3.55@@3.55,3.43@@3.43
<a href='https://hf.co/google/gemma-3-1b-pt'>google/gemma-3-1b-pt</a>,ğŸ§ ,3.56@@3.56,999885952.0,262144.0,32768.0,âœ“,âœ—,3.60@@3.60,3.52@@3.52
<a href='https://hf.co/google/gemma-3-1b-it'>google/gemma-3-1b-it</a>,ğŸ“,3.57@@3.57,999885952.0,262144.0,32768.0,âœ“,âœ—,3.57@@3.57,3.56@@3.56
<a href='https://hf.co/TrustLLMeu/baseline-7-8b_2-3t-tokens_llama'>TrustLLMeu/baseline-7-8b_2-3t-tokens_llama</a>,ğŸ§ ,3.60@@3.60,7799574528.0,100096.0,4096.0,âœ“,âœ—,3.57@@3.57,3.64@@3.64
<a href='https://hf.co/LiquidAI/LFM2-2.6B'>LiquidAI/LFM2-2.6B</a>,ğŸ“,3.61@@3.61,2569272320.0,65536.0,128000.0,âœ—,âœ—,3.58@@3.58,3.64@@3.64
<a href='https://hf.co/arcee-ai/AFM-4.5B'>arcee-ai/AFM-4.5B</a>,ğŸ“,3.63@@3.63,4619189760.0,128005.0,65536.0,âœ“,âœ—,3.60@@3.60,3.66@@3.66
<a href='https://hf.co/Qwen/Qwen3-0.6B'>Qwen/Qwen3-0.6B#no-thinking</a>,ğŸ“,3.64@@3.64,751632384.0,151936.0,40960.0,âœ“,âœ—,3.76@@3.76,3.52@@3.52
<a href='https://hf.co/utter-project/EuroMoE-2.6B-A0.6B-Instruct-Preview'>utter-project/EuroMoE-2.6B-A0.6B-Instruct-Preview</a>,ğŸ“,3.70@@3.70,2611528704.0,128000.0,4096.0,âœ“,âœ—,3.85@@3.85,3.55@@3.55
<a href='https://hf.co/yulan-team/YuLan-Mini-Instruct'>yulan-team/YuLan-Mini-Instruct</a>,ğŸ“,3.76@@3.76,2424375168.0,99000.0,28723.0,âœ—,âœ—,3.88@@3.88,3.64@@3.64
<a href='https://hf.co/utter-project/EuroMoE-2.6B-A0.6B-Preview'>utter-project/EuroMoE-2.6B-A0.6B-Preview</a>,ğŸ§ ,3.78@@3.78,2611528704.0,128000.0,4096.0,âœ“,âœ—,3.79@@3.79,3.77@@3.77
<a href='https://hf.co/PleIAs/Pleias-1.2b-Preview'>PleIAs/Pleias-1.2b-Preview</a>,ğŸ§ ,3.84@@3.84,1195468800.0,65536.0,2048.0,âœ“,âœ—,3.94@@3.94,3.74@@3.74
<a href='https://hf.co/PleIAs/Pleias-3b-Preview'>PleIAs/Pleias-3b-Preview</a>,ğŸ§ ,3.85@@3.85,3211926528.0,65536.0,4096.0,âœ“,âœ—,3.84@@3.84,3.85@@3.85
<a href='https://hf.co/baidu/ERNIE-4.5-0.3B-PT'>baidu/ERNIE-4.5-0.3B-PT</a>,ğŸ“,3.89@@3.89,?,103424.0,131072.0,âœ“,âœ—,3.94@@3.94,3.84@@3.84
<a href='https://hf.co/meta-llama/Llama-3.2-1B'>meta-llama/Llama-3.2-1B</a>,ğŸ§ ,3.89@@3.89,1235814400.0,128256.0,131072.0,âœ“,âœ—,3.92@@3.92,3.86@@3.86
<a href='https://hf.co/LiquidAI/LFM2.5-1.2B-Base'>LiquidAI/LFM2.5-1.2B-Base</a>,ğŸ“,3.97@@3.97,1170340608.0,65536.0,128000.0,âœ—,âœ—,4.09@@4.09,3.84@@3.84
<a href='https://hf.co/google/gemma-3-270m-it'>google/gemma-3-270m-it</a>,ğŸ“,3.98@@3.98,268098176.0,262144.0,32768.0,âœ“,âœ—,4.03@@4.03,3.92@@3.92
<a href='https://hf.co/LiquidAI/LFM2-700M'>LiquidAI/LFM2-700M</a>,ğŸ“,3.99@@3.99,742489344.0,65536.0,128000.0,âœ—,âœ—,4.02@@4.02,3.97@@3.97
<a href='https://hf.co/meta-llama/Llama-3.2-1B-Instruct'>meta-llama/Llama-3.2-1B-Instruct</a>,ğŸ“,4.00@@4.00,1235814400.0,128256.0,131072.0,âœ“,âœ—,4.07@@4.07,3.93@@3.93
<a href='https://hf.co/LiquidAI/LFM2-1.2B'>LiquidAI/LFM2-1.2B</a>,ğŸ“,4.00@@4.00,1170340608.0,65536.0,128000.0,âœ—,âœ—,4.02@@4.02,3.97@@3.97
<a href='https://hf.co/PleIAs/Pleias-350m-Preview'>PleIAs/Pleias-350m-Preview</a>,ğŸ§ ,4.02@@4.02,353424384.0,65536.0,2048.0,âœ“,âœ—,4.01@@4.01,4.03@@4.03
<a href='https://hf.co/google/gemma-3-270m'>google/gemma-3-270m</a>,ğŸ§ ,4.03@@4.03,268098176.0,262144.0,32768.0,âœ“,âœ—,3.99@@3.99,4.07@@4.07
<a href='https://hf.co/HuggingFaceTB/SmolLM2-360M'>HuggingFaceTB/SmolLM2-360M</a>,ğŸ§ ,4.07@@4.07,361821120.0,49152.0,8192.0,âœ“,âœ—,4.04@@4.04,4.11@@4.11
<a href='https://hf.co/LiquidAI/LFM2.5-1.2B-Instruct'>LiquidAI/LFM2.5-1.2B-Instruct</a>,ğŸ“,4.09@@4.09,1170340608.0,65536.0,128000.0,âœ—,âœ—,4.06@@4.06,4.12@@4.12
<a href='https://hf.co/HuggingFaceTB/SmolLM2-360M-Instruct'>HuggingFaceTB/SmolLM2-360M-Instruct</a>,ğŸ“,4.10@@4.10,361821120.0,49152.0,8192.0,âœ“,âœ—,4.07@@4.07,4.12@@4.12
<a href='https://hf.co/HuggingFaceTB/SmolLM2-135M'>HuggingFaceTB/SmolLM2-135M</a>,ğŸ§ ,4.14@@4.14,134515008.0,49152.0,8192.0,âœ“,âœ—,4.06@@4.06,4.23@@4.23
<a href='https://hf.co/HuggingFaceTB/SmolLM2-135M-Instruct'>HuggingFaceTB/SmolLM2-135M-Instruct</a>,ğŸ“,4.19@@4.19,134515008.0,49152.0,8192.0,âœ“,âœ—,4.15@@4.15,4.22@@4.22
<a href='https://hf.co/LiquidAI/LFM2-350M'>LiquidAI/LFM2-350M</a>,ğŸ“,4.20@@4.20,354483968.0,65536.0,128000.0,âœ—,âœ—,4.17@@4.17,4.22@@4.22
<a href='https://hf.co/PleIAs/Baguettotron'>PleIAs/Baguettotron@refs/pr/6#no-thinking</a>,ğŸ“,4.45@@4.45,320956992.0,65536.0,4096.0,âœ“,âœ—,4.19@@4.19,4.71@@4.71
<a href='https://hf.co/PleIAs/Monad'>PleIAs/Monad</a>,ğŸ§ ,4.50@@4.50,56656128.0,8192.0,2048.0,âœ“,âœ—,4.25@@4.25,4.75@@4.75
<a href='https://hf.co/sentence-transformers/paraphrase-multilingual-MiniLM-L12-v2'>sentence-transformers/paraphrase-multilingual-MiniLM-L12-v2</a>,ğŸ”,-@@100,117654272.0,250037.0,512.0,âœ“,âœ—,-@@100,-@@100
<a href='https://hf.co/nvidia/NVIDIA-Nemotron-Nano-9B-v2'>nvidia/NVIDIA-Nemotron-Nano-9B-v2#no-thinking</a>,ğŸ“,-@@100,8888227328.0,131072.0,131072.0,âœ“,âœ—,3.83@@3.83,-@@100
<a href='https://hf.co/nvidia/NVIDIA-Nemotron-Nano-9B-v2'>nvidia/NVIDIA-Nemotron-Nano-9B-v2</a>,ğŸ¤”,-@@100,8888227328.0,131072.0,131072.0,âœ“,âœ—,2.88@@2.88,-@@100
<a href='https://hf.co/setu4993/LaBSE'>setu4993/LaBSE</a>,ğŸ”,-@@100,470927360.0,501153.0,512.0,âœ“,âœ—,-@@100,-@@100
<a href='https://hf.co/microsoft/mdeberta-v3-base'>microsoft/mdeberta-v3-base</a>,ğŸ”,-@@100,278225673.0,251000.0,512.0,âœ“,âœ—,-@@100,-@@100
<a href='https://hf.co/swiss-ai/Apertus-8B-2509'>swiss-ai/Apertus-8B-2509</a>,ğŸ§ ,-@@100,8053338176.0,131072.0,65536.0,âœ“,âœ—,2.74@@2.74,-@@100
<a href='https://hf.co/mistralai/Voxtral-Mini-3B-2507'>mistralai/Voxtral-Mini-3B-2507</a>,ğŸ“,-@@100,4676271104.0,131072.0,8192.0,âœ“,âœ—,2.98@@2.98,-@@100
<a href='https://hf.co/swiss-ai/Apertus-8B-Instruct-2509'>swiss-ai/Apertus-8B-Instruct-2509</a>,ğŸ“,-@@100,8053338176.0,131072.0,65536.0,âœ—,âœ—,2.41@@2.41,-@@100
<a href='https://hf.co/tencent/Hunyuan-1.8B-Instruct'>tencent/Hunyuan-1.8B-Instruct</a>,ğŸ¤”,-@@100,1791080448.0,120818.0,262144.0,âœ“,âœ—,3.97@@3.97,-@@100
<a href='https://hf.co/tencent/Hunyuan-7B-Instruct'>tencent/Hunyuan-7B-Instruct</a>,ğŸ¤”,-@@100,7504568320.0,128167.0,32768.0,âœ“,âœ—,3.75@@3.75,-@@100
<a href='https://hf.co/mistralai/Magistral-Small-2509'>mistralai/Magistral-Small-2509</a>,ğŸ“,-@@100,24011361280.0,131072.0,8192.0,âœ“,âœ—,1.88@@1.88,-@@100
<a href='https://hf.co/swiss-ai/Apertus-70B-2509'>swiss-ai/Apertus-70B-2509</a>,ğŸ§ ,-@@100,70599864480.0,131072.0,65536.0,âœ“,âœ—,2.50@@2.50,-@@100
<a href='https://hf.co/AI-Sweden-Models/ModernBERT-large'>AI-Sweden-Models/ModernBERT-large</a>,ğŸ”,-@@100,395881664.0,50368.0,8192.0,âœ“,âœ—,-@@100,-@@100
<a href='https://hf.co/facebook/MobileLLM-R1-950M-base'>facebook/MobileLLM-R1-950M-base</a>,ğŸ§ ,-@@100,949685760.0,128256.0,4096.0,âœ—,âœ—,3.91@@3.91,-@@100
<a href='https://hf.co/kurakurai/Luth-1.7B-Instruct'>kurakurai/Luth-1.7B-Instruct</a>,ğŸ“,-@@100,1720574976.0,151936.0,40960.0,âœ—,âœ—,-@@100,-@@100
<a href='https://hf.co/Qwen/Qwen3-4B'>Qwen/Qwen3-4B</a>,ğŸ¤”,-@@100,4022468096.0,151936.0,40960.0,âœ“,âœ—,2.53@@2.53,-@@100
<a href='https://hf.co/Qwen/Qwen3-4B-Thinking-2507'>Qwen/Qwen3-4B-Thinking-2507</a>,ğŸ¤”,-@@100,4022468096.0,151936.0,262144.0,âœ“,âœ—,-@@100,-@@100
<a href='https://hf.co/Qwen/Qwen3-4B-Instruct-2507'>Qwen/Qwen3-4B-Instruct-2507</a>,ğŸ“,-@@100,4022468096.0,151936.0,262144.0,âœ“,âœ—,2.38@@2.38,-@@100
<a href='https://hf.co/Qwen/Qwen3-30B-A3B'>Qwen/Qwen3-30B-A3B</a>,ğŸ¤”,-@@100,30532122624.0,151936.0,40960.0,âœ“,âœ—,1.62@@1.62,-@@100
<a href='https://hf.co/Qwen/Qwen3-30B-A3B'>Qwen/Qwen3-30B-A3B#no-thinking</a>,ğŸ“,-@@100,30532122624.0,151936.0,40960.0,âœ“,âœ—,1.88@@1.88,-@@100
<a href='https://hf.co/Qwen/Qwen3-235B-A22B-Thinking-2507-FP8'>Qwen/Qwen3-235B-A22B-Thinking-2507-FP8</a>,ğŸ¤”,-@@100,235107904512.0,151936.0,262144.0,âœ“,âœ—,1.48@@1.48,-@@100
<a href='https://hf.co/Qwen/Qwen3-235B-A22B-Instruct-2507-FP8'>Qwen/Qwen3-235B-A22B-Instruct-2507-FP8</a>,ğŸ“,-@@100,235107904512.0,151936.0,262144.0,âœ“,âœ—,1.52@@1.52,-@@100
<a href='https://hf.co/Qwen/Qwen3-14B'>Qwen/Qwen3-14B</a>,ğŸ¤”,-@@100,14768307200.0,151936.0,40960.0,âœ“,âœ—,2.28@@2.28,-@@100
<a href='https://hf.co/Qwen/Qwen3-8B'>Qwen/Qwen3-8B</a>,ğŸ¤”,-@@100,8190735360.0,151936.0,40960.0,âœ“,âœ—,2.96@@2.96,-@@100
<a href='https://hf.co/Qwen/Qwen3-1.7B'>Qwen/Qwen3-1.7B</a>,ğŸ¤”,-@@100,2031739904.0,151936.0,40960.0,âœ“,âœ—,2.92@@2.92,-@@100
<a href='https://hf.co/HuggingFaceTB/SmolLM3-3B'>HuggingFaceTB/SmolLM3-3B#no-thinking</a>,ğŸ“,-@@100,3075098624.0,128256.0,65536.0,âœ“,âœ—,-@@100,-@@100
<a href='https://hf.co/Geotrend/distilbert-base-25lang-cased'>Geotrend/distilbert-base-25lang-cased</a>,ğŸ”,-@@100,108867577.0,84985.0,512.0,âœ“,âœ—,-@@100,-@@100
<a href='https://hf.co/FacebookAI/xlm-roberta-large'>FacebookAI/xlm-roberta-large</a>,ğŸ”,-@@100,561192082.0,250002.0,512.0,âœ“,âœ—,-@@100,-@@100
<a href='https://hf.co/EuropeanParliament/EUBERT'>EuropeanParliament/EUBERT</a>,ğŸ”,-@@100,93990500.0,65636.0,512.0,âœ“,âœ—,-@@100,-@@100
<a href='https://hf.co/EuroBERT/EuroBERT-610m'>EuroBERT/EuroBERT-610m</a>,ğŸ”,-@@100,755625600.0,128256.0,8192.0,âœ“,âœ—,-@@100,-@@100
<a href='https://hf.co/EuroBERT/EuroBERT-210m'>EuroBERT/EuroBERT-210m</a>,ğŸ”,-@@100,310266624.0,128256.0,8192.0,âœ“,âœ—,-@@100,-@@100
<a href='https://hf.co/EMBEDDIA/litlat-bert'>EMBEDDIA/litlat-bert</a>,ğŸ”,-@@100,150124809.0,84201.0,514.0,âœ“,âœ—,-@@100,-@@100
<a href='https://hf.co/AiLab-IMCS-UL/lvbert'>AiLab-IMCS-UL/lvbert</a>,ğŸ”,-@@100,110620928.0,32004.0,512.0,âœ“,âœ—,-@@100,-@@100
<a href='https://hf.co/Qwen/Qwen3-0.6B'>Qwen/Qwen3-0.6B</a>,ğŸ¤”,-@@100,751632384.0,151936.0,40960.0,âœ“,âœ—,3.56@@3.56,-@@100
<a href='https://hf.co/Qwen/Qwen3-Next-80B-A3B-Instruct'>Qwen/Qwen3-Next-80B-A3B-Instruct</a>,ğŸ“,-@@100,81324862720.0,151936.0,262144.0,âœ“,âœ—,1.70@@1.70,-@@100
<a href='https://hf.co/Qwen/Qwen3-Next-80B-A3B-Thinking'>Qwen/Qwen3-Next-80B-A3B-Thinking</a>,ğŸ¤”,-@@100,81324862720.0,151936.0,262144.0,âœ“,âœ—,1.84@@1.84,-@@100
<a href='https://hf.co/Shekswess/trlm-135m'>Shekswess/trlm-135m</a>,ğŸ“,-@@100,134516160.0,49154.0,8192.0,âœ“,âœ—,4.20@@4.20,-@@100
<a href='https://hf.co/jhu-clsp/mmBERT-small'>jhu-clsp/mmBERT-small</a>,ğŸ”,-@@100,140645001.0,256000.0,8192.0,âœ“,âœ—,-@@100,-@@100
<a href='https://hf.co/jhu-clsp/mmBERT-base'>jhu-clsp/mmBERT-base</a>,ğŸ”,-@@100,307537161.0,256000.0,8192.0,âœ“,âœ—,-@@100,-@@100
<a href='https://hf.co/intfloat/multilingual-e5-large'>intfloat/multilingual-e5-large</a>,ğŸ”,-@@100,559890946.0,250002.0,512.0,âœ“,âœ—,-@@100,-@@100
<a href='https://hf.co/intfloat/multilingual-e5-base'>intfloat/multilingual-e5-base</a>,ğŸ”,-@@100,278044162.0,250002.0,512.0,âœ“,âœ—,-@@100,-@@100
<a href='https://hf.co/google/rembert'>google/rembert</a>,ğŸ”,-@@100,574602505.0,250300.0,512.0,âœ“,âœ—,-@@100,-@@100
fresh-xlm-roberta-base,ğŸ”,-@@100,278885778.0,250002.0,512.0,âœ“,âœ—,-@@100,-@@100
fresh-electra-small,ğŸ”,-@@100,13738755.0,32000.0,128.0,âœ“,âœ—,-@@100,-@@100
<a href='https://hf.co/facebook/MobileLLM-R1-950M'>facebook/MobileLLM-R1-950M</a>,ğŸ“,-@@100,949685760.0,128256.0,32768.0,âœ—,âœ—,4.22@@4.22,-@@100
<a href='https://hf.co/zai-org/GLM-4.5-Air'>zai-org/GLM-4.5-Air#no-thinking</a>,ğŸ“,-@@100,110468824832.0,151552.0,131072.0,âœ“,âœ—,2.10@@2.10,-@@100
<a href='https://hf.co/facebook/MobileLLM-R1-360M'>facebook/MobileLLM-R1-360M</a>,ğŸ“,-@@100,359431168.0,128256.0,32768.0,âœ—,âœ—,4.21@@4.21,-@@100
<a href='https://hf.co/facebook/MobileLLM-R1-360M-base'>facebook/MobileLLM-R1-360M-base</a>,ğŸ§ ,-@@100,359431168.0,128256.0,4096.0,âœ—,âœ—,4.15@@4.15,-@@100
<a href='https://hf.co/facebook/MobileLLM-R1-140M'>facebook/MobileLLM-R1-140M</a>,ğŸ¤”,-@@100,140248512.0,128256.0,32768.0,âœ—,âœ—,4.24@@4.24,-@@100
<a href='https://hf.co/facebook/MobileLLM-R1-140M-base'>facebook/MobileLLM-R1-140M-base</a>,ğŸ§ ,-@@100,140248512.0,128256.0,4096.0,âœ—,âœ—,4.15@@4.15,-@@100
"<a href='https://docs.anthropic.com/en/docs/about-claude'>claude-sonnet-4-20250514#no-thinking (zero-shot, val)</a>",ğŸ“,-@@100,?,?,?,âœ“,âœ—,1.88@@1.88,-@@100
"<a href='https://docs.anthropic.com/en/docs/about-claude'>claude-3-7-sonnet-20250219#no-thinking (zero-shot, val)</a>",ğŸ“,-@@100,?,?,200000.0,âœ“,âœ—,1.68@@1.68,-@@100
"<a href='https://docs.anthropic.com/en/docs/about-claude'>claude-3-5-haiku-20241022 (zero-shot, val)</a>",ğŸ“,-@@100,?,?,200000.0,âœ“,âœ—,2.18@@2.18,-@@100
<a href='https://hf.co/answerdotai/ModernBERT-large'>answerdotai/ModernBERT-large</a>,ğŸ”,-@@100,395881664.0,50368.0,8192.0,âœ“,âœ—,-@@100,-@@100
<a href='https://hf.co/answerdotai/ModernBERT-base'>answerdotai/ModernBERT-base</a>,ğŸ”,-@@100,149655232.0,50368.0,8192.0,âœ“,âœ—,-@@100,-@@100
<a href='https://hf.co/TildeAI/TildeOpen-30b'>TildeAI/TildeOpen-30b#slow-tokenizer</a>,ğŸ§ ,-@@100,30677882880.0,131072.0,65536.0,âœ“,âœ—,2.77@@2.77,-@@100
<a href='https://hf.co/kyutai/helium-1-2b'>kyutai/helium-1-2b</a>,ğŸ§ ,-@@100,2023868416.0,64000.0,4096.0,âœ“,âœ—,3.41@@3.41,-@@100
<a href='https://hf.co/zai-org/GLM-4.5-Air'>zai-org/GLM-4.5-Air#thinking</a>,ğŸ¤”,-@@100,110468824832.0,151552.0,131072.0,âœ“,âœ—,1.88@@1.88,-@@100
