<span style='font-size: 12px; font-weight: normal; opacity: 0.6;'>Task Type</span>,<span style='visibility: hidden;'>dummy</span>,,,,,,,,,
Model,Type,Rank,"<a href=""https://euroeval.com/tasks/european-values"">European Values</a>",Parameters,Vocabulary,Context,Commercial,Merge,Estonian,Finnish
"<a href='https://ai.google.dev/gemini-api/docs/models#gemini-3-flash-preview'>gemini/gemini-3-flash-preview#thinking (zero-shot, val)</a>",ğŸ¤”,1.33@@1.33,31.53,?,256128.0,1048576.0,âœ“,âœ—,1.25@@1.25,1.41@@1.41
"<a href='https://ai.google.dev/gemini-api/docs/models#gemini-3-pro-preview'>gemini/gemini-3-pro-preview (zero-shot, val)</a>",ğŸ¤”,1.34@@1.34,?,?,256128.0,1048576.0,âœ“,âœ—,1.27@@1.27,1.41@@1.41
"<a href='https://platform.openai.com/docs/models/gpt-5'>gpt-5-2025-08-07 (zero-shot, val)</a>",ğŸ¤”,1.41@@1.41,?,?,100256.0,272000.0,âœ“,âœ—,1.36@@1.36,1.46@@1.46
"<a href='https://ai.google.dev/gemini-api/docs/models#gemini-2.5-pro'>gemini/gemini-2.5-pro (zero-shot, val)</a>",ğŸ¤”,1.42@@1.42,?,?,256128.0,1048576.0,âœ“,âœ—,1.32@@1.32,1.52@@1.52
"<a href='https://ai.google.dev/gemini-api/docs/models#gemini-3-flash-preview'>gemini/gemini-3-flash-preview#no-thinking (zero-shot, val)</a>",ğŸ“,1.45@@1.45,?,?,256128.0,1048576.0,âœ“,âœ—,1.39@@1.39,1.51@@1.51
"<a href='https://docs.anthropic.com/en/docs/about-claude'>claude-sonnet-4-5-20250929#thinking (zero-shot, val)</a>",ğŸ¤”,1.56@@1.56,?,?,?,?,âœ“,âœ—,1.45@@1.45,1.67@@1.67
"<a href='https://ai.google.dev/gemini-api/docs/models#gemini-2.5-flash'>gemini/gemini-2.5-flash#thinking (zero-shot, val)</a>",ğŸ¤”,1.61@@1.61,?,?,256128.0,1048576.0,âœ“,âœ—,1.66@@1.66,1.56@@1.56
"<a href='https://platform.openai.com/docs/models/gpt-5.2'>gpt-5.2-2025-12-11 (zero-shot, val)</a>",ğŸ¤”,1.74@@1.74,39.82,?,?,?,âœ“,âœ—,1.84@@1.84,1.64@@1.64
"<a href='https://platform.openai.com/docs/models/gpt-4.1'>gpt-4.1-2025-04-14 (zero-shot, val)</a>",ğŸ“,1.74@@1.74,38.96,?,?,1047576.0,âœ“,âœ—,1.70@@1.70,1.78@@1.78
"<a href='https://docs.anthropic.com/en/docs/about-claude'>claude-3-7-sonnet-20250219#no-thinking (zero-shot, val)</a>",ğŸ“,1.74@@1.74,?,?,?,200000.0,âœ“,âœ—,1.80@@1.80,1.67@@1.67
<a href='https://hf.co/Qwen/Qwen3-235B-A22B-Thinking-2507-FP8'>Qwen/Qwen3-235B-A22B-Thinking-2507-FP8</a>,ğŸ¤”,1.77@@1.77,?,235107904512.0,151936.0,262144.0,âœ“,âœ—,1.91@@1.91,1.63@@1.63
<a href='https://hf.co/Qwen/Qwen3-235B-A22B-Instruct-2507-FP8'>Qwen/Qwen3-235B-A22B-Instruct-2507-FP8</a>,ğŸ“,1.77@@1.77,?,235107904512.0,151936.0,262144.0,âœ“,âœ—,1.97@@1.97,1.57@@1.57
<a href='https://hf.co/google/gemma-3-27b-pt'>google/gemma-3-27b-pt</a>,ğŸ§ ,1.79@@1.79,N/A,27432406640.0,262144.0,?,âœ“,âœ—,2.00@@2.00,1.58@@1.58
"<a href='https://platform.openai.com/docs/models/gpt-5-mini'>gpt-5-mini-2025-08-07 (zero-shot, val)</a>",ğŸ¤”,1.80@@1.80,?,?,100256.0,272000.0,âœ“,âœ—,1.81@@1.81,1.80@@1.80
"<a href='https://ai.google.dev/gemini-api/docs/models#gemini-2.5-flash-lite'>gemini/gemini-2.5-flash-lite#thinking (zero-shot, val)</a>",ğŸ¤”,1.82@@1.82,?,?,256128.0,1048576.0,âœ“,âœ—,1.83@@1.83,1.81@@1.81
"<a href='https://ai.google.dev/gemini-api/docs/models#gemini-2.5-flash'>gemini/gemini-2.5-flash#no-thinking (zero-shot, val)</a>",ğŸ“,1.84@@1.84,?,?,256128.0,1048576.0,âœ“,âœ—,1.94@@1.94,1.75@@1.75
<a href='https://hf.co/meta-llama/Llama-3.1-70B'>meta-llama/Llama-3.1-70B</a>,ğŸ§ ,1.84@@1.84,N/A,70553706496.0,128256.0,131072.0,âœ“,âœ—,2.03@@2.03,1.65@@1.65
<a href='https://hf.co/LumiOpen/Llama-Poro-2-70B-SFT'>LumiOpen/Llama-Poro-2-70B-SFT</a>,ğŸ“,1.88@@1.88,?,70553706496.0,128256.0,8192.0,âœ“,âœ—,2.24@@2.24,1.52@@1.52
<a href='https://hf.co/deepcogito/cogito-v1-preview-llama-70B'>deepcogito/cogito-v1-preview-llama-70B</a>,ğŸ“,1.89@@1.89,?,70553706496.0,128256.0,131072.0,âœ“,âœ—,2.04@@2.04,1.73@@1.73
<a href='https://hf.co/google/gemma-3-27b-it'>google/gemma-3-27b-it</a>,ğŸ“,1.90@@1.90,1.2,27432406640.0,262144.0,?,âœ“,âœ—,2.01@@2.01,1.78@@1.78
<a href='https://hf.co/deepcogito/cogito-v2-preview-llama-70B'>deepcogito/cogito-v2-preview-llama-70B</a>,ğŸ“,1.91@@1.91,30.51,70553706496.0,128256.0,131072.0,âœ“,âœ—,2.11@@2.11,1.71@@1.71
<a href='https://hf.co/meta-llama/Llama-3.3-70B-Instruct'>meta-llama/Llama-3.3-70B-Instruct</a>,ğŸ“,1.92@@1.92,4.75,70553706496.0,128256.0,131072.0,âœ“,âœ—,2.09@@2.09,1.76@@1.76
<a href='https://hf.co/mistralai/Mistral-Small-3.2-24B-Instruct-2506'>mistralai/Mistral-Small-3.2-24B-Instruct-2506</a>,ğŸ“,1.93@@1.93,?,24011361280.0,131072.0,?,âœ“,âœ—,2.16@@2.16,1.70@@1.70
"<a href='https://docs.anthropic.com/en/docs/about-claude'>claude-sonnet-4-5-20250929#no-thinking (zero-shot, val)</a>",ğŸ“,1.94@@1.94,?,?,?,?,âœ“,âœ—,2.09@@2.09,1.79@@1.79
<a href='https://hf.co/mistralai/Voxtral-Small-24B-2507'>mistralai/Voxtral-Small-24B-2507</a>,ğŸ“,1.95@@1.95,?,24261800960.0,131072.0,8192.0,âœ“,âœ—,2.15@@2.15,1.75@@1.75
<a href='https://hf.co/LumiOpen/Llama-Poro-2-70B-base'>LumiOpen/Llama-Poro-2-70B-base</a>,ğŸ§ ,1.96@@1.96,N/A,70553706496.0,128256.0,8192.0,âœ“,âœ—,2.37@@2.37,1.56@@1.56
"<a href='https://platform.openai.com/docs/models/gpt-4.1-mini'>gpt-4.1-mini-2025-04-14 (zero-shot, val)</a>",ğŸ“,1.96@@1.96,68.38,?,?,1047576.0,âœ“,âœ—,2.13@@2.13,1.80@@1.80
<a href='https://hf.co/mistralai/Mistral-Small-3.1-24B-Instruct-2503'>mistralai/Mistral-Small-3.1-24B-Instruct-2503</a>,ğŸ“,1.96@@1.96,?,24011361280.0,131072.0,?,âœ“,âœ—,2.35@@2.35,1.57@@1.57
<a href='https://hf.co/LumiOpen/Llama-Poro-2-70B-Instruct'>LumiOpen/Llama-Poro-2-70B-Instruct</a>,ğŸ“,1.97@@1.97,?,70553706496.0,128256.0,8192.0,âœ“,âœ—,2.26@@2.26,1.69@@1.69
"<a href='https://platform.openai.com/docs/models/gpt-5-nano'>gpt-5-nano-2025-08-07 (zero-shot, val)</a>",ğŸ¤”,1.97@@1.97,20.48,?,100256.0,272000.0,âœ“,âœ—,2.15@@2.15,1.80@@1.80
<a href='https://hf.co/Qwen/Qwen3-Next-80B-A3B-Instruct'>Qwen/Qwen3-Next-80B-A3B-Instruct</a>,ğŸ“,1.98@@1.98,?,81324862720.0,151936.0,262144.0,âœ“,âœ—,2.14@@2.14,1.82@@1.82
<a href='https://hf.co/mistralai/Magistral-Small-2509'>mistralai/Magistral-Small-2509</a>,ğŸ“,1.99@@1.99,?,24011361280.0,131072.0,8192.0,âœ“,âœ—,2.22@@2.22,1.77@@1.77
<a href='https://hf.co/mistralai/Mistral-Small-3.1-24B-Base-2503'>mistralai/Mistral-Small-3.1-24B-Base-2503</a>,ğŸ§ ,2.00@@2.00,N/A,24011361280.0,131072.0,?,âœ“,âœ—,2.23@@2.23,1.76@@1.76
<a href='https://hf.co/google/gemma-3-12b-pt'>google/gemma-3-12b-pt</a>,ğŸ§ ,2.02@@2.02,N/A,12187325040.0,262144.0,?,âœ“,âœ—,2.18@@2.18,1.86@@1.86
<a href='https://hf.co/Qwen/Qwen2.5-72B-Instruct'>Qwen/Qwen2.5-72B-Instruct</a>,ğŸ“,2.03@@2.03,6.75,72706203648.0,152064.0,32768.0,âœ“,âœ—,2.25@@2.25,1.82@@1.82
<a href='https://hf.co/Qwen/Qwen3-32B'>Qwen/Qwen3-32B#no-thinking</a>,ğŸ“,2.04@@2.04,9.09,32762123264.0,151936.0,40960.0,âœ“,âœ—,2.23@@2.23,1.86@@1.86
<a href='https://hf.co/deepcogito/cogito-v1-preview-qwen-32B'>deepcogito/cogito-v1-preview-qwen-32B</a>,ğŸ“,2.05@@2.05,2.69,32759790592.0,151665.0,131072.0,âœ“,âœ—,2.33@@2.33,1.76@@1.76
<a href='https://hf.co/google/gemma-3-12b-it'>google/gemma-3-12b-it</a>,ğŸ“,2.10@@2.10,0.63,12187325040.0,262144.0,?,âœ“,âœ—,2.28@@2.28,1.92@@1.92
<a href='https://hf.co/utter-project/EuroLLM-22B-Preview'>utter-project/EuroLLM-22B-Preview</a>,ğŸ§ ,2.12@@2.12,N/A,?,128000.0,4096.0,âœ“,âœ—,2.23@@2.23,2.01@@2.01
<a href='https://hf.co/Qwen/Qwen3-30B-A3B'>Qwen/Qwen3-30B-A3B#no-thinking</a>,ğŸ“,2.16@@2.16,?,30532122624.0,151936.0,40960.0,âœ“,âœ—,2.36@@2.36,1.96@@1.96
<a href='https://hf.co/Qwen/Qwen3-Next-80B-A3B-Thinking'>Qwen/Qwen3-Next-80B-A3B-Thinking</a>,ğŸ¤”,2.16@@2.16,?,81324862720.0,151936.0,262144.0,âœ“,âœ—,2.29@@2.29,2.03@@2.03
"<a href='https://ai.google.dev/gemini-api/docs/models#gemini-2.5-flash-lite'>gemini/gemini-2.5-flash-lite#no-thinking (zero-shot, val)</a>",ğŸ“,2.21@@2.21,?,?,256128.0,1048576.0,âœ“,âœ—,2.33@@2.33,2.10@@2.10
<a href='https://hf.co/Qwen/Qwen3-30B-A3B-Instruct-2507'>Qwen/Qwen3-30B-A3B-Instruct-2507</a>,ğŸ“,2.21@@2.21,3.58,30532122624.0,151936.0,262144.0,âœ“,âœ—,2.41@@2.41,2.00@@2.00
<a href='https://hf.co/Qwen/Qwen3-14B'>Qwen/Qwen3-14B#no-thinking</a>,ğŸ“,2.21@@2.21,11.58,14768307200.0,151936.0,40960.0,âœ“,âœ—,2.44@@2.44,1.97@@1.97
<a href='https://hf.co/speakleash/Bielik-11B-v3.0-Instruct'>speakleash/Bielik-11B-v3.0-Instruct</a>,ğŸ“,2.24@@2.24,2.63,11168796672.0,32128.0,32768.0,âœ“,âœ—,2.29@@2.29,2.18@@2.18
<a href='https://hf.co/zai-org/GLM-4.5-Air'>zai-org/GLM-4.5-Air#no-thinking</a>,ğŸ“,2.24@@2.24,?,110468824832.0,151552.0,131072.0,âœ“,âœ—,2.35@@2.35,2.14@@2.14
"<a href='https://docs.anthropic.com/en/docs/about-claude'>claude-haiku-4-5-20251001 (zero-shot, val)</a>",ğŸ¤”,2.25@@2.25,2.73,?,?,200000.0,âœ“,âœ—,2.51@@2.51,2.00@@2.00
<a href='https://hf.co/swiss-ai/Apertus-70B-Instruct-2509'>swiss-ai/Apertus-70B-Instruct-2509</a>,ğŸ“,2.26@@2.26,0.09,70599864480.0,131072.0,65536.0,âœ—,âœ—,2.29@@2.29,2.23@@2.23
<a href='https://hf.co/deepcogito/cogito-v1-preview-qwen-14B'>deepcogito/cogito-v1-preview-qwen-14B</a>,ğŸ“,2.27@@2.27,8.78,14765947904.0,151665.0,131072.0,âœ“,âœ—,2.53@@2.53,2.02@@2.02
<a href='https://hf.co/Qwen/Qwen3-30B-A3B'>Qwen/Qwen3-30B-A3B</a>,ğŸ¤”,2.27@@2.27,?,30532122624.0,151936.0,40960.0,âœ“,âœ—,2.63@@2.63,1.90@@1.90
<a href='https://hf.co/utter-project/EuroLLM-22B-Instruct-Preview'>utter-project/EuroLLM-22B-Instruct-Preview</a>,ğŸ“,2.28@@2.28,5.2,22637328384.0,128000.0,4096.0,âœ“,âœ—,2.27@@2.27,2.29@@2.29
<a href='https://hf.co/utter-project/EuroLLM-22B-2512'>utter-project/EuroLLM-22B-2512</a>,ğŸ§ ,2.29@@2.29,N/A,22637328384.0,128000.0,32768.0,âœ“,âœ—,2.17@@2.17,2.40@@2.40
<a href='https://hf.co/openai/gpt-oss-20b'>openai/gpt-oss-20b#medium</a>,ğŸ¤”,2.31@@2.31,?,21511953984.0,201088.0,131072.0,âœ“,âœ—,2.48@@2.48,2.14@@2.14
<a href='https://hf.co/utter-project/EuroLLM-22B-Instruct-2512'>utter-project/EuroLLM-22B-Instruct-2512</a>,ğŸ“,2.33@@2.33,0.1,22637328384.0,128000.0,32768.0,âœ“,âœ—,2.11@@2.11,2.55@@2.55
"<a href='https://docs.anthropic.com/en/docs/about-claude'>claude-3-5-haiku-20241022 (zero-shot, val)</a>",ğŸ“,2.35@@2.35,?,?,?,200000.0,âœ“,âœ—,2.57@@2.57,2.12@@2.12
<a href='https://hf.co/google/gemma-3n-E4B-it'>google/gemma-3n-E4B-it</a>,ğŸ“,2.37@@2.37,1.63,7849978192.0,262400.0,8192.0,âœ“,âœ—,2.60@@2.60,2.14@@2.14
<a href='https://hf.co/BSC-LT/ALIA-40b'>BSC-LT/ALIA-40b</a>,ğŸ§ ,2.37@@2.37,N/A,40433885184.0,256000.0,32768.0,âœ“,âœ—,2.27@@2.27,2.47@@2.47
<a href='https://hf.co/speakleash/Bielik-11B-v3-Base-20250730'>speakleash/Bielik-11B-v3-Base-20250730</a>,ğŸ§ ,2.38@@2.38,N/A,11168796672.0,32128.0,32768.0,âœ“,âœ—,2.50@@2.50,2.25@@2.25
<a href='https://hf.co/tartuNLP/Apertus-EstLLM-8B-1125'>tartuNLP/Apertus-EstLLM-8B-1125</a>,ğŸ§ ,2.39@@2.39,N/A,8053338176.0,131072.0,65536.0,âœ“,âœ—,2.43@@2.43,2.34@@2.34
<a href='https://hf.co/Qwen/Qwen3-8B'>Qwen/Qwen3-8B#no-thinking</a>,ğŸ“,2.40@@2.40,19.15,8190735360.0,151936.0,40960.0,âœ“,âœ—,2.70@@2.70,2.11@@2.11
<a href='https://hf.co/Qwen/Qwen3-14B'>Qwen/Qwen3-14B</a>,ğŸ¤”,2.40@@2.40,?,14768307200.0,151936.0,40960.0,âœ“,âœ—,2.83@@2.83,1.98@@1.98
<a href='https://hf.co/swiss-ai/Apertus-70B-2509'>swiss-ai/Apertus-70B-2509</a>,ğŸ§ ,2.41@@2.41,N/A,70599864480.0,131072.0,65536.0,âœ“,âœ—,2.34@@2.34,2.49@@2.49
<a href='https://hf.co/zai-org/GLM-4.5-Air'>zai-org/GLM-4.5-Air#thinking</a>,ğŸ¤”,2.42@@2.42,?,110468824832.0,151552.0,131072.0,âœ“,âœ—,2.57@@2.57,2.27@@2.27
<a href='https://hf.co/openai/gpt-oss-20b'>openai/gpt-oss-20b#low</a>,ğŸ¤”,2.45@@2.45,?,21511953984.0,201088.0,131072.0,âœ“,âœ—,2.72@@2.72,2.18@@2.18
<a href='https://hf.co/Qwen/Qwen3-4B-Thinking-2507'>Qwen/Qwen3-4B-Thinking-2507</a>,ğŸ¤”,2.45@@2.45,?,4022468096.0,151936.0,262144.0,âœ“,âœ—,2.69@@2.69,2.21@@2.21
<a href='https://hf.co/LumiOpen/Llama-Poro-2-8B-SFT'>LumiOpen/Llama-Poro-2-8B-SFT</a>,ğŸ“,2.46@@2.46,?,8030261248.0,128256.0,8192.0,âœ“,âœ—,2.81@@2.81,2.12@@2.12
<a href='https://hf.co/ibm-granite/granite-4.0-h-small'>ibm-granite/granite-4.0-h-small</a>,ğŸ“,2.46@@2.46,7.94,32207337984.0,100352.0,131072.0,âœ“,âœ—,2.69@@2.69,2.22@@2.22
<a href='https://hf.co/swiss-ai/Apertus-8B-Instruct-2509'>swiss-ai/Apertus-8B-Instruct-2509</a>,ğŸ“,2.48@@2.48,?,8053338176.0,131072.0,65536.0,âœ—,âœ—,2.58@@2.58,2.37@@2.37
<a href='https://hf.co/tartuNLP/Llama-3.1-EstLLM-8B-Instruct-0825'>tartuNLP/Llama-3.1-EstLLM-8B-Instruct-0825</a>,ğŸ“,2.50@@2.50,11.21,8030261248.0,128256.0,131072.0,âœ—,âœ—,2.35@@2.35,2.64@@2.64
<a href='https://hf.co/LumiOpen/Llama-Poro-2-8B-Instruct'>LumiOpen/Llama-Poro-2-8B-Instruct</a>,ğŸ“,2.51@@2.51,?,8030261248.0,128256.0,8192.0,âœ“,âœ—,2.84@@2.84,2.18@@2.18
<a href='https://hf.co/utter-project/EuroLLM-9B'>utter-project/EuroLLM-9B</a>,ğŸ§ ,2.51@@2.51,N/A,9152319488.0,128000.0,4096.0,âœ“,âœ—,2.80@@2.80,2.23@@2.23
<a href='https://hf.co/Qwen/Qwen3-8B'>Qwen/Qwen3-8B</a>,ğŸ¤”,2.51@@2.51,?,8190735360.0,151936.0,40960.0,âœ“,âœ—,2.89@@2.89,2.14@@2.14
<a href='https://hf.co/tartuNLP/Llama-3.1-EstLLM-8B-Instruct-1125'>tartuNLP/Llama-3.1-EstLLM-8B-Instruct-1125</a>,ğŸ“,2.53@@2.53,1.69,8030261248.0,128256.0,131072.0,âœ—,âœ“,2.37@@2.37,2.69@@2.69
<a href='https://hf.co/nvidia/NVIDIA-Nemotron-3-Nano-30B-A3B-BF16'>nvidia/NVIDIA-Nemotron-3-Nano-30B-A3B-BF16#no-thinking</a>,ğŸ“,2.55@@2.55,2.36,31577937344.0,131072.0,262144.0,âœ“,âœ—,3.03@@3.03,2.07@@2.07
"<a href='https://platform.openai.com/docs/models/gpt-4.1-nano'>gpt-4.1-nano-2025-04-14 (zero-shot, val)</a>",ğŸ“,2.55@@2.55,45.07,?,?,1047576.0,âœ“,âœ—,2.85@@2.85,2.25@@2.25
<a href='https://hf.co/swiss-ai/Apertus-8B-2509'>swiss-ai/Apertus-8B-2509</a>,ğŸ§ ,2.56@@2.56,N/A,8053338176.0,131072.0,65536.0,âœ“,âœ—,2.73@@2.73,2.39@@2.39
<a href='https://hf.co/utter-project/EuroLLM-9B-Instruct'>utter-project/EuroLLM-9B-Instruct</a>,ğŸ“,2.56@@2.56,0.05,9152319488.0,128000.0,4096.0,âœ—,âœ—,2.49@@2.49,2.63@@2.63
<a href='https://hf.co/TildeAI/TildeOpen-30b'>TildeAI/TildeOpen-30b#slow-tokenizer</a>,ğŸ§ ,2.57@@2.57,N/A,30677882880.0,131072.0,65536.0,âœ“,âœ—,2.68@@2.68,2.45@@2.45
<a href='https://hf.co/tartuNLP/Llama-3.1-EstLLM-8B-0525'>tartuNLP/Llama-3.1-EstLLM-8B-0525</a>,ğŸ§ ,2.57@@2.57,N/A,8030261248.0,128256.0,131072.0,âœ“,âœ—,2.53@@2.53,2.60@@2.60
<a href='https://hf.co/LumiOpen/Llama-Poro-2-8B-base'>LumiOpen/Llama-Poro-2-8B-base</a>,ğŸ§ ,2.58@@2.58,N/A,?,128256.0,8192.0,âœ“,âœ—,3.02@@3.02,2.13@@2.13
<a href='https://hf.co/meta-llama/Llama-3.1-8B-Instruct'>meta-llama/Llama-3.1-8B-Instruct</a>,ğŸ“,2.59@@2.59,0.66,8030261248.0,128256.0,131072.0,âœ“,âœ—,2.77@@2.77,2.41@@2.41
<a href='https://hf.co/Qwen/Qwen3-4B'>Qwen/Qwen3-4B</a>,ğŸ“,2.62@@2.62,?,4022468096.0,151936.0,40960.0,âœ“,âœ—,2.87@@2.87,2.37@@2.37
<a href='https://hf.co/Qwen/Qwen3-4B'>Qwen/Qwen3-4B#no-thinking</a>,ğŸ“,2.62@@2.62,16.89,4022468096.0,151936.0,40960.0,âœ“,âœ—,2.87@@2.87,2.37@@2.37
<a href='https://hf.co/allenai/Olmo-3.1-32B-Instruct-SFT'>allenai/Olmo-3.1-32B-Instruct-SFT</a>,ğŸ“,2.63@@2.63,27.77,32233522176.0,100278.0,65536.0,âœ—,âœ—,2.93@@2.93,2.33@@2.33
<a href='https://hf.co/mii-llm/nesso-4B'>mii-llm/nesso-4B</a>,ğŸ“,2.63@@2.63,0.76,4022468096.0,151936.0,262144.0,âœ—,âœ—,2.83@@2.83,2.43@@2.43
<a href='https://hf.co/allenai/OLMo-2-0325-32B-Instruct'>allenai/OLMo-2-0325-32B-Instruct</a>,ğŸ“,2.63@@2.63,0.49,32234279936.0,100352.0,4096.0,âœ—,âœ—,2.82@@2.82,2.44@@2.44
<a href='https://hf.co/allenai/Llama-3.1-Tulu-3-8B-SFT'>allenai/Llama-3.1-Tulu-3-8B-SFT</a>,ğŸ“,2.63@@2.63,14.49,8030326784.0,128264.0,131072.0,âœ“,âœ—,2.82@@2.82,2.43@@2.43
<a href='https://hf.co/allenai/Olmo-3.1-32B-Instruct-DPO'>allenai/Olmo-3.1-32B-Instruct-DPO</a>,ğŸ“,2.65@@2.65,0.84,32233522176.0,100278.0,65536.0,âœ—,âœ—,2.99@@2.99,2.32@@2.32
<a href='https://hf.co/allenai/Olmo-3.1-32B-Instruct'>allenai/Olmo-3.1-32B-Instruct</a>,ğŸ“,2.66@@2.66,0.26,32233522176.0,100278.0,65536.0,âœ—,âœ—,2.96@@2.96,2.36@@2.36
<a href='https://hf.co/Qwen/Qwen3-4B-Instruct-2507'>Qwen/Qwen3-4B-Instruct-2507</a>,ğŸ“,2.66@@2.66,?,4022468096.0,151936.0,262144.0,âœ“,âœ—,2.85@@2.85,2.47@@2.47
<a href='https://hf.co/meta-llama/Llama-3.1-8B'>meta-llama/Llama-3.1-8B</a>,ğŸ§ ,2.68@@2.68,N/A,8030261248.0,128256.0,131072.0,âœ“,âœ—,3.01@@3.01,2.34@@2.34
<a href='https://hf.co/allenai/Olmo-3-1125-32B'>allenai/Olmo-3-1125-32B</a>,ğŸ§ ,2.68@@2.68,N/A,32233522176.0,100278.0,65536.0,âœ“,âœ—,3.00@@3.00,2.36@@2.36
<a href='https://hf.co/upstage/SOLAR-10.7B-v1.0'>upstage/SOLAR-10.7B-v1.0</a>,ğŸ§ ,2.69@@2.69,N/A,10731524096.0,32000.0,4096.0,âœ“,âœ—,3.17@@3.17,2.20@@2.20
<a href='https://hf.co/speakleash/Bielik-11B-v2.3-Instruct'>speakleash/Bielik-11B-v2.3-Instruct</a>,ğŸ“,2.69@@2.69,14.51,11168796672.0,32128.0,32768.0,âœ“,âœ“,3.10@@3.10,2.28@@2.28
<a href='https://hf.co/google/gemma-3-4b-pt'>google/gemma-3-4b-pt</a>,ğŸ§ ,2.71@@2.71,N/A,4300079472.0,262144.0,8192.0,âœ“,âœ—,2.93@@2.93,2.50@@2.50
<a href='https://hf.co/baidu/ERNIE-4.5-21B-A3B-PT'>baidu/ERNIE-4.5-21B-A3B-PT</a>,ğŸ“,2.71@@2.71,0.11,21948655808.0,103424.0,131072.0,âœ“,âœ—,2.95@@2.95,2.47@@2.47
<a href='https://hf.co/openai/gpt-oss-20b'>openai/gpt-oss-20b#high</a>,ğŸ¤”,2.76@@2.76,?,21511953984.0,201088.0,131072.0,âœ“,âœ—,3.06@@3.06,2.45@@2.45
<a href='https://hf.co/deepcogito/cogito-v1-preview-llama-8B'>deepcogito/cogito-v1-preview-llama-8B</a>,ğŸ“,2.76@@2.76,14.88,8030261248.0,128256.0,131072.0,âœ“,âœ—,2.88@@2.88,2.64@@2.64
<a href='https://hf.co/google/gemma-3-4b-it'>google/gemma-3-4b-it</a>,ğŸ“,2.84@@2.84,2.61,4300079472.0,262144.0,8192.0,âœ“,âœ—,2.97@@2.97,2.72@@2.72
<a href='https://hf.co/ibm-granite/granite-4.0-h-micro'>ibm-granite/granite-4.0-h-micro</a>,ğŸ“,2.84@@2.84,6.83,3191396096.0,100352.0,131072.0,âœ“,âœ—,3.11@@3.11,2.57@@2.57
<a href='https://hf.co/ibm-granite/granite-4.0-micro'>ibm-granite/granite-4.0-micro</a>,ğŸ“,2.91@@2.91,9.25,3402836480.0,100352.0,131072.0,âœ“,âœ—,3.15@@3.15,2.67@@2.67
<a href='https://hf.co/meta-llama/Llama-3.2-3B-Instruct'>meta-llama/Llama-3.2-3B-Instruct</a>,ğŸ“,2.95@@2.95,8.82,3212749824.0,128256.0,131072.0,âœ“,âœ—,3.21@@3.21,2.68@@2.68
<a href='https://hf.co/Qwen/Qwen3-1.7B'>Qwen/Qwen3-1.7B#no-thinking</a>,ğŸ“,2.97@@2.97,25.11,2031739904.0,151936.0,40960.0,âœ“,âœ—,3.19@@3.19,2.76@@2.76
<a href='https://hf.co/speakleash/Bielik-11B-v2.6-Instruct'>speakleash/Bielik-11B-v2.6-Instruct</a>,ğŸ“,2.97@@2.97,22.18,11168796672.0,32128.0,32768.0,âœ“,âœ—,3.19@@3.19,2.75@@2.75
<a href='https://hf.co/allenai/Olmo-3-1025-7B'>allenai/Olmo-3-1025-7B</a>,ğŸ§ ,2.97@@2.97,N/A,7298011136.0,100278.0,65536.0,âœ“,âœ—,3.37@@3.37,2.57@@2.57
<a href='https://hf.co/Qwen/Qwen3-1.7B'>Qwen/Qwen3-1.7B</a>,ğŸ“,2.97@@2.97,?,2031739904.0,151936.0,40960.0,âœ“,âœ—,3.18@@3.18,2.76@@2.76
<a href='https://hf.co/nvidia/NVIDIA-Nemotron-Nano-9B-v2'>nvidia/NVIDIA-Nemotron-Nano-9B-v2</a>,ğŸ¤”,3.01@@3.01,?,8888227328.0,131072.0,131072.0,âœ“,âœ—,3.34@@3.34,2.68@@2.68
<a href='https://hf.co/mistralai/Voxtral-Mini-3B-2507'>mistralai/Voxtral-Mini-3B-2507</a>,ğŸ“,3.02@@3.02,?,4676271104.0,131072.0,?,âœ“,âœ—,3.57@@3.57,2.47@@2.47
<a href='https://hf.co/ibm-granite/granite-4.0-h-tiny'>ibm-granite/granite-4.0-h-tiny</a>,ğŸ“,3.04@@3.04,0.03,6939037248.0,100352.0,131072.0,âœ“,âœ—,3.26@@3.26,2.82@@2.82
<a href='https://hf.co/speakleash/Bielik-4.5B-v3.0-Instruct'>speakleash/Bielik-4.5B-v3.0-Instruct</a>,ğŸ“,3.09@@3.09,4.72,4757260288.0,32000.0,32768.0,âœ“,âœ—,3.56@@3.56,2.62@@2.62
<a href='https://hf.co/occiglot/occiglot-7b-eu5-instruct'>occiglot/occiglot-7b-eu5-instruct</a>,ğŸ“,3.12@@3.12,12.74,7241748480.0,32002.0,32768.0,âœ—,âœ—,3.44@@3.44,2.80@@2.80
<a href='https://hf.co/tartuNLP/Apertus-EstLLM-8B-Instruct-1125'>tartuNLP/Apertus-EstLLM-8B-Instruct-1125</a>,ğŸ“,3.15@@3.15,2.6,8053338176.0,131072.0,65536.0,âœ—,âœ—,3.21@@3.21,3.09@@3.09
<a href='https://hf.co/TrustLLMeu/baseline-7-8b_2-3t-tokens_llama'>TrustLLMeu/baseline-7-8b_2-3t-tokens_llama</a>,ğŸ§ ,3.17@@3.17,N/A,7799574528.0,100096.0,4096.0,âœ“,âœ—,3.54@@3.54,2.81@@2.81
<a href='https://hf.co/Qwen/Qwen2.5-1.5B-Instruct'>Qwen/Qwen2.5-1.5B-Instruct</a>,ğŸ“,3.18@@3.18,0.99,1543714304.0,151936.0,32768.0,âœ“,âœ—,3.42@@3.42,2.94@@2.94
<a href='https://hf.co/occiglot/occiglot-7b-eu5'>occiglot/occiglot-7b-eu5</a>,ğŸ§ ,3.18@@3.18,N/A,7241732096.0,32000.0,32768.0,âœ“,âœ—,3.58@@3.58,2.77@@2.77
<a href='https://hf.co/Finnish-NLP/Ahma-2-4B-Instruct'>Finnish-NLP/Ahma-2-4B-Instruct</a>,ğŸ“,3.19@@3.19,15.16,3880099328.0,262144.0,131072.0,âœ“,âœ—,3.30@@3.30,3.09@@3.09
<a href='https://hf.co/allenai/Olmo-3-7B-Instruct-DPO'>allenai/Olmo-3-7B-Instruct-DPO</a>,ğŸ“,3.20@@3.20,0.21,7298011136.0,100278.0,65536.0,âœ—,âœ—,3.49@@3.49,2.91@@2.91
<a href='https://hf.co/allenai/Olmo-3-7B-Instruct'>allenai/Olmo-3-7B-Instruct</a>,ğŸ“,3.20@@3.20,0.01,7298011136.0,100278.0,65536.0,âœ—,âœ—,3.51@@3.51,2.89@@2.89
<a href='https://hf.co/BSC-LT/salamandra-7b'>BSC-LT/salamandra-7b</a>,ğŸ§ ,3.24@@3.24,N/A,7768117248.0,256000.0,8192.0,âœ“,âœ—,3.45@@3.45,3.04@@3.04
<a href='https://hf.co/deepcogito/cogito-v1-preview-llama-3B'>deepcogito/cogito-v1-preview-llama-3B</a>,ğŸ“,3.25@@3.25,13.66,3606752256.0,128256.0,131072.0,âœ“,âœ—,3.44@@3.44,3.06@@3.06
<a href='https://hf.co/allenai/Olmo-3-7B-Instruct-SFT'>allenai/Olmo-3-7B-Instruct-SFT</a>,ğŸ“,3.27@@3.27,1.93,7298011136.0,100278.0,65536.0,âœ—,âœ—,3.61@@3.61,2.94@@2.94
<a href='https://hf.co/HuggingFaceTB/SmolLM3-3B-Base'>HuggingFaceTB/SmolLM3-3B-Base</a>,ğŸ§ ,3.28@@3.28,N/A,3075098624.0,128256.0,65536.0,âœ“,âœ—,3.58@@3.58,2.99@@2.99
<a href='https://hf.co/arcee-ai/AFM-4.5B-Base'>arcee-ai/AFM-4.5B-Base</a>,ğŸ§ ,3.31@@3.31,N/A,4619184640.0,128004.0,65536.0,âœ“,âœ—,3.62@@3.62,3.00@@3.00
<a href='https://hf.co/HuggingFaceTB/SmolLM3-3B'>HuggingFaceTB/SmolLM3-3B#no-thinking</a>,ğŸ“,3.34@@3.34,3.63,3075098624.0,128256.0,65536.0,âœ“,âœ—,3.57@@3.57,3.12@@3.12
<a href='https://hf.co/BSC-LT/salamandra-7b-instruct'>BSC-LT/salamandra-7b-instruct</a>,ğŸ“,3.36@@3.36,3.33,7768117248.0,256000.0,8192.0,âœ“,âœ—,3.30@@3.30,3.43@@3.43
<a href='https://hf.co/arcee-ai/Trinity-Nano-Preview'>arcee-ai/Trinity-Nano-Preview</a>,ğŸ“,3.38@@3.38,0.34,6120003328.0,200192.0,131072.0,âœ“,âœ—,3.67@@3.67,3.09@@3.09
<a href='https://hf.co/arcee-ai/Trinity-Mini-Base'>arcee-ai/Trinity-Mini-Base</a>,ğŸ“,3.42@@3.42,5.08,26123974400.0,200192.0,131072.0,âœ“,âœ—,3.64@@3.64,3.19@@3.19
<a href='https://hf.co/LiquidAI/LFM2-2.6B'>LiquidAI/LFM2-2.6B</a>,ğŸ“,3.44@@3.44,0.85,2569272320.0,65536.0,128000.0,âœ—,âœ—,3.65@@3.65,3.23@@3.23
<a href='https://hf.co/kyutai/helium-1-2b'>kyutai/helium-1-2b</a>,ğŸ§ ,3.48@@3.48,N/A,2023868416.0,64000.0,4096.0,âœ“,âœ—,3.50@@3.50,3.46@@3.46
<a href='https://hf.co/arcee-ai/AFM-4.5B'>arcee-ai/AFM-4.5B</a>,ğŸ“,3.48@@3.48,0.8,4619189760.0,128005.0,65536.0,âœ“,âœ—,3.77@@3.77,3.18@@3.18
<a href='https://hf.co/speakleash/Bielik-1.5B-v3.0-Instruct'>speakleash/Bielik-1.5B-v3.0-Instruct</a>,ğŸ“,3.48@@3.48,8.1,1596507648.0,32000.0,8192.0,âœ“,âœ—,3.88@@3.88,3.09@@3.09
<a href='https://hf.co/google/gemma-3-1b-pt'>google/gemma-3-1b-pt</a>,ğŸ§ ,3.49@@3.49,N/A,999885952.0,262144.0,32768.0,âœ“,âœ—,3.74@@3.74,3.24@@3.24
<a href='https://hf.co/Qwen/Qwen3-0.6B'>Qwen/Qwen3-0.6B</a>,ğŸ¤”,3.51@@3.51,?,751632384.0,151936.0,40960.0,âœ“,âœ—,3.83@@3.83,3.19@@3.19
<a href='https://hf.co/utter-project/EuroMoE-2.6B-A0.6B-Preview'>utter-project/EuroMoE-2.6B-A0.6B-Preview</a>,ğŸ§ ,3.52@@3.52,N/A,2611528704.0,128000.0,4096.0,âœ“,âœ—,3.81@@3.81,3.22@@3.22
<a href='https://hf.co/Qwen/Qwen3-0.6B'>Qwen/Qwen3-0.6B#no-thinking</a>,ğŸ“,3.53@@3.53,4.85,751632384.0,151936.0,40960.0,âœ“,âœ—,3.87@@3.87,3.19@@3.19
<a href='https://hf.co/arcee-ai/Trinity-Nano-Base'>arcee-ai/Trinity-Nano-Base</a>,ğŸ“,3.56@@3.56,10.55,6120003328.0,200192.0,131072.0,âœ“,âœ—,3.86@@3.86,3.26@@3.26
<a href='https://hf.co/google/gemma-3-1b-it'>google/gemma-3-1b-it</a>,ğŸ“,3.58@@3.58,6.07,999885952.0,262144.0,32768.0,âœ“,âœ—,3.70@@3.70,3.46@@3.46
<a href='https://hf.co/meta-llama/Llama-3.2-1B'>meta-llama/Llama-3.2-1B</a>,ğŸ§ ,3.62@@3.62,N/A,1235814400.0,128256.0,131072.0,âœ“,âœ—,3.99@@3.99,3.24@@3.24
<a href='https://hf.co/yulan-team/YuLan-Mini-Instruct'>yulan-team/YuLan-Mini-Instruct</a>,ğŸ“,3.62@@3.62,0.12,2424375168.0,99000.0,28723.0,âœ—,âœ—,3.81@@3.81,3.42@@3.42
<a href='https://hf.co/PleIAs/Pleias-1.2b-Preview'>PleIAs/Pleias-1.2b-Preview</a>,ğŸ§ ,3.65@@3.65,N/A,1195468800.0,65536.0,2048.0,âœ“,âœ—,3.89@@3.89,3.41@@3.41
<a href='https://hf.co/utter-project/EuroMoE-2.6B-A0.6B-Instruct-Preview'>utter-project/EuroMoE-2.6B-A0.6B-Instruct-Preview</a>,ğŸ“,3.66@@3.66,2.25,2611528704.0,128000.0,4096.0,âœ“,âœ—,3.85@@3.85,3.46@@3.46
<a href='https://hf.co/PleIAs/Pleias-3b-Preview'>PleIAs/Pleias-3b-Preview</a>,ğŸ§ ,3.74@@3.74,N/A,3211926528.0,65536.0,4096.0,âœ“,âœ—,3.89@@3.89,3.58@@3.58
<a href='https://hf.co/facebook/MobileLLM-R1-950M-base'>facebook/MobileLLM-R1-950M-base</a>,ğŸ§ ,3.86@@3.86,N/A,949685760.0,128256.0,4096.0,âœ—,âœ—,4.13@@4.13,3.58@@3.58
<a href='https://hf.co/nvidia/NVIDIA-Nemotron-Nano-9B-v2'>nvidia/NVIDIA-Nemotron-Nano-9B-v2#no-thinking</a>,ğŸ“,3.92@@3.92,?,8888227328.0,131072.0,131072.0,âœ“,âœ—,3.85@@3.85,4.00@@4.00
<a href='https://hf.co/PleIAs/Pleias-350m-Preview'>PleIAs/Pleias-350m-Preview</a>,ğŸ§ ,3.96@@3.96,N/A,353424384.0,65536.0,2048.0,âœ“,âœ—,4.03@@4.03,3.88@@3.88
<a href='https://hf.co/meta-llama/Llama-3.2-1B-Instruct'>meta-llama/Llama-3.2-1B-Instruct</a>,ğŸ“,3.96@@3.96,0.28,1235814400.0,128256.0,131072.0,âœ“,âœ—,4.03@@4.03,3.89@@3.89
<a href='https://hf.co/LiquidAI/LFM2.5-1.2B-Base'>LiquidAI/LFM2.5-1.2B-Base</a>,ğŸ“,3.98@@3.98,9.3,1170340608.0,65536.0,128000.0,âœ—,âœ—,4.03@@4.03,3.94@@3.94
<a href='https://hf.co/baidu/ERNIE-4.5-0.3B-PT'>baidu/ERNIE-4.5-0.3B-PT</a>,ğŸ“,4.00@@4.00,3.46,?,103424.0,131072.0,âœ“,âœ—,4.03@@4.03,3.98@@3.98
<a href='https://hf.co/google/gemma-3-270m-it'>google/gemma-3-270m-it</a>,ğŸ“,4.03@@4.03,11.27,268098176.0,262144.0,32768.0,âœ“,âœ—,4.01@@4.01,4.05@@4.05
<a href='https://hf.co/google/gemma-3-270m'>google/gemma-3-270m</a>,ğŸ§ ,4.14@@4.14,N/A,268098176.0,262144.0,32768.0,âœ“,âœ—,4.16@@4.16,4.13@@4.13
<a href='https://hf.co/LiquidAI/LFM2-1.2B'>LiquidAI/LFM2-1.2B</a>,ğŸ“,4.17@@4.17,0.04,1170340608.0,65536.0,128000.0,âœ—,âœ—,4.15@@4.15,4.19@@4.19
<a href='https://hf.co/LiquidAI/LFM2-700M'>LiquidAI/LFM2-700M</a>,ğŸ“,4.21@@4.21,3.99,742489344.0,65536.0,128000.0,âœ—,âœ—,4.16@@4.16,4.25@@4.25
<a href='https://hf.co/LiquidAI/LFM2.5-1.2B-Instruct'>LiquidAI/LFM2.5-1.2B-Instruct</a>,ğŸ“,4.21@@4.21,0.04,1170340608.0,65536.0,128000.0,âœ—,âœ—,4.27@@4.27,4.14@@4.14
<a href='https://hf.co/tiiuae/Falcon-H1-Tiny-Multilingual-100M-Instruct'>tiiuae/Falcon-H1-Tiny-Multilingual-100M-Instruct</a>,ğŸ“,4.25@@4.25,16.09,107908288.0,65536.0,262144.0,âœ“,âœ—,4.23@@4.23,4.27@@4.27
<a href='https://hf.co/HuggingFaceTB/SmolLM2-360M'>HuggingFaceTB/SmolLM2-360M</a>,ğŸ§ ,4.25@@4.25,N/A,361821120.0,49152.0,8192.0,âœ“,âœ—,4.27@@4.27,4.23@@4.23
<a href='https://hf.co/tencent/Hunyuan-1.8B-Instruct'>tencent/Hunyuan-1.8B-Instruct</a>,ğŸ¤”,4.31@@4.31,?,1791080448.0,120818.0,262144.0,âœ“,âœ—,4.45@@4.45,4.18@@4.18
<a href='https://hf.co/HuggingFaceTB/SmolLM2-360M-Instruct'>HuggingFaceTB/SmolLM2-360M-Instruct</a>,ğŸ“,4.31@@4.31,5.43,361821120.0,49152.0,8192.0,âœ“,âœ—,4.28@@4.28,4.33@@4.33
<a href='https://hf.co/HuggingFaceTB/SmolLM2-135M'>HuggingFaceTB/SmolLM2-135M</a>,ğŸ§ ,4.33@@4.33,N/A,134515008.0,49152.0,8192.0,âœ“,âœ—,4.33@@4.33,4.32@@4.32
<a href='https://hf.co/facebook/MobileLLM-R1-360M-base'>facebook/MobileLLM-R1-360M-base</a>,ğŸ§ ,4.33@@4.33,N/A,359431168.0,128256.0,4096.0,âœ—,âœ—,4.26@@4.26,4.40@@4.40
<a href='https://hf.co/HuggingFaceTB/SmolLM2-135M-Instruct'>HuggingFaceTB/SmolLM2-135M-Instruct</a>,ğŸ“,4.34@@4.34,4.93,134515008.0,49152.0,8192.0,âœ“,âœ—,4.30@@4.30,4.37@@4.37
<a href='https://hf.co/LiquidAI/LFM2-350M'>LiquidAI/LFM2-350M</a>,ğŸ“,4.37@@4.37,0.87,354483968.0,65536.0,128000.0,âœ—,âœ—,4.26@@4.26,4.47@@4.47
<a href='https://hf.co/LiquidAI/LFM2.5-1.2B-Thinking'>LiquidAI/LFM2.5-1.2B-Thinking</a>,ğŸ¤”,4.39@@4.39,?,1170340608.0,65536.0,128000.0,âœ—,âœ—,4.27@@4.27,4.50@@4.50
<a href='https://hf.co/tiiuae/Falcon-H1-Tiny-Multilingual-100M-Base'>tiiuae/Falcon-H1-Tiny-Multilingual-100M-Base</a>,ğŸ§ ,4.43@@4.43,N/A,107908288.0,65536.0,262144.0,âœ“,âœ—,4.38@@4.38,4.47@@4.47
<a href='https://hf.co/Shekswess/trlm-135m'>Shekswess/trlm-135m</a>,ğŸ“,4.50@@4.50,?,134516160.0,49154.0,8192.0,âœ“,âœ—,4.32@@4.32,4.67@@4.67
<a href='https://hf.co/facebook/MobileLLM-R1-950M'>facebook/MobileLLM-R1-950M</a>,ğŸ“,4.53@@4.53,?,949685760.0,128256.0,32768.0,âœ—,âœ—,4.33@@4.33,4.72@@4.72
<a href='https://hf.co/facebook/MobileLLM-R1-140M-base'>facebook/MobileLLM-R1-140M-base</a>,ğŸ§ ,4.58@@4.58,N/A,140248512.0,128256.0,4096.0,âœ—,âœ—,4.48@@4.48,4.67@@4.67
<a href='https://hf.co/facebook/MobileLLM-R1-360M'>facebook/MobileLLM-R1-360M</a>,ğŸ“,4.59@@4.59,?,359431168.0,128256.0,32768.0,âœ—,âœ—,4.52@@4.52,4.66@@4.66
<a href='https://hf.co/PleIAs/Monad'>PleIAs/Monad</a>,ğŸ§ ,4.73@@4.73,N/A,56656128.0,8192.0,2048.0,âœ“,âœ—,4.65@@4.65,4.82@@4.82
<a href='https://hf.co/PleIAs/Baguettotron'>PleIAs/Baguettotron@refs/pr/6#no-thinking</a>,ğŸ“,4.82@@4.82,0.37,320956992.0,65536.0,4096.0,âœ“,âœ—,4.64@@4.64,4.99@@4.99
<a href='https://hf.co/facebook/MobileLLM-R1-140M'>facebook/MobileLLM-R1-140M</a>,ğŸ¤”,5.58@@5.58,?,140248512.0,128256.0,32768.0,âœ—,âœ—,5.26@@5.26,5.91@@5.91
<a href='https://hf.co/intfloat/multilingual-e5-large'>intfloat/multilingual-e5-large</a>,ğŸ”,-@@100,N/A,559890946.0,250002.0,512.0,âœ“,âœ—,-@@100,-@@100
<a href='https://hf.co/intfloat/multilingual-e5-base'>intfloat/multilingual-e5-base</a>,ğŸ”,-@@100,N/A,278044162.0,250002.0,512.0,âœ“,âœ—,-@@100,-@@100
<a href='https://hf.co/jhu-clsp/mmBERT-base'>jhu-clsp/mmBERT-base</a>,ğŸ”,-@@100,N/A,307531778.0,256000.0,8192.0,âœ“,âœ—,-@@100,-@@100
<a href='https://hf.co/jhu-clsp/mmBERT-small'>jhu-clsp/mmBERT-small</a>,ğŸ”,-@@100,N/A,140642306.0,256000.0,8192.0,âœ“,âœ—,-@@100,-@@100
"<a href='https://platform.openai.com/docs/models/gpt-5-nano'>gpt-5-nano-2025-08-07#high (zero-shot, val)</a>",ğŸ¤”,-@@100,?,?,100256.0,272000.0,âœ“,âœ—,-@@100,1.75@@1.75
"<a href='https://platform.openai.com/docs/models/gpt-5-nano'>gpt-5-nano-2025-08-07#minimal (zero-shot, val)</a>",ğŸ¤”,-@@100,?,?,100256.0,272000.0,âœ“,âœ—,-@@100,2.49@@2.49
<a href='https://hf.co/google/rembert'>google/rembert</a>,ğŸ”,-@@100,N/A,574594434.0,250300.0,512.0,âœ“,âœ—,-@@100,-@@100
"<a href='https://platform.openai.com/docs/models/gpt-5-mini'>gpt-5-mini-2025-08-07#high (zero-shot, val)</a>",ğŸ¤”,-@@100,?,?,100256.0,272000.0,âœ“,âœ—,-@@100,1.69@@1.69
<a href='https://hf.co/ibm-granite/granite-20b-code-instruct'>ibm-granite/granite-20b-code-instruct</a>,ğŸ“,-@@100,?,20066993152.0,49152.0,8192.0,âœ“,âœ—,-@@100,2.84@@2.84
<a href='https://hf.co/ibm-granite/granite-34b-code-base'>ibm-granite/granite-34b-code-base</a>,ğŸ§ ,-@@100,N/A,33715603456.0,49152.0,8192.0,âœ“,âœ—,-@@100,2.53@@2.53
"<a href='https://platform.openai.com/docs/models/gpt-5'>gpt-5-2025-08-07#minimal (zero-shot, val)</a>",ğŸ¤”,-@@100,?,?,100256.0,272000.0,âœ“,âœ—,-@@100,1.57@@1.57
"<a href='https://platform.openai.com/docs/models/gpt-5'>gpt-5-2025-08-07#high (zero-shot, val)</a>",ğŸ¤”,-@@100,?,?,100256.0,272000.0,âœ“,âœ—,-@@100,1.43@@1.43
"<a href='https://platform.openai.com/docs/models/gpt-4o-mini'>gpt-4o-mini-2024-07-18 (zero-shot, val)</a>",ğŸ“,-@@100,?,?,200019.0,128000.0,âœ“,âœ—,-@@100,2.07@@2.07
"<a href='https://platform.openai.com/docs/models/gpt-4o'>gpt-4o-2024-05-13 (zero-shot, val)</a>",ğŸ“,-@@100,?,?,200019.0,128000.0,âœ“,âœ—,-@@100,1.72@@1.72
<a href='https://hf.co/ibm-granite/granite-34b-code-instruct'>ibm-granite/granite-34b-code-instruct</a>,ğŸ“,-@@100,?,33715603456.0,49152.0,8192.0,âœ“,âœ—,-@@100,2.61@@2.61
<a href='https://hf.co/ibm-granite/granite-20b-code-base'>ibm-granite/granite-20b-code-base</a>,ğŸ§ ,-@@100,N/A,20066993152.0,49152.0,8192.0,âœ“,âœ—,-@@100,2.65@@2.65
<a href='https://hf.co/google/gemma-3-27b-it'>google/gemma-3-27b-it (zero-shot)</a>,ğŸ“,-@@100,1.2,27432406640.0,262144.0,?,âœ“,âœ—,-@@100,2.31@@2.31
"<a href='https://platform.openai.com/docs/models/gpt-5-mini'>gpt-5-mini-2025-08-07#minimal (zero-shot, val)</a>",ğŸ¤”,-@@100,?,?,100256.0,272000.0,âœ“,âœ—,-@@100,2.03@@2.03
<a href='https://hf.co/google/gemma-3n-E4B'>google/gemma-3n-E4B</a>,ğŸ§ ,-@@100,N/A,7849978192.0,262400.0,?,âœ“,âœ—,-@@100,2.25@@2.25
<a href='https://hf.co/mistralai/Mistral-7B-Instruct-v0.2'>mistralai/Mistral-7B-Instruct-v0.2</a>,ğŸ“,-@@100,?,7241732096.0,32000.0,32768.0,âœ—,âœ—,-@@100,3.15@@3.15
<a href='https://hf.co/meta-llama/Llama-2-70b-chat-hf'>meta-llama/Llama-2-70b-chat-hf</a>,ğŸ“,-@@100,?,68976653312.0,32000.0,4096.0,âœ“,âœ—,-@@100,2.70@@2.70
<a href='https://hf.co/tartuNLP/EstBERT'>tartuNLP/EstBERT</a>,ğŸ”,-@@100,N/A,124493392.0,50005.0,512.0,âœ“,âœ—,-@@100,-@@100
<a href='https://hf.co/tencent/Hunyuan-4B-Instruct'>tencent/Hunyuan-4B-Instruct</a>,ğŸ¤”,-@@100,?,4221757440.0,120818.0,262144.0,âœ“,âœ—,-@@100,-@@100
"xai/grok-3-mini-beta#high (zero-shot, val)</a>",ğŸ¤”,-@@100,?,?,?,131072.0,âœ“,âœ—,-@@100,2.04@@2.04
"xai/grok-3-beta (zero-shot, val)</a>",ğŸ“,-@@100,?,?,?,131072.0,âœ“,âœ—,-@@100,1.79@@1.79
"<a href='https://docs.x.ai/docs/models'>xai/grok-2-1212 (zero-shot, val)</a>",ğŸ“,-@@100,?,?,?,131072.0,âœ“,âœ—,-@@100,1.84@@1.84
<a href='https://hf.co/utter-project/EuroVLM-1.7B-Preview'>utter-project/EuroVLM-1.7B-Preview</a>,ğŸ“,-@@100,?,2061162016.0,128000.0,?,âœ“,âœ—,-@@100,3.81@@3.81
<a href='https://hf.co/utter-project/EuroLLM-1.7B'>utter-project/EuroLLM-1.7B</a>,ğŸ§ ,-@@100,N/A,?,128000.0,4096.0,âœ“,âœ—,-@@100,3.10@@3.10
<a href='https://hf.co/utter-project/EuroLLM-1.7B-Instruct'>utter-project/EuroLLM-1.7B-Instruct</a>,ğŸ“,-@@100,?,1656850432.0,128000.0,4096.0,âœ“,âœ—,-@@100,3.07@@3.07
<a href='https://hf.co/tencent/Hunyuan-7B-Instruct'>tencent/Hunyuan-7B-Instruct</a>,ğŸ¤”,-@@100,?,7504568320.0,128167.0,32768.0,âœ“,âœ—,-@@100,3.32@@3.32
<a href='https://hf.co/tartuNLP/llama-estllm-protype-0825'>tartuNLP/llama-estllm-protype-0825</a>,ğŸ“,-@@100,?,8030261248.0,128256.0,131072.0,âœ—,âœ—,2.37@@2.37,-@@100
<a href='https://hf.co/setu4993/LaBSE'>setu4993/LaBSE</a>,ğŸ”,-@@100,N/A,470927360.0,501153.0,512.0,âœ“,âœ—,-@@100,-@@100
<a href='https://hf.co/sentence-transformers/stsb-xlm-r-multilingual'>sentence-transformers/stsb-xlm-r-multilingual</a>,ğŸ”,-@@100,N/A,278044162.0,250002.0,512.0,âœ“,âœ—,-@@100,-@@100
<a href='https://hf.co/sentence-transformers/quora-distilbert-multilingual'>sentence-transformers/quora-distilbert-multilingual</a>,ğŸ”,-@@100,N/A,134734080.0,119547.0,512.0,âœ“,âœ—,-@@100,-@@100
<a href='https://hf.co/microsoft/Phi-4-reasoning-plus'>microsoft/Phi-4-reasoning-plus</a>,ğŸ¤”,-@@100,?,14659507200.0,100352.0,32768.0,âœ“,âœ—,-@@100,-@@100
<a href='https://hf.co/microsoft/Phi-4-mini-reasoning'>microsoft/Phi-4-mini-reasoning</a>,ğŸ¤”,-@@100,?,3836021760.0,200064.0,131072.0,âœ“,âœ—,-@@100,3.60@@3.60
<a href='https://hf.co/meta-llama/Meta-Llama-3-8B'>meta-llama/Meta-Llama-3-8B</a>,ğŸ§ ,-@@100,N/A,8030261248.0,128256.0,8192.0,âœ“,âœ—,-@@100,2.33@@2.33
<a href='https://hf.co/meta-llama/Meta-Llama-3-8B-Instruct'>meta-llama/Meta-Llama-3-8B-Instruct</a>,ğŸ“,-@@100,?,8030261248.0,128256.0,8192.0,âœ“,âœ—,-@@100,2.43@@2.43
<a href='https://hf.co/meta-llama/Meta-Llama-3-70B'>meta-llama/Meta-Llama-3-70B</a>,ğŸ§ ,-@@100,N/A,70553706496.0,128256.0,8192.0,âœ“,âœ—,-@@100,1.70@@1.70
<a href='https://hf.co/meta-llama/Meta-Llama-3-70B-Instruct'>meta-llama/Meta-Llama-3-70B-Instruct</a>,ğŸ“,-@@100,?,70553706496.0,128256.0,8192.0,âœ“,âœ—,-@@100,1.94@@1.94
<a href='https://hf.co/meta-llama/Llama-4-Scout-17B-16E'>meta-llama/Llama-4-Scout-17B-16E</a>,ğŸ“,-@@100,?,108641793536.0,200000.0,?,âœ“,âœ—,-@@100,2.60@@2.60
<a href='https://hf.co/meta-llama/Llama-4-Scout-17B-16E-Instruct'>meta-llama/Llama-4-Scout-17B-16E-Instruct</a>,ğŸ“,-@@100,?,108641793536.0,200000.0,?,âœ“,âœ—,-@@100,1.98@@1.98
<a href='https://hf.co/meta-llama/Llama-3.2-3B'>meta-llama/Llama-3.2-3B</a>,ğŸ§ ,-@@100,N/A,3212749824.0,128256.0,131072.0,âœ“,âœ—,-@@100,2.71@@2.71
<a href='https://hf.co/meta-llama/Llama-3.1-70B-Instruct'>meta-llama/Llama-3.1-70B-Instruct</a>,ğŸ“,-@@100,?,70553706496.0,128256.0,131072.0,âœ“,âœ—,-@@100,1.70@@1.70
<a href='https://hf.co/meta-llama/Llama-3.1-405B'>meta-llama/Llama-3.1-405B</a>,ğŸ§ ,-@@100,N/A,405853388800.0,128256.0,131072.0,âœ“,âœ—,-@@100,1.53@@1.53
<a href='https://hf.co/meta-llama/Llama-3.1-405B-Instruct-FP8'>meta-llama/Llama-3.1-405B-Instruct-FP8</a>,ğŸ“,-@@100,?,405868625920.0,128256.0,131072.0,âœ“,âœ—,-@@100,1.78@@1.78
<a href='https://hf.co/meta-llama/Llama-2-70b-hf'>meta-llama/Llama-2-70b-hf</a>,ğŸ§ ,-@@100,N/A,68976653312.0,32000.0,4096.0,âœ“,âœ—,-@@100,2.00@@2.00
<a href='https://hf.co/microsoft/Phi-4-reasoning'>microsoft/Phi-4-reasoning</a>,ğŸ¤”,-@@100,?,14659507200.0,100352.0,32768.0,âœ“,âœ—,-@@100,3.32@@3.32
<a href='https://hf.co/microsoft/mdeberta-v3-base'>microsoft/mdeberta-v3-base</a>,ğŸ”,-@@100,N/A,278220290.0,251000.0,512.0,âœ“,âœ—,-@@100,-@@100
<a href='https://hf.co/microsoft/phi-4'>microsoft/phi-4</a>,ğŸ“,-@@100,?,14659507200.0,100352.0,16384.0,âœ“,âœ—,-@@100,2.29@@2.29
<a href='https://hf.co/microsoft/xlm-align-base'>microsoft/xlm-align-base</a>,ğŸ”,-@@100,N/A,277455362.0,250002.0,514.0,âœ“,âœ—,-@@100,-@@100
<a href='https://hf.co/sentence-transformers/paraphrase-xlm-r-multilingual-v1'>sentence-transformers/paraphrase-xlm-r-multilingual-v1</a>,ğŸ”,-@@100,N/A,278044162.0,250002.0,512.0,âœ“,âœ—,-@@100,-@@100
<a href='https://hf.co/sentence-transformers/paraphrase-multilingual-MiniLM-L12-v2'>sentence-transformers/paraphrase-multilingual-MiniLM-L12-v2</a>,ğŸ”,-@@100,N/A,117654272.0,250037.0,512.0,âœ“,âœ—,-@@100,-@@100
<a href='https://hf.co/sentence-transformers/distiluse-base-multilingual-cased-v1'>sentence-transformers/distiluse-base-multilingual-cased-v1</a>,ğŸ”,-@@100,N/A,134734080.0,119547.0,512.0,âœ“,âœ—,-@@100,-@@100
<a href='https://hf.co/sentence-transformers/distilbert-multilingual-nli-stsb-quora-ranking'>sentence-transformers/distilbert-multilingual-nli-stsb-quora-ranking</a>,ğŸ”,-@@100,N/A,134734080.0,119547.0,512.0,âœ“,âœ—,-@@100,-@@100
<a href='https://hf.co/openGPT-X/Teuken-7B-instruct-research-v0.4'>openGPT-X/Teuken-7B-instruct-research-v0.4</a>,ğŸ“,-@@100,?,7452725248.0,250680.0,4096.0,âœ—,âœ—,-@@100,2.94@@2.94
<a href='https://hf.co/openGPT-X/Teuken-7B-instruct-commercial-v0.4'>openGPT-X/Teuken-7B-instruct-commercial-v0.4</a>,ğŸ“,-@@100,?,7452725248.0,250680.0,4096.0,âœ“,âœ—,-@@100,3.03@@3.03
"<a href='https://platform.openai.com/docs/models/o4-mini'>o4-mini-2025-04-16 (zero-shot, val)</a>",ğŸ¤”,-@@100,?,?,?,200000.0,âœ“,âœ—,-@@100,1.89@@1.89
"<a href='https://platform.openai.com/docs/models/o3-mini'>o3-mini-2025-01-31 (zero-shot, val)</a>",ğŸ¤”,-@@100,?,?,?,200000.0,âœ“,âœ—,-@@100,2.11@@2.11
"<a href='https://platform.openai.com/docs/models/o3'>o3-2025-04-16 (zero-shot, val)</a>",ğŸ¤”,-@@100,?,?,?,200000.0,âœ“,âœ—,-@@100,1.60@@1.60
<a href='https://hf.co/lightonai/alfred-40b-1023'>lightonai/alfred-40b-1023</a>,ğŸ“,-@@100,?,?,65024.0,?,âœ“,âœ—,-@@100,2.87@@2.87
<a href='https://hf.co/nvidia/Llama-3.1-Nemotron-70B-Instruct-HF'>nvidia/Llama-3.1-Nemotron-70B-Instruct-HF</a>,ğŸ“,-@@100,?,70553706496.0,128256.0,131072.0,âœ“,âœ—,-@@100,1.96@@1.96
<a href='https://hf.co/mistralai/Mixtral-8x7B-v0.1'>mistralai/Mixtral-8x7B-v0.1</a>,ğŸ§ ,-@@100,N/A,46702792704.0,32000.0,32768.0,âœ“,âœ—,-@@100,2.23@@2.23
<a href='https://hf.co/mistralai/Mixtral-8x7B-Instruct-v0.1'>mistralai/Mixtral-8x7B-Instruct-v0.1</a>,ğŸ“,-@@100,?,46702792704.0,32000.0,32768.0,âœ“,âœ—,-@@100,2.54@@2.54
<a href='https://hf.co/mistralai/Mistral-Small-24B-Instruct-2501'>mistralai/Mistral-Small-24B-Instruct-2501</a>,ğŸ“,-@@100,?,23572403200.0,131072.0,32768.0,âœ“,âœ—,-@@100,1.90@@1.90
<a href='https://hf.co/mistralai/Mistral-7B-v0.3'>mistralai/Mistral-7B-v0.3</a>,ğŸ§ ,-@@100,N/A,7248023552.0,32768.0,32768.0,âœ“,âœ—,-@@100,2.68@@2.68
<a href='https://hf.co/mistralai/Mistral-7B-v0.1'>mistralai/Mistral-7B-v0.1</a>,ğŸ§ ,-@@100,N/A,7241732096.0,32000.0,32768.0,âœ“,âœ—,-@@100,2.65@@2.65
<a href='https://hf.co/mistralai/Mistral-7B-Instruct-v0.1'>mistralai/Mistral-7B-Instruct-v0.1</a>,ğŸ“,-@@100,?,7241732096.0,32000.0,32768.0,âœ“,âœ—,-@@100,3.41@@3.41
<a href='https://hf.co/mistralai/Ministral-8B-Instruct-2410'>mistralai/Ministral-8B-Instruct-2410</a>,ğŸ“,-@@100,?,8019808256.0,131072.0,32768.0,âœ“,âœ—,-@@100,2.44@@2.44
<a href='https://hf.co/01-ai/Yi-1.5-34B'>01-ai/Yi-1.5-34B</a>,ğŸ§ ,-@@100,N/A,34388917248.0,64000.0,4096.0,âœ“,âœ—,-@@100,2.27@@2.27
<a href='https://hf.co/Qwen/QwQ-32B'>Qwen/QwQ-32B</a>,ğŸ¤”,-@@100,?,32763876352.0,152064.0,40960.0,âœ“,âœ—,-@@100,2.09@@2.09
<a href='https://hf.co/NovaSky-AI/Sky-T1-32B-Preview'>NovaSky-AI/Sky-T1-32B-Preview</a>,ğŸ“,-@@100,?,32763876352.0,152064.0,32768.0,âœ“,âœ—,-@@100,1.89@@1.89
<a href='https://hf.co/NorwAI/NorwAI-Mixtral-8x7B'>NorwAI/NorwAI-Mixtral-8x7B</a>,ğŸ§ ,-@@100,N/A,46997647360.0,67993.0,32768.0,âœ“,âœ—,-@@100,2.64@@2.64
<a href='https://hf.co/NorwAI/NorwAI-Mixtral-8x7B-instruct'>NorwAI/NorwAI-Mixtral-8x7B-instruct</a>,ğŸ“,-@@100,?,46997647360.0,67993.0,32768.0,âœ“,âœ—,-@@100,2.61@@2.61
<a href='https://hf.co/LumiOpen/Viking-7B'>LumiOpen/Viking-7B</a>,ğŸ§ ,-@@100,N/A,7550013440.0,131072.0,4096.0,âœ“,âœ—,-@@100,3.03@@3.03
<a href='https://hf.co/LumiOpen/Viking-33B'>LumiOpen/Viking-33B</a>,ğŸ§ ,-@@100,N/A,33119034368.0,131072.0,4096.0,âœ“,âœ—,-@@100,2.72@@2.72
<a href='https://hf.co/LumiOpen/Viking-13B'>LumiOpen/Viking-13B</a>,ğŸ§ ,-@@100,N/A,14030361600.0,131072.0,4096.0,âœ“,âœ—,-@@100,2.95@@2.95
<a href='https://hf.co/LumiOpen/Poro-34B'>LumiOpen/Poro-34B</a>,ğŸ§ ,-@@100,N/A,34216949760.0,128000.0,?,âœ“,âœ—,-@@100,2.42@@2.42
<a href='https://hf.co/LumiOpen/Poro-34B-chat'>LumiOpen/Poro-34B-chat</a>,ğŸ“,-@@100,?,34216949760.0,128000.0,?,âœ“,âœ—,-@@100,2.60@@2.60
<a href='https://hf.co/RekaAI/reka-flash-3'>RekaAI/reka-flash-3</a>,ğŸ¤”,-@@100,?,20905482240.0,100352.0,32768.0,âœ“,âœ—,-@@100,2.10@@2.10
<a href='https://hf.co/RekaAI/reka-flash-3.1'>RekaAI/reka-flash-3.1</a>,ğŸ¤”,-@@100,?,20905482240.0,100352.0,98304.0,âœ“,âœ—,-@@100,2.20@@2.20
<a href='https://hf.co/Qwen/Qwen3-32B'>Qwen/Qwen3-32B</a>,ğŸ¤”,-@@100,?,32762123264.0,151936.0,40960.0,âœ“,âœ—,-@@100,1.86@@1.86
<a href='https://hf.co/Qwen/Qwen3-235B-A22B'>Qwen/Qwen3-235B-A22B</a>,ğŸ¤”,-@@100,?,235093634560.0,151936.0,40960.0,âœ“,âœ—,-@@100,1.80@@1.80
<a href='https://hf.co/Qwen/Qwen2.5-Math-7B'>Qwen/Qwen2.5-Math-7B</a>,ğŸ“,-@@100,?,7615616512.0,152064.0,4096.0,âœ“,âœ—,-@@100,3.21@@3.21
<a href='https://hf.co/Qwen/Qwen2.5-Math-1.5B'>Qwen/Qwen2.5-Math-1.5B</a>,ğŸ“,-@@100,?,1543714304.0,151936.0,4096.0,âœ“,âœ—,-@@100,4.24@@4.24
<a href='https://hf.co/CohereForAI/aya-expanse-32b'>CohereForAI/aya-expanse-32b</a>,ğŸ“,-@@100,?,32296476672.0,256000.0,8192.0,âœ—,âœ—,-@@100,2.35@@2.35
<a href='https://hf.co/CohereForAI/aya-23-8B'>CohereForAI/aya-23-8B</a>,ğŸ“,-@@100,?,8028033024.0,256000.0,8192.0,âœ—,âœ—,-@@100,3.11@@3.11
<a href='https://hf.co/CohereForAI/aya-23-35B'>CohereForAI/aya-23-35B</a>,ğŸ“,-@@100,?,34980831232.0,256000.0,8192.0,âœ—,âœ—,-@@100,2.44@@2.44
<a href='https://hf.co/BSC-LT/salamandra-2b'>BSC-LT/salamandra-2b</a>,ğŸ§ ,-@@100,N/A,2253490176.0,256000.0,8192.0,âœ“,âœ—,-@@100,-@@100
<a href='https://hf.co/BSC-LT/salamandra-2b-instruct'>BSC-LT/salamandra-2b-instruct</a>,ğŸ“,-@@100,?,2253490176.0,256000.0,8192.0,âœ“,âœ—,-@@100,-@@100
<a href='https://hf.co/AI-Sweden-Models/ModernBERT-large'>AI-Sweden-Models/ModernBERT-large</a>,ğŸ”,-@@100,N/A,394781696.0,50368.0,8192.0,âœ“,âœ—,-@@100,-@@100
<a href='https://hf.co/152334H/miqu-1-70b-sf'>152334H/miqu-1-70b-sf</a>,ğŸ“,-@@100,?,68976648192.0,32000.0,32764.0,âœ“,âœ—,-@@100,2.32@@2.32
<a href='https://hf.co/01-ai/Yi-1.5-9B'>01-ai/Yi-1.5-9B</a>,ğŸ§ ,-@@100,N/A,8829407232.0,64000.0,4096.0,âœ“,âœ—,-@@100,2.55@@2.55
<a href='https://hf.co/CohereForAI/aya-expanse-8b'>CohereForAI/aya-expanse-8b</a>,ğŸ“,-@@100,?,8028033024.0,256000.0,8192.0,âœ—,âœ—,-@@100,2.72@@2.72
<a href='https://hf.co/THUDM/GLM-4.1V-9B-Thinking'>THUDM/GLM-4.1V-9B-Thinking</a>,ğŸ¤”,-@@100,?,10292777472.0,151552.0,65536.0,âœ“,âœ—,-@@100,2.88@@2.88
<a href='https://hf.co/CohereForAI/c4ai-command-r-08-2024'>CohereForAI/c4ai-command-r-08-2024</a>,ğŸ“,-@@100,?,32296476672.0,256000.0,131072.0,âœ—,âœ—,-@@100,2.28@@2.28
<a href='https://hf.co/DiscoResearch/DiscoLM-70b'>DiscoResearch/DiscoLM-70b</a>,ğŸ§ ,-@@100,N/A,68977172480.0,32032.0,8192.0,âœ—,âœ—,-@@100,4.40@@4.40
<a href='https://hf.co/HuggingFaceTB/SmolLM3-3B'>HuggingFaceTB/SmolLM3-3B</a>,ğŸ¤”,-@@100,?,3075098624.0,128256.0,65536.0,âœ“,âœ—,-@@100,2.82@@2.82
<a href='https://hf.co/HuggingFaceTB/SmolLM2-1.7B'>HuggingFaceTB/SmolLM2-1.7B</a>,ğŸ§ ,-@@100,N/A,1711376384.0,49152.0,8192.0,âœ“,âœ—,-@@100,3.35@@3.35
<a href='https://hf.co/HuggingFaceTB/SmolLM2-1.7B-Instruct'>HuggingFaceTB/SmolLM2-1.7B-Instruct</a>,ğŸ“,-@@100,?,1711376384.0,49152.0,8192.0,âœ“,âœ—,-@@100,3.30@@3.30
<a href='https://hf.co/HPLT/hplt2c_fin_checkpoints'>HPLT/hplt2c_fin_checkpoints</a>,ğŸ§ ,-@@100,N/A,?,262272.0,2048.0,âœ“,âœ—,-@@100,3.94@@3.94
<a href='https://hf.co/Geotrend/distilbert-base-25lang-cased'>Geotrend/distilbert-base-25lang-cased</a>,ğŸ”,-@@100,N/A,108867577.0,84985.0,512.0,âœ“,âœ—,-@@100,-@@100
<a href='https://hf.co/Finnish-NLP/roberta-large-finnish'>Finnish-NLP/roberta-large-finnish</a>,ğŸ”,-@@100,N/A,354313218.0,50265.0,514.0,âœ“,âœ—,-@@100,-@@100
<a href='https://hf.co/Finnish-NLP/roberta-large-finnish-v2'>Finnish-NLP/roberta-large-finnish-v2</a>,ğŸ”,-@@100,N/A,354313218.0,50265.0,514.0,âœ“,âœ—,-@@100,-@@100
<a href='https://hf.co/Finnish-NLP/llama-7b-finnish'>Finnish-NLP/llama-7b-finnish</a>,ğŸ§ ,-@@100,N/A,7002656768.0,64256.0,2048.0,âœ“,âœ—,-@@100,4.02@@4.02
<a href='https://hf.co/FacebookAI/xlm-roberta-large'>FacebookAI/xlm-roberta-large</a>,ğŸ”,-@@100,N/A,561192082.0,250002.0,512.0,âœ“,âœ—,-@@100,-@@100
<a href='https://hf.co/EuropeanParliament/EUBERT'>EuropeanParliament/EUBERT</a>,ğŸ”,-@@100,N/A,93990500.0,65636.0,512.0,âœ“,âœ—,-@@100,-@@100
<a href='https://hf.co/EuroBERT/EuroBERT-610m'>EuroBERT/EuroBERT-610m</a>,ğŸ”,-@@100,N/A,755625600.0,128256.0,8192.0,âœ“,âœ—,-@@100,-@@100
<a href='https://hf.co/EuroBERT/EuroBERT-210m'>EuroBERT/EuroBERT-210m</a>,ğŸ”,-@@100,N/A,310266624.0,128256.0,8192.0,âœ“,âœ—,-@@100,-@@100
<a href='https://hf.co/EMBEDDIA/est-roberta'>EMBEDDIA/est-roberta</a>,ğŸ”,-@@100,N/A,116177666.0,40005.0,512.0,âœ“,âœ—,-@@100,-@@100
<a href='https://hf.co/CohereForAI/c4ai-command-r-v01'>CohereForAI/c4ai-command-r-v01</a>,ğŸ“,-@@100,?,34980831232.0,256000.0,8192.0,âœ—,âœ—,-@@100,2.64@@2.64
<a href='https://hf.co/ThatsGroes/gemma-2-27b-it-FP8-Dynamic'>ThatsGroes/gemma-2-27b-it-FP8-Dynamic</a>,ğŸ“,-@@100,?,28410968576.0,256000.0,8192.0,âœ“,âœ—,-@@100,1.93@@1.93
<a href='https://hf.co/TurkuNLP/bert-large-finnish-cased-v1'>TurkuNLP/bert-large-finnish-cased-v1</a>,ğŸ”,-@@100,N/A,354147330.0,50105.0,512.0,âœ“,âœ—,-@@100,-@@100
<a href='https://hf.co/deepseek-ai/DeepSeek-R1-0528-Qwen3-8B'>deepseek-ai/DeepSeek-R1-0528-Qwen3-8B</a>,ğŸ¤”,-@@100,?,8190735360.0,151936.0,131072.0,âœ“,âœ—,-@@100,2.47@@2.47
<a href='https://hf.co/deepseek-ai/DeepSeek-R1-Distill-Llama-70B'>deepseek-ai/DeepSeek-R1-Distill-Llama-70B</a>,ğŸ¤”,-@@100,?,70553706496.0,128256.0,131072.0,âœ“,âœ—,-@@100,2.12@@2.12
<a href='https://hf.co/dbmdz/bert-tiny-historic-multilingual-cased'>dbmdz/bert-tiny-historic-multilingual-cased</a>,ğŸ”,-@@100,N/A,4624642.0,32000.0,512.0,âœ“,âœ—,-@@100,-@@100
<a href='https://hf.co/dbmdz/bert-base-historic-multilingual-cased'>dbmdz/bert-base-historic-multilingual-cased</a>,ğŸ”,-@@100,N/A,111243522.0,32000.0,512.0,âœ“,âœ—,-@@100,-@@100
<a href='https://hf.co/common-pile/comma-v0.1-2t'>common-pile/comma-v0.1-2t</a>,ğŸ§ ,-@@100,N/A,7002656768.0,64256.0,16384.0,âœ“,âœ—,-@@100,3.67@@3.67
<a href='https://hf.co/common-pile/comma-v0.1-1t'>common-pile/comma-v0.1-1t</a>,ğŸ§ ,-@@100,N/A,7002656768.0,64256.0,16384.0,âœ“,âœ—,-@@100,3.72@@3.72
"<a href='https://docs.anthropic.com/en/docs/about-claude'>claude-3-7-sonnet-20250219#thinking (zero-shot, val)</a>",ğŸ¤”,-@@100,?,?,?,200000.0,âœ“,âœ—,-@@100,1.74@@1.74
"<a href='https://docs.anthropic.com/en/docs/about-claude'>claude-3-5-sonnet-20241022 (zero-shot, val)</a>",ğŸ“,-@@100,?,?,?,200000.0,âœ“,âœ—,-@@100,1.75@@1.75
<a href='https://hf.co/cardiffnlp/twitter-xlm-roberta-base'>cardiffnlp/twitter-xlm-roberta-base</a>,ğŸ”,-@@100,N/A,277455362.0,250002.0,514.0,âœ“,âœ—,-@@100,-@@100
<a href='https://hf.co/deepseek-ai/DeepSeek-R1-Distill-Llama-8B'>deepseek-ai/DeepSeek-R1-Distill-Llama-8B</a>,ğŸ¤”,-@@100,?,8030261248.0,128256.0,131072.0,âœ“,âœ—,-@@100,3.40@@3.40
<a href='https://hf.co/deepseek-ai/DeepSeek-R1-Distill-Qwen-14B'>deepseek-ai/DeepSeek-R1-Distill-Qwen-14B</a>,ğŸ¤”,-@@100,?,14770033664.0,152064.0,131072.0,âœ“,âœ—,-@@100,3.43@@3.43
<a href='https://hf.co/deepseek-ai/DeepSeek-R1-Distill-Qwen-32B'>deepseek-ai/DeepSeek-R1-Distill-Qwen-32B</a>,ğŸ¤”,-@@100,?,32763876352.0,152064.0,131072.0,âœ“,âœ—,-@@100,2.69@@2.69
<a href='https://hf.co/google/gemma-2b'>google/gemma-2b</a>,ğŸ§ ,-@@100,N/A,2506172416.0,256000.0,8192.0,âœ“,âœ—,-@@100,-@@100
<a href='https://hf.co/google/gemma-2-27b'>google/gemma-2-27b</a>,ğŸ§ ,-@@100,N/A,27227128320.0,256000.0,8192.0,âœ“,âœ—,-@@100,1.95@@1.95
<a href='https://hf.co/google/gemma-2-27b-it'>google/gemma-2-27b-it</a>,ğŸ“,-@@100,?,27227128320.0,256000.0,8192.0,âœ“,âœ—,-@@100,1.94@@1.94
"<a href='https://ai.google.dev/gemini-api/docs/models#gemini-2.5-pro-preview-03-25'>gemini/gemini-2.5-pro-preview-03-25 (zero-shot, val)</a>",ğŸ¤”,-@@100,?,?,256128.0,1048576.0,âœ“,âœ—,-@@100,1.80@@1.80
"<a href='https://ai.google.dev/gemini-api/docs/models#gemini-2.5-flash-preview-04-17'>gemini/gemini-2.5-flash-preview-04-17 (zero-shot, val)</a>",ğŸ¤”,-@@100,?,?,256128.0,1048576.0,âœ“,âœ—,-@@100,1.58@@1.58
"<a href='https://ai.google.dev/gemini-api/docs/models#gemini-2.5-flash-lite-preview-06-17'>gemini/gemini-2.5-flash-lite-preview-06-17#thinking (zero-shot, val)</a>",ğŸ¤”,-@@100,?,?,256128.0,1048576.0,âœ“,âœ—,-@@100,1.81@@1.81
"<a href='https://ai.google.dev/gemini-api/docs/models#gemini-2.5-flash-lite-preview-06-17'>gemini/gemini-2.5-flash-lite-preview-06-17#no-thinking (zero-shot, val)</a>",ğŸ“,-@@100,?,?,256128.0,1048576.0,âœ“,âœ—,-@@100,2.10@@2.10
"<a href='https://ai.google.dev/gemini-api/docs/models#gemini-2.0-flash-lite-001'>gemini/gemini-2.0-flash-lite-001 (zero-shot, val)</a>",ğŸ“,-@@100,?,?,256128.0,1048576.0,âœ“,âœ—,-@@100,1.97@@1.97
"<a href='https://ai.google.dev/gemini-api/docs/models#gemini-2.0-flash-001'>gemini/gemini-2.0-flash-001 (zero-shot, val)</a>",ğŸ“,-@@100,?,?,256128.0,1048576.0,âœ“,âœ—,-@@100,1.98@@1.98
"<a href='https://ai.google.dev/gemini-api/docs/models#gemini-1.5-pro-002'>gemini/gemini-1.5-pro-002 (zero-shot, val)</a>",ğŸ“,-@@100,?,?,256128.0,2097152.0,âœ“,âœ—,-@@100,1.92@@1.92
"<a href='https://ai.google.dev/gemini-api/docs/models#gemini-1.5-flash-8b-001'>gemini/gemini-1.5-flash-8b-001 (zero-shot, val)</a>",ğŸ“,-@@100,?,?,256128.0,1048576.0,âœ“,âœ—,-@@100,2.35@@2.35
"<a href='https://ai.google.dev/gemini-api/docs/models#gemini-1.5-flash-002'>gemini/gemini-1.5-flash-002 (zero-shot, val)</a>",ğŸ“,-@@100,?,?,256128.0,1048576.0,âœ“,âœ—,-@@100,2.12@@2.12
fresh-xlm-roberta-base,ğŸ”,-@@100,N/A,278885778.0,250002.0,512.0,âœ“,âœ—,-@@100,-@@100
fresh-electra-small,ğŸ”,-@@100,N/A,13738755.0,32000.0,128.0,âœ“,âœ—,-@@100,-@@100
<a href='https://hf.co/deepseek-ai/DeepSeek-R1-Distill-Qwen-7B'>deepseek-ai/DeepSeek-R1-Distill-Qwen-7B</a>,ğŸ¤”,-@@100,?,7615616512.0,152064.0,131072.0,âœ“,âœ—,-@@100,3.39@@3.39
<a href='https://hf.co/bullerwins/Magistral-Small-2506-fp8'>bullerwins/Magistral-Small-2506-fp8</a>,ğŸ§ ,-@@100,N/A,23575680000.0,131072.0,32768.0,âœ“,âœ—,-@@100,1.78@@1.78
<a href='https://hf.co/allenai/OLMo-2-1124-7B'>allenai/OLMo-2-1124-7B</a>,ğŸ§ ,-@@100,N/A,7298617344.0,100352.0,4096.0,âœ“,âœ—,-@@100,2.80@@2.80
<a href='https://hf.co/allenai/OLMo-2-1124-7B-Instruct'>allenai/OLMo-2-1124-7B-Instruct</a>,ğŸ“,-@@100,?,7298617344.0,100352.0,4096.0,âœ“,âœ—,-@@100,2.78@@2.78
<a href='https://hf.co/allenai/OLMo-2-1124-13B'>allenai/OLMo-2-1124-13B</a>,ğŸ§ ,-@@100,N/A,13716198400.0,100352.0,4096.0,âœ“,âœ—,-@@100,2.51@@2.51
<a href='https://hf.co/allenai/OLMo-2-1124-13B-Instruct'>allenai/OLMo-2-1124-13B-Instruct</a>,ğŸ“,-@@100,?,13716198400.0,100352.0,4096.0,âœ“,âœ—,-@@100,2.64@@2.64
<a href='https://hf.co/allenai/OLMo-2-0325-32B'>allenai/OLMo-2-0325-32B</a>,ğŸ§ ,-@@100,N/A,32234279936.0,100352.0,4096.0,âœ“,âœ—,-@@100,1.97@@1.97
<a href='https://hf.co/allenai/Llama-3.1-Tulu-3.1-8B'>allenai/Llama-3.1-Tulu-3.1-8B</a>,ğŸ“,-@@100,?,8030326784.0,128264.0,131072.0,âœ“,âœ—,-@@100,2.52@@2.52
<a href='https://hf.co/allenai/Llama-3.1-Tulu-3-8B'>allenai/Llama-3.1-Tulu-3-8B</a>,ğŸ“,-@@100,?,8030326784.0,128264.0,131072.0,âœ“,âœ—,-@@100,2.52@@2.52
<a href='https://hf.co/allenai/Llama-3.1-Tulu-3-8B-DPO'>allenai/Llama-3.1-Tulu-3-8B-DPO</a>,ğŸ“,-@@100,?,8030326784.0,128264.0,131072.0,âœ“,âœ—,-@@100,2.48@@2.48
<a href='https://hf.co/ai21labs/Jamba-v0.1'>ai21labs/Jamba-v0.1</a>,ğŸ§ ,-@@100,N/A,51570323328.0,65536.0,262144.0,âœ“,âœ—,-@@100,2.37@@2.37
<a href='https://hf.co/ZurichNLP/unsup-simcse-xlm-roberta-base'>ZurichNLP/unsup-simcse-xlm-roberta-base</a>,ğŸ”,-@@100,N/A,277453570.0,250002.0,514.0,âœ“,âœ—,-@@100,-@@100
<a href='https://hf.co/Twitter/twhin-bert-large'>Twitter/twhin-bert-large</a>,ğŸ”,-@@100,N/A,561713298.0,250002.0,512.0,âœ“,âœ—,-@@100,-@@100
<a href='https://hf.co/Twitter/twhin-bert-base'>Twitter/twhin-bert-base</a>,ğŸ”,-@@100,N/A,279080594.0,250002.0,512.0,âœ“,âœ—,-@@100,-@@100
<a href='https://hf.co/TurkuNLP/finnish-modernbert-tiny'>TurkuNLP/finnish-modernbert-tiny</a>,ğŸ”,-@@100,N/A,51647616.0,27264.0,16000.0,âœ“,âœ—,-@@100,-@@100
<a href='https://hf.co/TurkuNLP/finnish-modernbert-large'>TurkuNLP/finnish-modernbert-large</a>,ğŸ”,-@@100,N/A,401260864.0,55616.0,16000.0,âœ“,âœ—,-@@100,-@@100
<a href='https://hf.co/TurkuNLP/finnish-modernbert-large-seq-len-1024-117300-annealed'>TurkuNLP/finnish-modernbert-large-seq-len-1024-117300-annealed</a>,ğŸ”,-@@100,N/A,401260864.0,55616.0,1024.0,âœ“,âœ—,-@@100,-@@100
<a href='https://hf.co/TurkuNLP/finnish-modernbert-base'>TurkuNLP/finnish-modernbert-base</a>,ğŸ”,-@@100,N/A,143404800.0,42240.0,16000.0,âœ“,âœ—,-@@100,-@@100
<a href='https://hf.co/TrustLLMeu/baseline-7-8b_1t-tokens_llama'>TrustLLMeu/baseline-7-8b_1t-tokens_llama</a>,ğŸ§ ,-@@100,N/A,7799574528.0,100096.0,4096.0,âœ“,âœ—,-@@100,3.01@@3.01
<a href='https://hf.co/answerdotai/ModernBERT-large'>answerdotai/ModernBERT-large</a>,ğŸ”,-@@100,N/A,395881664.0,50368.0,8192.0,âœ“,âœ—,-@@100,-@@100
<a href='https://hf.co/answerdotai/ModernBERT-base'>answerdotai/ModernBERT-base</a>,ğŸ”,-@@100,N/A,149655232.0,50368.0,8192.0,âœ“,âœ—,-@@100,-@@100
<a href='https://hf.co/allenai/Olmo-3-7B-Think'>allenai/Olmo-3-7B-Think</a>,ğŸ¤”,-@@100,?,7298011136.0,100278.0,65536.0,âœ—,âœ—,-@@100,-@@100
<a href='https://hf.co/deepseek-ai/DeepSeek-R1-Distill-Qwen-1.5B'>deepseek-ai/DeepSeek-R1-Distill-Qwen-1.5B</a>,ğŸ¤”,-@@100,?,1777088000.0,151936.0,131072.0,âœ“,âœ—,-@@100,4.27@@4.27
