<span style='font-size: 12px; font-weight: normal; opacity: 0.6;'>Task Type</span>,<span style='visibility: hidden;'>dummy</span>,,,,,,
model,generative_type,rank,parameters,vocabulary_size,context,commercial,merge
"<a href='https://platform.openai.com/docs/models/o3'>o3-2025-04-16 (zero-shot, val)</a>",🤔,1.41@@1.41,?,?,200000.0,✓,✗
"<a href='https://ai.google.dev/gemini-api/docs/models#gemini-2.5-pro-preview-03-25'>gemini/gemini-2.5-pro-preview-03-25 (zero-shot, val)</a>",🤔,1.43@@1.43,?,256128.0,1048576.0,✓,✗
"<a href='https://docs.anthropic.com/en/docs/about-claude'>claude-3-7-sonnet-20250219@thinking (zero-shot, val)</a>",🤔,1.54@@1.54,?,?,200000.0,✓,✗
"<a href='https://ai.google.dev/gemini-api/docs/models#gemini-2.5-flash-preview-04-17'>gemini/gemini-2.5-flash-preview-04-17 (zero-shot, val)</a>",🤔,1.64@@1.64,?,256128.0,1048576.0,✓,✗
"<a href='https://platform.openai.com/docs/models/gpt-4.1'>gpt-4.1-2025-04-14 (zero-shot, val)</a>",📝,1.66@@1.66,?,?,1047576.0,✓,✗
"<a href='https://platform.openai.com/docs/models/o4-mini'>o4-mini-2025-04-16 (zero-shot, val)</a>",🤔,1.75@@1.75,?,?,200000.0,✓,✗
"xai/grok-3-beta (zero-shot, val)</a>",📝,1.80@@1.80,?,?,131072.0,✓,✗
"<a href='https://platform.openai.com/docs/models/gpt-4o'>gpt-4o-2024-05-13 (zero-shot, val)</a>",📝,1.94@@1.94,?,200019.0,8191.0,✓,✗
"<a href='https://docs.x.ai/docs/models'>xai/grok-2-1212 (zero-shot, val)</a>",📝,2.17@@2.17,?,?,131072.0,✓,✗
"<a href='https://ai.google.dev/gemini-api/docs/models#gemini-2.0-flash-001'>gemini/gemini-2.0-flash-001 (zero-shot, val)</a>",📝,2.20@@2.20,?,256128.0,1048576.0,✓,✗
"<a href='https://docs.anthropic.com/en/docs/about-claude'>claude-3-5-sonnet-20241022 (zero-shot, val)</a>",📝,2.21@@2.21,?,?,200000.0,✓,✗
"xai/grok-3-mini-beta@high (zero-shot, val)</a>",🤔,2.21@@2.21,?,?,131072.0,✓,✗
<a href='https://ollama.com/library/gemma3:27b-it-q4_K_M'>ollama_chat/gemma3:27b-it-q4_K_M (val)</a>,📝,2.23@@2.23,27400000000.0,262144.0,128000.0,✓,✗
"<a href='https://ai.google.dev/gemini-api/docs/models#gemini-1.5-pro-002'>gemini/gemini-1.5-pro-002 (zero-shot, val)</a>",📝,2.24@@2.24,?,256128.0,2097152.0,✓,✗
<a href='https://hf.co/google/gemma-3-27b-pt'>google/gemma-3-27b-pt</a>,🧠,2.29@@2.29,27432406640.0,262144.0,?,✓,✗
<a href='https://hf.co/google/gemma-3-27b-it'>google/gemma-3-27b-it</a>,📝,2.35@@2.35,27432406640.0,262144.0,?,✓,✗
<a href='https://hf.co/meta-llama/Meta-Llama-3-70B'>meta-llama/Meta-Llama-3-70B</a>,🧠,2.37@@2.37,70553706496.0,128256.0,8192.0,✓,✗
<a href='https://hf.co/mistralai/Mistral-Small-3.1-24B-Instruct-2503'>mistralai/Mistral-Small-3.1-24B-Instruct-2503</a>,📝,2.38@@2.38,24011361280.0,131072.0,?,✓,✗
<a href='https://hf.co/meta-llama/Llama-3.1-70B-Instruct'>meta-llama/Llama-3.1-70B-Instruct</a>,📝,2.38@@2.38,70553706496.0,128256.0,131072.0,✓,✗
<a href='https://hf.co/meta-llama/Llama-3.1-70B'>meta-llama/Llama-3.1-70B</a>,🧠,2.38@@2.38,70553706496.0,128256.0,131072.0,✓,✗
<a href='https://hf.co/mistralai/Mistral-Small-3.1-24B-Base-2503'>mistralai/Mistral-Small-3.1-24B-Base-2503</a>,🧠,2.39@@2.39,24011361280.0,131072.0,?,✓,✗
<a href='https://hf.co/deepcogito/cogito-v1-preview-llama-70B'>deepcogito/cogito-v1-preview-llama-70B</a>,📝,2.40@@2.40,70553706496.0,128256.0,131072.0,✓,✗
"<a href='https://platform.openai.com/docs/models/gpt-4-turbo'>gpt-4-1106-preview (zero-shot, val)</a>",📝,2.41@@2.41,?,100256.0,8191.0,✓,✗
"<a href='https://platform.openai.com/docs/models/gpt-4.1-mini'>gpt-4.1-mini-2025-04-14 (zero-shot, val)</a>",📝,2.41@@2.41,?,?,1047576.0,✓,✗
<a href='https://hf.co/meta-llama/Llama-3.3-70B-Instruct'>meta-llama/Llama-3.3-70B-Instruct</a>,📝,2.44@@2.44,70553706496.0,128256.0,131072.0,✓,✗
<a href='https://ollama.com/library/gemma3:12b-it-fp16'>ollama_chat/gemma3:12b-it-fp16 (val)</a>,📝,2.50@@2.50,12187325040.0,262144.0,128000.0,✓,✗
<a href='https://hf.co/google/gemma-3-12b-pt'>google/gemma-3-12b-pt</a>,🧠,2.53@@2.53,12187325040.0,262144.0,?,✓,✗
"<a href='https://ai.google.dev/gemini-api/docs/models#gemini-2.0-flash-lite-001'>gemini/gemini-2.0-flash-lite-001 (zero-shot, val)</a>",📝,2.54@@2.54,?,256128.0,1048576.0,✓,✗
<a href='https://hf.co/deepcogito/cogito-v1-preview-qwen-32B'>deepcogito/cogito-v1-preview-qwen-32B</a>,📝,2.54@@2.54,32759790592.0,151665.0,131072.0,✓,✗
<a href='https://hf.co/Qwen/Qwen3-32B'>Qwen/Qwen3-32B</a>,🤔,2.54@@2.54,32762123264.0,151936.0,40960.0,✓,✗
<a href='https://ollama.com/library/gemma3:12b-it-q4_K_M'>ollama_chat/gemma3:12b-it-q4_K_M (val)</a>,📝,2.56@@2.56,12200000000.0,262144.0,128000.0,✓,✗
<a href='https://hf.co/Qwen/Qwen2.5-72B-Instruct'>Qwen/Qwen2.5-72B-Instruct</a>,📝,2.56@@2.56,72706203648.0,152064.0,32768.0,✓,✗
<a href='https://hf.co/meta-llama/Llama-4-Scout-17B-16E-Instruct'>meta-llama/Llama-4-Scout-17B-16E-Instruct</a>,📝,2.59@@2.59,108641793536.0,200000.0,?,✓,✗
<a href='https://ollama.com/library/phi4:14b-q4_K_M'>ollama_chat/phi4:14b-q4_K_M (val)</a>,📝,2.59@@2.59,14700000000.0,100352.0,16384.0,✓,✗
<a href='https://hf.co/nvidia/Llama-3.1-Nemotron-70B-Instruct-HF'>nvidia/Llama-3.1-Nemotron-70B-Instruct-HF</a>,📝,2.61@@2.61,70553706496.0,128256.0,131072.0,✓,✗
"<a href='https://ai.google.dev/gemini-api/docs/models#gemini-1.5-flash-002'>gemini/gemini-1.5-flash-002 (zero-shot, val)</a>",📝,2.63@@2.63,?,256128.0,1048576.0,✓,✗
<a href='https://hf.co/bullerwins/Magistral-Small-2506-fp8'>bullerwins/Magistral-Small-2506-fp8</a>,🧠,2.63@@2.63,23575680000.0,131072.0,32768.0,✓,✗
<a href='https://hf.co/meta-llama/Meta-Llama-3-70B-Instruct'>meta-llama/Meta-Llama-3-70B-Instruct</a>,📝,2.64@@2.64,70553706496.0,128256.0,8192.0,✓,✗
<a href='https://hf.co/NovaSky-AI/Sky-T1-32B-Preview'>NovaSky-AI/Sky-T1-32B-Preview</a>,📝,2.65@@2.65,32763876352.0,152064.0,32768.0,✓,✗
"<a href='https://platform.openai.com/docs/models/gpt-4o-mini'>gpt-4o-mini-2024-07-18 (zero-shot, val)</a>",📝,2.66@@2.66,?,200019.0,8191.0,✓,✗
"<a href='https://platform.openai.com/docs/models/o3-mini'>o3-mini-2025-01-31 (zero-shot, val)</a>",🤔,2.67@@2.67,?,?,200000.0,✓,✗
<a href='https://hf.co/Qwen/Qwen3-30B-A3B'>Qwen/Qwen3-30B-A3B</a>,🤔,2.69@@2.69,30532122624.0,151936.0,40960.0,✓,✗
<a href='https://hf.co/google/gemma-3-12b-it'>google/gemma-3-12b-it</a>,📝,2.69@@2.69,12187325040.0,262144.0,?,✓,✗
<a href='https://hf.co/Qwen/Qwen3-14B'>Qwen/Qwen3-14B</a>,🤔,2.71@@2.71,14768307200.0,151936.0,40960.0,✓,✗
<a href='https://hf.co/RekaAI/reka-flash-3'>RekaAI/reka-flash-3</a>,🤔,2.74@@2.74,20905482240.0,100352.0,32768.0,✓,✗
<a href='https://hf.co/mistralai/Mistral-Small-24B-Instruct-2501'>mistralai/Mistral-Small-24B-Instruct-2501</a>,📝,2.74@@2.74,23572403200.0,131072.0,32768.0,✓,✗
<a href='https://hf.co/Qwen/QwQ-32B'>Qwen/QwQ-32B</a>,🤔,2.79@@2.79,32763876352.0,152064.0,40960.0,✓,✗
<a href='https://hf.co/microsoft/phi-4'>microsoft/phi-4</a>,📝,2.82@@2.82,14659507200.0,100352.0,16384.0,✓,✗
<a href='https://hf.co/ThatsGroes/gemma-2-27b-it-FP8-Dynamic'>ThatsGroes/gemma-2-27b-it-FP8-Dynamic</a>,📝,2.84@@2.84,28410968576.0,256000.0,8192.0,✓,✗
<a href='https://hf.co/google/gemma-2-27b-it'>google/gemma-2-27b-it</a>,📝,2.84@@2.84,27227128320.0,256000.0,8192.0,✓,✗
<a href='https://hf.co/deepcogito/cogito-v1-preview-qwen-14B'>deepcogito/cogito-v1-preview-qwen-14B</a>,📝,2.89@@2.89,14765947904.0,151665.0,131072.0,✓,✗
<a href='https://hf.co/meta-llama/Llama-4-Scout-17B-16E'>meta-llama/Llama-4-Scout-17B-16E</a>,📝,2.91@@2.91,108641793536.0,200000.0,?,✓,✗
<a href='https://hf.co/google/gemma-2-27b'>google/gemma-2-27b</a>,🧠,2.92@@2.92,27227128320.0,256000.0,8192.0,✓,✗
<a href='https://hf.co/allenai/OLMo-2-0325-32B'>allenai/OLMo-2-0325-32B</a>,🧠,2.97@@2.97,32234279936.0,100352.0,4096.0,✓,✗
<a href='https://hf.co/google/gemma-2-9b-it'>google/gemma-2-9b-it</a>,📝,2.99@@2.99,9241705984.0,256000.0,8192.0,✓,✗
"<a href='https://ai.google.dev/gemini-api/docs/models#gemini-1.5-flash-8b-001'>gemini/gemini-1.5-flash-8b-001 (zero-shot, val)</a>",📝,3.01@@3.01,8000000000.0,256128.0,1048576.0,✓,✗
<a href='https://hf.co/Qwen/Qwen3-8B'>Qwen/Qwen3-8B</a>,🤔,3.05@@3.05,8190735360.0,151936.0,40960.0,✓,✗
<a href='https://hf.co/google/gemma-3-27b-it'>google/gemma-3-27b-it (zero-shot)</a>,📝,3.08@@3.08,27432406640.0,262144.0,?,✓,✗
<a href='https://hf.co/mistralai/Mistral-Nemo-Instruct-2407'>mistralai/Mistral-Nemo-Instruct-2407</a>,📝,3.11@@3.11,12247782400.0,131072.0,131072.0,✓,✗
<a href='https://hf.co/deepcogito/cogito-v1-preview-llama-8B'>deepcogito/cogito-v1-preview-llama-8B</a>,📝,3.13@@3.13,8030261248.0,128256.0,131072.0,✓,✗
"<a href='https://platform.openai.com/docs/models/gpt-4.1-nano'>gpt-4.1-nano-2025-04-14 (zero-shot, val)</a>",📝,3.14@@3.14,?,?,1047576.0,✓,✗
<a href='https://hf.co/google/gemma-2-9b'>google/gemma-2-9b</a>,🧠,3.15@@3.15,9241705984.0,256000.0,8192.0,✓,✗
<a href='https://hf.co/allenai/Llama-3.1-Tulu-3-8B-SFT'>allenai/Llama-3.1-Tulu-3-8B-SFT</a>,📝,3.15@@3.15,8030326784.0,128264.0,131072.0,✓,✗
<a href='https://hf.co/meta-llama/Meta-Llama-3-8B-Instruct'>meta-llama/Meta-Llama-3-8B-Instruct</a>,📝,3.17@@3.17,8030261248.0,128256.0,8192.0,✓,✗
<a href='https://hf.co/mistralai/Mixtral-8x7B-v0.1'>mistralai/Mixtral-8x7B-v0.1</a>,🧠,3.21@@3.21,46702792704.0,32000.0,32768.0,✓,✗
<a href='https://hf.co/CohereForAI/aya-expanse-32b'>CohereForAI/aya-expanse-32b</a>,📝,3.21@@3.21,32296476672.0,256000.0,8192.0,✗,✗
<a href='https://hf.co/CohereForAI/c4ai-command-r-08-2024'>CohereForAI/c4ai-command-r-08-2024</a>,📝,3.22@@3.22,32296476672.0,256000.0,131072.0,✗,✗
<a href='https://hf.co/allenai/Llama-3.1-Tulu-3-8B-DPO'>allenai/Llama-3.1-Tulu-3-8B-DPO</a>,📝,3.22@@3.22,8030326784.0,128264.0,131072.0,✓,✗
<a href='https://hf.co/nvidia/mistral-nemo-minitron-8b-base'>nvidia/mistral-nemo-minitron-8b-base</a>,🧠,3.22@@3.22,8414105600.0,131072.0,8192.0,✓,✗
<a href='https://hf.co/meta-llama/Llama-3.1-8B-Instruct'>meta-llama/Llama-3.1-8B-Instruct</a>,📝,3.23@@3.23,8030261248.0,128256.0,131072.0,✓,✗
<a href='https://hf.co/allenai/Llama-3.1-Tulu-3-8B'>allenai/Llama-3.1-Tulu-3-8B</a>,📝,3.24@@3.24,8030326784.0,128264.0,131072.0,✓,✗
<a href='https://hf.co/NousResearch/DeepHermes-3-Llama-3-8B-Preview'>NousResearch/DeepHermes-3-Llama-3-8B-Preview</a>,📝,3.26@@3.26,8030261248.0,128256.0,131072.0,✓,✗
<a href='https://hf.co/meta-llama/Llama-3.1-8B'>meta-llama/Llama-3.1-8B</a>,🧠,3.26@@3.26,8030261248.0,128256.0,131072.0,✓,✗
<a href='https://hf.co/allenai/OLMo-2-0325-32B-Instruct'>allenai/OLMo-2-0325-32B-Instruct</a>,📝,3.27@@3.27,32234279936.0,100352.0,4096.0,✗,✗
<a href='https://hf.co/meta-llama/Meta-Llama-3-8B'>meta-llama/Meta-Llama-3-8B</a>,🧠,3.28@@3.28,8030261248.0,128256.0,8192.0,✓,✗
<a href='https://hf.co/allenai/Llama-3.1-Tulu-3.1-8B'>allenai/Llama-3.1-Tulu-3.1-8B</a>,📝,3.30@@3.30,8030326784.0,128264.0,131072.0,✓,✗
<a href='https://hf.co/norallm/normistral-11b-warm'>norallm/normistral-11b-warm</a>,🧠,3.31@@3.31,11429893120.0,51200.0,1024000.0,✓,✗
<a href='https://hf.co/meta-llama/Llama-2-70b-hf'>meta-llama/Llama-2-70b-hf</a>,🧠,3.34@@3.34,68976653312.0,32000.0,4096.0,✓,✗
<a href='https://ollama.com/library/hf.co'>ollama_chat/hf.co/google/gemma-3-4b-it-qat-q4_0-gguf</a>,📝,3.35@@3.35,3880099328.0,?,131072.0,✓,✗
<a href='https://hf.co/google/gemma-3-4b-it'>google/gemma-3-4b-it</a>,📝,3.35@@3.35,4300079472.0,262144.0,?,✓,✗
<a href='https://hf.co/01-ai/Yi-1.5-34B'>01-ai/Yi-1.5-34B</a>,🧠,3.35@@3.35,34388917248.0,64000.0,4096.0,✓,✗
<a href='https://hf.co/google/gemma-3-4b-pt'>google/gemma-3-4b-pt</a>,🧠,3.39@@3.39,4300079472.0,262144.0,?,✓,✗
<a href='https://hf.co/deepseek-ai/DeepSeek-R1-0528-Qwen3-8B'>deepseek-ai/DeepSeek-R1-0528-Qwen3-8B</a>,🤔,3.40@@3.40,8190735360.0,151936.0,131072.0,✓,✗
<a href='https://hf.co/ai21labs/Jamba-v0.1'>ai21labs/Jamba-v0.1</a>,🧠,3.41@@3.41,51570323328.0,65536.0,262144.0,✓,✗
<a href='https://hf.co/Qwen/Qwen3-4B'>Qwen/Qwen3-4B</a>,🤔,3.41@@3.41,4022468096.0,151936.0,40960.0,✓,✗
<a href='https://hf.co/152334H/miqu-1-70b-sf'>152334H/miqu-1-70b-sf</a>,📝,3.42@@3.42,68976648192.0,32000.0,32764.0,✓,✗
<a href='https://hf.co/NorwAI/NorwAI-Mixtral-8x7B-instruct'>NorwAI/NorwAI-Mixtral-8x7B-instruct</a>,📝,3.42@@3.42,46997647360.0,67993.0,32768.0,✓,✗
<a href='https://hf.co/upstage/SOLAR-10.7B-v1.0'>upstage/SOLAR-10.7B-v1.0</a>,🧠,3.47@@3.47,10731524096.0,32000.0,4096.0,✓,✗
<a href='https://ollama.com/library/gemma3:4b-it-q4_K_M'>ollama_chat/gemma3:4b-it-q4_K_M</a>,📝,3.47@@3.47,4299915632.0,262144.0,128000.0,✓,✗
<a href='https://hf.co/mistralai/Mixtral-8x7B-Instruct-v0.1'>mistralai/Mixtral-8x7B-Instruct-v0.1</a>,📝,3.48@@3.48,46702792704.0,32000.0,32768.0,✓,✗
<a href='https://hf.co/speakleash/Bielik-11B-v2.3-Instruct'>speakleash/Bielik-11B-v2.3-Instruct</a>,📝,3.49@@3.49,11168796672.0,32128.0,32768.0,✓,✓
<a href='https://hf.co/mistralai/Ministral-8B-Instruct-2410'>mistralai/Ministral-8B-Instruct-2410</a>,📝,3.51@@3.51,8019808256.0,131072.0,32768.0,✓,✗
<a href='https://hf.co/deepseek-ai/DeepSeek-R1-Distill-Qwen-32B'>deepseek-ai/DeepSeek-R1-Distill-Qwen-32B</a>,🤔,3.51@@3.51,32763876352.0,152064.0,131072.0,✓,✗
<a href='https://hf.co/senseable/WestLake-7B-v2'>senseable/WestLake-7B-v2</a>,🧠,3.51@@3.51,7241732096.0,32000.0,4096.0,✗,✗
<a href='https://hf.co/google/gemma-7b'>google/gemma-7b</a>,🧠,3.52@@3.52,8537680896.0,256000.0,8192.0,✓,✗
<a href='https://hf.co/CohereForAI/c4ai-command-r-v01'>CohereForAI/c4ai-command-r-v01</a>,📝,3.53@@3.53,34980831232.0,256000.0,8192.0,✗,✗
<a href='https://hf.co/01-ai/Yi-1.5-9B'>01-ai/Yi-1.5-9B</a>,🧠,3.54@@3.54,8829407232.0,64000.0,4096.0,✓,✗
"<a href='https://docs.anthropic.com/en/docs/about-claude'>claude-3-5-haiku-20241022 (zero-shot, val)</a>",📝,3.56@@3.56,?,?,200000.0,✓,✗
<a href='https://hf.co/LumiOpen/Viking-33B'>LumiOpen/Viking-33B</a>,🧠,3.57@@3.57,33119034368.0,131072.0,4096.0,✓,✗
<a href='https://hf.co/TrustLLMeu/baseline-7-8b_1t-tokens_llama'>TrustLLMeu/baseline-7-8b_1t-tokens_llama</a>,🧠,3.61@@3.61,7799574528.0,100096.0,4096.0,✓,✗
<a href='https://hf.co/deepseek-ai/DeepSeek-R1-Distill-Llama-70B'>deepseek-ai/DeepSeek-R1-Distill-Llama-70B</a>,🤔,3.61@@3.61,70553706496.0,128256.0,131072.0,✓,✗
<a href='https://hf.co/Nexusflow/Starling-LM-7B-beta'>Nexusflow/Starling-LM-7B-beta</a>,📝,3.62@@3.62,7241748480.0,32002.0,4096.0,✗,✗
<a href='https://hf.co/NorwAI/NorwAI-Mixtral-8x7B'>NorwAI/NorwAI-Mixtral-8x7B</a>,🧠,3.63@@3.63,46997647360.0,67993.0,32768.0,✓,✗
<a href='https://hf.co/Qwen/Qwen1.5-14B-Chat'>Qwen/Qwen1.5-14B-Chat</a>,📝,3.63@@3.63,14167290880.0,152064.0,32768.0,✗,✗
<a href='https://hf.co/CohereForAI/aya-23-35B'>CohereForAI/aya-23-35B</a>,📝,3.68@@3.68,34980831232.0,256000.0,8192.0,✗,✗
<a href='https://hf.co/mistralai/Mistral-7B-v0.1'>mistralai/Mistral-7B-v0.1</a>,🧠,3.68@@3.68,7241732096.0,32000.0,4096.0,✓,✗
<a href='https://hf.co/TrustLLMeu/baseline-7-8b_2-3t-tokens_llama'>TrustLLMeu/baseline-7-8b_2-3t-tokens_llama</a>,🧠,3.70@@3.70,7799574528.0,100096.0,4096.0,✓,✗
<a href='https://hf.co/deepcogito/cogito-v1-preview-llama-3B'>deepcogito/cogito-v1-preview-llama-3B</a>,📝,3.74@@3.74,3606752256.0,128256.0,131072.0,✓,✗
<a href='https://hf.co/mistralai/Mistral-7B-v0.3'>mistralai/Mistral-7B-v0.3</a>,🧠,3.74@@3.74,7248023552.0,32768.0,32768.0,✓,✗
<a href='https://hf.co/mhenrichsen/hestenettetLM'>mhenrichsen/hestenettetLM</a>,🧠,3.74@@3.74,7241732096.0,32000.0,4096.0,✓,✗
<a href='https://hf.co/nvidia/mistral-nemo-minitron-8b-instruct'>nvidia/mistral-nemo-minitron-8b-instruct</a>,📝,3.74@@3.74,8414105600.0,131072.0,8192.0,✓,✗
<a href='https://hf.co/ibm-granite/granite-3.0-8b-instruct'>ibm-granite/granite-3.0-8b-instruct</a>,📝,3.75@@3.75,8170848256.0,49155.0,4096.0,✓,✗
<a href='https://hf.co/AI-Sweden-Models/gpt-sw3-6.7b-v2-instruct'>AI-Sweden-Models/gpt-sw3-6.7b-v2-instruct</a>,📝,3.77@@3.77,7111057408.0,64000.0,2048.0,✓,✗
<a href='https://hf.co/infly/OpenCoder-8B-Instruct'>infly/OpenCoder-8B-Instruct</a>,📝,3.77@@3.77,7771262976.0,96640.0,8192.0,✓,✗
<a href='https://hf.co/ibm-granite/granite-20b-code-base'>ibm-granite/granite-20b-code-base</a>,🧠,3.81@@3.81,20066993152.0,49152.0,8192.0,✓,✗
<a href='https://hf.co/CohereForAI/aya-expanse-8b'>CohereForAI/aya-expanse-8b</a>,📝,3.81@@3.81,8028033024.0,256000.0,8192.0,✗,✗
<a href='https://hf.co/ibm-granite/granite-34b-code-base'>ibm-granite/granite-34b-code-base</a>,🧠,3.86@@3.86,33715603456.0,49152.0,8192.0,✓,✗
<a href='https://hf.co/meta-llama/Llama-3.2-3B'>meta-llama/Llama-3.2-3B</a>,🧠,3.86@@3.86,3212749824.0,128256.0,131073.0,✓,✗
<a href='https://hf.co/LumiOpen/Viking-13B'>LumiOpen/Viking-13B</a>,🧠,3.91@@3.91,14030361600.0,131072.0,4096.0,✓,✗
<a href='https://hf.co/MaLA-LM/emma-500-llama2-7b'>MaLA-LM/emma-500-llama2-7b</a>,🧠,3.91@@3.91,6738415616.0,32000.0,4096.0,✓,✗
<a href='https://hf.co/ibm-granite/granite-34b-code-instruct'>ibm-granite/granite-34b-code-instruct</a>,📝,3.92@@3.92,33715603456.0,49152.0,8192.0,✓,✗
<a href='https://hf.co/mistralai/Mistral-7B-Instruct-v0.2'>mistralai/Mistral-7B-Instruct-v0.2</a>,📝,3.93@@3.93,7241732096.0,32000.0,32768.0,✗,✗
<a href='https://hf.co/occiglot/occiglot-7b-eu5-instruct'>occiglot/occiglot-7b-eu5-instruct</a>,📝,3.93@@3.93,7241748480.0,32002.0,4096.0,✗,✗
<a href='https://hf.co/utter-project/EuroLLM-9B'>utter-project/EuroLLM-9B</a>,🧠,3.93@@3.93,9152319488.0,128000.0,4096.0,✓,✗
<a href='https://hf.co/utter-project/EuroLLM-9B-Instruct'>utter-project/EuroLLM-9B-Instruct</a>,📝,3.94@@3.94,9152319488.0,128000.0,4096.0,✗,✗
<a href='https://hf.co/Qwen/Qwen2.5-1.5B-Instruct'>Qwen/Qwen2.5-1.5B-Instruct</a>,📝,3.94@@3.94,1543714304.0,151936.0,32768.0,✓,✗
<a href='https://hf.co/occiglot/occiglot-7b-eu5'>occiglot/occiglot-7b-eu5</a>,🧠,3.94@@3.94,7241732096.0,32000.0,4096.0,✓,✗
<a href='https://hf.co/Qwen/Qwen1.5-14B'>Qwen/Qwen1.5-14B</a>,📝,3.95@@3.95,14167290880.0,152064.0,32768.0,✓,✗
<a href='https://hf.co/meta-llama/Llama-3.2-3B-Instruct'>meta-llama/Llama-3.2-3B-Instruct</a>,📝,3.95@@3.95,3212749824.0,128256.0,131072.0,✓,✗
<a href='https://hf.co/meta-llama/Llama-2-70b-chat-hf'>meta-llama/Llama-2-70b-chat-hf</a>,📝,3.96@@3.96,68976653312.0,32000.0,4096.0,✓,✗
<a href='https://hf.co/microsoft/Phi-3-mini-128k-instruct'>microsoft/Phi-3-mini-128k-instruct</a>,📝,3.98@@3.98,3821079552.0,32064.0,130819.0,✓,✗
<a href='https://hf.co/LumiOpen/Viking-7B'>LumiOpen/Viking-7B</a>,🧠,3.99@@3.99,7550013440.0,131072.0,4096.0,✓,✗
<a href='https://hf.co/01-ai/Yi-1.5-6B'>01-ai/Yi-1.5-6B</a>,🧠,4.00@@4.00,6061035520.0,64000.0,4097.0,✓,✗
<a href='https://hf.co/infly/OpenCoder-8B-Base'>infly/OpenCoder-8B-Base</a>,📝,4.02@@4.02,7771263040.0,96640.0,8192.0,✓,✗
<a href='https://hf.co/mistralai/Mistral-7B-Instruct-v0.1'>mistralai/Mistral-7B-Instruct-v0.1</a>,📝,4.02@@4.02,7241732096.0,32000.0,4096.0,✓,✗
<a href='https://hf.co/microsoft/Phi-3-mini-4k-instruct'>microsoft/Phi-3-mini-4k-instruct</a>,📝,4.02@@4.02,3821079552.0,32064.0,4096.0,✓,✗
<a href='https://hf.co/ibm-granite/granite-20b-code-instruct'>ibm-granite/granite-20b-code-instruct</a>,📝,4.04@@4.04,20066993152.0,49152.0,8192.0,✓,✗
<a href='https://hf.co/CohereForAI/aya-23-8B'>CohereForAI/aya-23-8B</a>,📝,4.04@@4.04,8028033024.0,256000.0,8192.0,✗,✗
<a href='https://hf.co/meta-llama/Llama-2-13b-hf'>meta-llama/Llama-2-13b-hf</a>,🧠,4.05@@4.05,13015866880.0,32000.0,4096.0,✓,✗
<a href='https://hf.co/ibm-granite/granite-3.0-8b-base'>ibm-granite/granite-3.0-8b-base</a>,🧠,4.06@@4.06,8170835968.0,49152.0,4096.0,✓,✗
<a href='https://hf.co/ibm-granite/granite-8b-code-base-4k'>ibm-granite/granite-8b-code-base-4k</a>,🧠,4.08@@4.08,8054910976.0,49152.0,4096.0,✓,✗
<a href='https://hf.co/norallm/normistral-7b-warm-instruct'>norallm/normistral-7b-warm-instruct</a>,📝,4.09@@4.09,7248023552.0,32768.0,4096.0,✓,✗
<a href='https://hf.co/HPLT/gpt-7b-nordic-prerelease'>HPLT/gpt-7b-nordic-prerelease</a>,🧠,4.09@@4.09,7550013440.0,131072.0,4096.0,✓,✗
<a href='https://hf.co/meta-llama/Llama-2-7b-hf'>meta-llama/Llama-2-7b-hf</a>,📝,4.09@@4.09,6738417664.0,32000.0,4096.0,✓,✗
<a href='https://hf.co/bineric/NorskGPT-Llama-7B-v0.1'>bineric/NorskGPT-Llama-7B-v0.1</a>,📝,4.09@@4.09,6738415616.0,32000.0,4096.0,✗,✗
<a href='https://hf.co/BSC-LT/salamandra-7b-instruct'>BSC-LT/salamandra-7b-instruct</a>,📝,4.10@@4.10,7768117248.0,256000.0,8192.0,✓,✗
<a href='https://hf.co/ibm-granite/granite-8b-code-instruct-4k'>ibm-granite/granite-8b-code-instruct-4k</a>,📝,4.10@@4.10,8054910976.0,49152.0,4096.0,✓,✗
<a href='https://hf.co/google/gemma-2-2b-it'>google/gemma-2-2b-it</a>,📝,4.10@@4.10,2614341888.0,256000.0,8192.0,✓,✗
<a href='https://hf.co/lightonai/alfred-40b-1023'>lightonai/alfred-40b-1023</a>,📝,4.13@@4.13,?,65024.0,?,✓,✗
<a href='https://hf.co/ibm-granite/granite-3.0-2b-instruct'>ibm-granite/granite-3.0-2b-instruct</a>,📝,4.14@@4.14,2634201088.0,49155.0,4097.0,✓,✗
<a href='https://hf.co/neuralmagic/Sparse-Llama-3.1-8B-2of4'>neuralmagic/Sparse-Llama-3.1-8B-2of4</a>,🧠,4.14@@4.14,8030261248.0,128256.0,131072.0,✓,✗
<a href='https://hf.co/Qwen/Qwen2.5-Math-7B'>Qwen/Qwen2.5-Math-7B</a>,📝,4.14@@4.14,7615616512.0,152064.0,4096.0,✓,✗
<a href='https://hf.co/openGPT-X/Teuken-7B-instruct-research-v0.4'>openGPT-X/Teuken-7B-instruct-research-v0.4</a>,📝,4.14@@4.14,7452725248.0,250680.0,4096.0,✗,✗
<a href='https://hf.co/tollefj/nordavind-7b-instruct-warm'>tollefj/nordavind-7b-instruct-warm</a>,📝,4.16@@4.16,7248023552.0,32768.0,2048.0,✗,✗
<a href='https://hf.co/deepseek-ai/DeepSeek-R1-Distill-Qwen-14B'>deepseek-ai/DeepSeek-R1-Distill-Qwen-14B</a>,🤔,4.17@@4.17,14770033664.0,152064.0,131072.0,✓,✗
<a href='https://hf.co/BSC-LT/salamandra-7b'>BSC-LT/salamandra-7b</a>,🧠,4.20@@4.20,7768117248.0,256000.0,8192.0,✓,✗
<a href='https://hf.co/meta-llama/Llama-3.2-1B-Instruct'>meta-llama/Llama-3.2-1B-Instruct</a>,📝,4.20@@4.20,1235814400.0,128256.0,131073.0,✓,✗
<a href='https://hf.co/ibm-granite/granite-3b-code-base-2k'>ibm-granite/granite-3b-code-base-2k</a>,🧠,4.21@@4.21,3482503680.0,49152.0,2048.0,✓,✗
<a href='https://hf.co/Qwen/Qwen1.5-4B-Chat'>Qwen/Qwen1.5-4B-Chat</a>,📝,4.21@@4.21,3950369280.0,151936.0,32768.0,✗,✗
<a href='https://hf.co/openGPT-X/Teuken-7B-instruct-commercial-v0.4'>openGPT-X/Teuken-7B-instruct-commercial-v0.4</a>,📝,4.23@@4.23,7452725248.0,250680.0,4096.0,✓,✗
<a href='https://hf.co/infly/OpenCoder-1.5B-Instruct'>infly/OpenCoder-1.5B-Instruct</a>,📝,4.24@@4.24,1905650880.0,96640.0,4096.0,✗,✗
<a href='https://hf.co/meta-llama/Llama-2-7b-chat-hf'>meta-llama/Llama-2-7b-chat-hf</a>,📝,4.25@@4.25,6738417664.0,32000.0,4096.0,✓,✗
<a href='https://hf.co/google/gemma-2-2b'>google/gemma-2-2b</a>,🧠,4.26@@4.26,2614341888.0,256000.0,8192.0,✓,✗
<a href='https://hf.co/AI-Sweden-Models/gpt-sw3-1.3b'>AI-Sweden-Models/gpt-sw3-1.3b</a>,🧠,4.27@@4.27,1444532224.0,64000.0,2048.0,✓,✗
<a href='https://hf.co/google/gemma-7b-it'>google/gemma-7b-it</a>,📝,4.28@@4.28,8537680896.0,256000.0,8192.0,✗,✗
<a href='https://hf.co/meta-llama/Llama-2-13b-chat-hf'>meta-llama/Llama-2-13b-chat-hf</a>,📝,4.28@@4.28,13015866880.0,32000.0,4096.0,✓,✗
<a href='https://hf.co/ibm-granite/granite-3.0-2b-base'>ibm-granite/granite-3.0-2b-base</a>,🧠,4.29@@4.29,2533525504.0,49152.0,4097.0,✓,✗
<a href='https://hf.co/HuggingFaceTB/SmolLM2-1.7B-Instruct'>HuggingFaceTB/SmolLM2-1.7B-Instruct</a>,📝,4.29@@4.29,1711376384.0,49152.0,8192.0,✓,✗
<a href='https://hf.co/ibm-granite/granite-3.0-3b-a800m-instruct'>ibm-granite/granite-3.0-3b-a800m-instruct</a>,📝,4.30@@4.30,3374295552.0,49155.0,4096.0,✓,✗
<a href='https://hf.co/google/gemma-2b-it'>google/gemma-2b-it</a>,📝,4.32@@4.32,2506172416.0,256000.0,8192.0,✗,✗
<a href='https://hf.co/Qwen/Qwen1.5-4B'>Qwen/Qwen1.5-4B</a>,📝,4.33@@4.33,3950369280.0,151936.0,32768.0,✓,✗
<a href='https://hf.co/common-pile/comma-v0.1-2t'>common-pile/comma-v0.1-2t</a>,🧠,4.33@@4.33,7002656768.0,64256.0,16384.0,✓,✗
<a href='https://hf.co/AI-Sweden-Models/gpt-sw3-356m'>AI-Sweden-Models/gpt-sw3-356m</a>,🧠,4.34@@4.34,470607872.0,64000.0,2048.0,✓,✗
<a href='https://hf.co/google/gemma-2b'>google/gemma-2b</a>,🧠,4.34@@4.34,2506172416.0,256000.0,8192.0,✓,✗
<a href='https://hf.co/google/gemma-3-1b-it'>google/gemma-3-1b-it</a>,📝,4.36@@4.36,999885952.0,262144.0,32768.0,✓,✗
<a href='https://hf.co/tiiuae/falcon-11B'>tiiuae/falcon-11B</a>,📝,4.36@@4.36,11102822400.0,65024.0,8192.0,✓,✗
<a href='https://hf.co/microsoft/Phi-4-reasoning'>microsoft/Phi-4-reasoning</a>,🤔,4.36@@4.36,14659507200.0,100352.0,32768.0,✓,✗
<a href='https://hf.co/meta-llama/Llama-3.2-1B'>meta-llama/Llama-3.2-1B</a>,🧠,4.39@@4.39,1235814400.0,128256.0,131073.0,✓,✗
<a href='https://ollama.com/library/gemma3:1b'>ollama_chat/gemma3:1b</a>,📝,4.40@@4.40,1000000000.0,262144.0,32768.0,✓,✗
<a href='https://hf.co/google/gemma-3-1b-pt'>google/gemma-3-1b-pt</a>,🧠,4.41@@4.41,999885952.0,262144.0,32768.0,✓,✗
<a href='https://hf.co/AI-Sweden-Models/gpt-sw3-356m-instruct'>AI-Sweden-Models/gpt-sw3-356m-instruct</a>,📝,4.42@@4.42,470607872.0,64000.0,2048.0,✓,✗
<a href='https://hf.co/HuggingFaceTB/SmolLM2-1.7B'>HuggingFaceTB/SmolLM2-1.7B</a>,🧠,4.42@@4.42,1711376384.0,49152.0,8192.0,✓,✗
<a href='https://hf.co/common-pile/comma-v0.1-1t'>common-pile/comma-v0.1-1t</a>,🧠,4.42@@4.42,7002656768.0,64256.0,16384.0,✓,✗
<a href='https://hf.co/PleIAs/Pleias-1.2b-Preview'>PleIAs/Pleias-1.2b-Preview</a>,🧠,4.42@@4.42,1195468800.0,65536.0,2048.0,✓,✗
<a href='https://hf.co/BSC-LT/salamandra-2b-instruct'>BSC-LT/salamandra-2b-instruct</a>,📝,4.43@@4.43,2253490176.0,256000.0,8192.0,✓,✗
<a href='https://hf.co/Qwen/Qwen1.5-1.8B-Chat'>Qwen/Qwen1.5-1.8B-Chat</a>,📝,4.43@@4.43,1836828672.0,151936.0,32768.0,✗,✗
<a href='https://hf.co/timpal0l/Mistral-7B-v0.1-flashback-v2'>timpal0l/Mistral-7B-v0.1-flashback-v2</a>,📝,4.43@@4.43,7241732096.0,32000.0,4096.0,✓,✗
<a href='https://hf.co/PleIAs/Pleias-3b-Preview'>PleIAs/Pleias-3b-Preview</a>,🧠,4.45@@4.45,3211926528.0,65536.0,4096.0,✓,✗
<a href='https://hf.co/utter-project/EuroLLM-1.7B'>utter-project/EuroLLM-1.7B</a>,🧠,4.46@@4.46,?,128000.0,4096.0,✓,✗
<a href='https://hf.co/ibm-granite/granite-7b-instruct'>ibm-granite/granite-7b-instruct</a>,📝,4.48@@4.48,6738481152.0,32008.0,4096.0,✓,✗
<a href='https://hf.co/ibm-granite/granite-3.0-1b-a400m-instruct'>ibm-granite/granite-3.0-1b-a400m-instruct</a>,📝,4.48@@4.48,1334628352.0,49155.0,4096.0,✓,✗
<a href='https://hf.co/utter-project/EuroLLM-1.7B-Instruct'>utter-project/EuroLLM-1.7B-Instruct</a>,📝,4.49@@4.49,1656850432.0,128000.0,4096.0,✓,✗
<a href='https://hf.co/PleIAs/Pleias-Nano'>PleIAs/Pleias-Nano</a>,🧠,4.50@@4.50,1195468800.0,65536.0,2048.0,✓,✗
<a href='https://hf.co/Qwen/Qwen3-0.6B'>Qwen/Qwen3-0.6B</a>,🤔,4.50@@4.50,751632384.0,151936.0,40960.0,✓,✗
<a href='https://hf.co/ibm-granite/granite-3.0-3b-a800m-base'>ibm-granite/granite-3.0-3b-a800m-base</a>,🧠,4.52@@4.52,3374286336.0,49152.0,4096.0,✓,✗
<a href='https://hf.co/AI-Sweden-Models/gpt-sw3-126m-instruct'>AI-Sweden-Models/gpt-sw3-126m-instruct</a>,📝,4.52@@4.52,186112512.0,64000.0,2048.0,✓,✗
<a href='https://hf.co/ibm-granite/granite-3b-code-instruct-2k'>ibm-granite/granite-3b-code-instruct-2k</a>,📝,4.54@@4.54,3482503680.0,49152.0,2048.0,✓,✗
<a href='https://hf.co/Qwen/Qwen3-1.7B'>Qwen/Qwen3-1.7B</a>,🤔,4.54@@4.54,2031739904.0,151936.0,40960.0,✓,✗
<a href='https://hf.co/Qwen/Qwen1.5-0.5B-Chat'>Qwen/Qwen1.5-0.5B-Chat</a>,📝,4.54@@4.54,619570176.0,151936.0,32768.0,✗,✗
<a href='https://hf.co/microsoft/phi-2'>microsoft/phi-2</a>,🧠,4.55@@4.55,2779683840.0,51200.0,2048.0,✓,✗
<a href='https://hf.co/utter-project/EuroMoE-2.6B-A0.6B-Instruct-Preview'>utter-project/EuroMoE-2.6B-A0.6B-Instruct-Preview</a>,📝,4.55@@4.55,2611528704.0,128000.0,4096.0,✓,✗
<a href='https://hf.co/timpal0l/Mistral-7B-v0.1-flashback-v2-instruct'>timpal0l/Mistral-7B-v0.1-flashback-v2-instruct</a>,📝,4.56@@4.56,7241732096.0,32000.0,32768.0,✓,✗
<a href='https://hf.co/RJuro/kanelsnegl-v0.2'>RJuro/kanelsnegl-v0.2</a>,📝,4.58@@4.58,7241732096.0,32000.0,512.0,✓,✗
<a href='https://hf.co/DiscoResearch/DiscoLM-70b'>DiscoResearch/DiscoLM-70b</a>,🧠,4.59@@4.59,68977172480.0,32032.0,8192.0,✗,✗
<a href='https://hf.co/ibm-granite/granite-3.0-1b-a400m-base'>ibm-granite/granite-3.0-1b-a400m-base</a>,🧠,4.59@@4.59,1384956928.0,49152.0,4096.0,✓,✗
<a href='https://hf.co/Qwen/Qwen2.5-Math-1.5B'>Qwen/Qwen2.5-Math-1.5B</a>,📝,4.59@@4.59,1543714304.0,151936.0,4096.0,✓,✗
<a href='https://hf.co/HuggingFaceTB/SmolLM2-135M-Instruct'>HuggingFaceTB/SmolLM2-135M-Instruct</a>,📝,4.60@@4.60,134515008.0,49152.0,8192.0,✓,✗
<a href='https://hf.co/Qwen/Qwen1.5-0.5B'>Qwen/Qwen1.5-0.5B</a>,📝,4.61@@4.61,619570176.0,151936.0,32768.0,✓,✗
<a href='https://hf.co/HuggingFaceTB/SmolLM2-360M'>HuggingFaceTB/SmolLM2-360M</a>,🧠,4.61@@4.61,361821120.0,49152.0,8192.0,✓,✗
<a href='https://hf.co/utter-project/EuroVLM-1.7B-Preview'>utter-project/EuroVLM-1.7B-Preview</a>,📝,4.62@@4.62,2061162016.0,128000.0,?,✓,✗
<a href='https://hf.co/HuggingFaceTB/SmolLM2-360M-Instruct'>HuggingFaceTB/SmolLM2-360M-Instruct</a>,📝,4.62@@4.62,361821120.0,49152.0,8192.0,✓,✗
<a href='https://hf.co/utter-project/EuroMoE-2.6B-A0.6B-Preview'>utter-project/EuroMoE-2.6B-A0.6B-Preview</a>,🧠,4.62@@4.62,2611528704.0,128000.0,4096.0,✓,✗
<a href='https://hf.co/PleIAs/Pleias-350m-Preview'>PleIAs/Pleias-350m-Preview</a>,🧠,4.62@@4.62,353424384.0,65536.0,2048.0,✓,✗
<a href='https://hf.co/infly/OpenCoder-1.5B-Base'>infly/OpenCoder-1.5B-Base</a>,📝,4.64@@4.64,1905650960.0,96640.0,4096.0,✓,✗
<a href='https://hf.co/Qwen/Qwen1.5-1.8B'>Qwen/Qwen1.5-1.8B</a>,📝,4.66@@4.66,1836828672.0,151936.0,32768.0,✓,✗
<a href='https://hf.co/AI-Sweden-Models/gpt-sw3-126m'>AI-Sweden-Models/gpt-sw3-126m</a>,🧠,4.68@@4.68,186112512.0,64000.0,2048.0,✓,✗
<a href='https://hf.co/HuggingFaceTB/SmolLM2-135M'>HuggingFaceTB/SmolLM2-135M</a>,🧠,4.70@@4.70,134515008.0,49152.0,8192.0,✓,✗
<a href='https://hf.co/RuterNorway/Llama-2-7b-chat-norwegian'>RuterNorway/Llama-2-7b-chat-norwegian</a>,📝,4.73@@4.73,?,32000.0,4096.0,✗,✗
<a href='https://hf.co/microsoft/Phi-4-mini-reasoning'>microsoft/Phi-4-mini-reasoning</a>,🤔,4.80@@4.80,3836021760.0,200064.0,131072.0,✓,✗
<a href='https://hf.co/PleIAs/Pleias-Pico'>PleIAs/Pleias-Pico</a>,🧠,4.82@@4.82,353424384.0,65536.0,2048.0,✓,✗
<a href='https://hf.co/NorGLM/NorGPT-369M'>NorGLM/NorGPT-369M</a>,🧠,4.91@@4.91,?,64000.0,1024.0,✓,✗
<a href='https://hf.co/Sigurdur/icebreaker'>Sigurdur/icebreaker</a>,🧠,4.94@@4.94,110418432.0,32000.0,1024.0,✗,✗
<a href='https://hf.co/Sigurdur/icechat'>Sigurdur/icechat</a>,📝,5.08@@5.08,110418432.0,32000.0,1024.0,✗,✗
<a href='https://hf.co/ssmits/Falcon2-5.5B-multilingual'>ssmits/Falcon2-5.5B-multilingual</a>,🧠,5.15@@5.15,5465415680.0,65024.0,8192.0,✓,✓
<a href='https://hf.co/ai-forever/mGPT'>ai-forever/mGPT</a>,🧠,5.40@@5.40,?,100000.0,1024.0,✓,✗
<a href='https://hf.co/openai-community/gpt2-medium'>openai-community/gpt2-medium</a>,🧠,5.59@@5.59,379988992.0,50257.0,1024.0,✓,✗
<a href='https://hf.co/openai-community/gpt2-large'>openai-community/gpt2-large</a>,🧠,5.63@@5.63,811778816.0,50257.0,1024.0,✓,✗
<a href='https://hf.co/openai-community/gpt2'>openai-community/gpt2</a>,🧠,5.63@@5.63,137022720.0,50257.0,1024.0,✓,✗
<a href='https://hf.co/Sigurdur/jonas-hallgrimsson-gpt2'>Sigurdur/jonas-hallgrimsson-gpt2</a>,🧠,5.66@@5.66,125011200.0,51001.0,512.0,✗,✗
<a href='https://hf.co/setu4993/LaBSE'>setu4993/LaBSE</a>,🔍,-@@100,470927360.0,501153.0,512.0,✓,✗
<a href='https://hf.co/tiiuae/Falcon3-7B-Instruct'>tiiuae/Falcon3-7B-Instruct</a>,📝,-@@100,7455550464.0,131072.0,32768.0,✓,✗
<a href='https://hf.co/tiiuae/Falcon3-7B-Base'>tiiuae/Falcon3-7B-Base</a>,🧠,-@@100,7455550464.0,131072.0,32768.0,✓,✗
<a href='https://hf.co/mideind/IceBERT-ic3'>mideind/IceBERT-ic3</a>,🔍,-@@100,162944162.0,50000.0,514.0,✓,✗
<a href='https://hf.co/mideind/IceBERT-large'>mideind/IceBERT-large</a>,🔍,-@@100,406390946.0,50000.0,514.0,✓,✗
<a href='https://hf.co/vesteinn/DanskBERT'>vesteinn/DanskBERT</a>,🔍,-@@100,124548012.0,50005.0,514.0,✓,✗
<a href='https://hf.co/microsoft/xlm-align-base'>microsoft/xlm-align-base</a>,🔍,-@@100,278045186.0,250002.0,512.0,✓,✗
skole-gpt-mixtral,🧠,-@@100,?,32000.0,32768.0,✓,✗
<a href='https://hf.co/mideind/IceBERT-igc'>mideind/IceBERT-igc</a>,🔍,-@@100,124494162.0,50000.0,514.0,✓,✗
<a href='https://hf.co/state-spaces/mamba-2.8b-hf'>state-spaces/mamba-2.8b-hf</a>,🧠,-@@100,2768345600.0,50280.0,32769.0,✓,✗
<a href='https://hf.co/tiiuae/Falcon3-3B-Instruct'>tiiuae/Falcon3-3B-Instruct</a>,📝,-@@100,3227655168.0,131072.0,32768.0,✓,✗
<a href='https://hf.co/vesteinn/FoBERT'>vesteinn/FoBERT</a>,🔍,-@@100,124498007.0,50005.0,514.0,✓,✗
<a href='https://hf.co/vesteinn/IceBERT'>vesteinn/IceBERT</a>,🔍,-@@100,124443650.0,50000.0,512.0,✓,✗
<a href='https://hf.co/stabilityai/stablelm-2-1_6b'>stabilityai/stablelm-2-1_6b</a>,🧠,-@@100,1644515328.0,100352.0,4096.0,✓,✗
<a href='https://hf.co/mideind/IceBERT-mC4-is'>mideind/IceBERT-mC4-is</a>,🔍,-@@100,162944162.0,50000.0,514.0,✓,✗
<a href='https://hf.co/vesteinn/ScandiBERT-no-faroese'>vesteinn/ScandiBERT-no-faroese</a>,🔍,-@@100,124498007.0,50005.0,514.0,✓,✗
<a href='https://hf.co/vesteinn/ScandiBERT'>vesteinn/ScandiBERT</a>,🔍,-@@100,124548012.0,50005.0,514.0,✓,✗
<a href='https://hf.co/tiiuae/Falcon3-3B-Base'>tiiuae/Falcon3-3B-Base</a>,🧠,-@@100,3227655168.0,131072.0,32768.0,✓,✗
<a href='https://hf.co/microsoft/mdeberta-v3-base'>microsoft/mdeberta-v3-base</a>,🔍,-@@100,278810882.0,251000.0,512.0,✓,✗
syvai/llama3-da-base,🧠,-@@100,8030261248.0,128256.0,8192.0,✓,✗
<a href='https://hf.co/microsoft/infoxlm-base'>microsoft/infoxlm-base</a>,🔍,-@@100,278045186.0,250002.0,512.0,✓,✗
<a href='https://hf.co/tiiuae/Falcon3-10B-Base'>tiiuae/Falcon3-10B-Base</a>,🧠,-@@100,10305653760.0,131072.0,32768.0,✓,✗
<a href='https://hf.co/vesteinn/XLMR-ENIS'>vesteinn/XLMR-ENIS</a>,🔍,-@@100,124548012.0,50005.0,514.0,✓,✗
<a href='https://hf.co/AI-Sweden-Models/roberta-large-1160k'>AI-Sweden-Models/roberta-large-1160k</a>,🔍,-@@100,355412057.0,50265.0,512.0,✓,✗
<a href='https://hf.co/mideind/IceBERT-xlmr-ic3'>mideind/IceBERT-xlmr-ic3</a>,🔍,-@@100,278545702.0,250002.0,514.0,✓,✗
<a href='https://hf.co/AI-Nordics/bert-large-swedish-cased'>AI-Nordics/bert-large-swedish-cased</a>,🔍,-@@100,335217666.0,30592.0,512.0,✓,✗
<a href='https://hf.co/sentence-transformers/use-cmlm-multilingual'>sentence-transformers/use-cmlm-multilingual</a>,🔍,-@@100,470928386.0,501153.0,512.0,✓,✗
<a href='https://hf.co/tiiuae/Falcon3-1B-Instruct'>tiiuae/Falcon3-1B-Instruct</a>,📝,-@@100,1669408768.0,131072.0,8192.0,✓,✗
<a href='https://hf.co/AI-Sweden-Models/gpt-sw3-20b-instruct'>AI-Sweden-Models/gpt-sw3-20b-instruct</a>,📝,-@@100,20918423552.0,64000.0,2048.0,✓,✗
<a href='https://hf.co/neurocode/IsRoBERTa'>neurocode/IsRoBERTa</a>,🔍,-@@100,83452418.0,52000.0,514.0,✓,✗
<a href='https://hf.co/3ebdola/Dialectal-Arabic-XLM-R-Base'>3ebdola/Dialectal-Arabic-XLM-R-Base</a>,🔍,-@@100,278045186.0,250002.0,512.0,✓,✗
<a href='https://hf.co/mlabonne/NeuralBeagle14-7B'>mlabonne/NeuralBeagle14-7B (val)</a>,📝,-@@100,7241732096.0,32000.0,8192.0,✗,✓
<a href='https://ollama.com/library/gemma3:27b-it-fp16'>ollama_chat/gemma3:27b-it-fp16</a>,📝,-@@100,?,?,?,✓,✗
<a href='https://hf.co/mlabonne/NeuralBeagle14-7B'>mlabonne/NeuralBeagle14-7B</a>,📝,-@@100,7241732096.0,32000.0,4096.0,✗,✓
<a href='https://hf.co/mlabonne/AlphaMonarch-7B'>mlabonne/AlphaMonarch-7B (val)</a>,📝,-@@100,7241732096.0,32000.0,8192.0,✗,✓
<a href='https://hf.co/mlabonne/AlphaMonarch-7B'>mlabonne/AlphaMonarch-7B</a>,📝,-@@100,7241732096.0,32000.0,4096.0,✗,✓
<a href='https://hf.co/01-ai/Yi-6B'>01-ai/Yi-6B</a>,🧠,-@@100,6061035520.0,64000.0,4096.0,✓,✗
<a href='https://hf.co/01-ai/Yi-6B-Chat'>01-ai/Yi-6B-Chat</a>,📝,-@@100,6061035520.0,64000.0,4096.0,✗,✗
<a href='https://hf.co/patrickvonplaten/norwegian-roberta-base'>patrickvonplaten/norwegian-roberta-base</a>,🔍,-@@100,124647170.0,50265.0,512.0,✓,✗
<a href='https://hf.co/pdelobelle/robbert-v2-dutch-base'>pdelobelle/robbert-v2-dutch-base</a>,🔍,-@@100,116763650.0,40000.0,512.0,✓,✗
<a href='https://hf.co/sarnikowski/convbert-medium-small-da-cased'>sarnikowski/convbert-medium-small-da-cased</a>,🔍,-@@100,24486086.0,28995.0,512.0,✓,✗
<a href='https://hf.co/sarnikowski/convbert-small-da-cased'>sarnikowski/convbert-small-da-cased</a>,🔍,-@@100,13014618.0,28995.0,512.0,✓,✗
<a href='https://hf.co/AI-Sweden-Models/gpt-sw3-20b'>AI-Sweden-Models/gpt-sw3-20b</a>,🧠,-@@100,20918423552.0,64000.0,2048.0,✓,✗
<a href='https://hf.co/sentence-transformers/distilbert-multilingual-nli-stsb-quora-ranking'>sentence-transformers/distilbert-multilingual-nli-stsb-quora-ranking</a>,🔍,-@@100,134734080.0,119547.0,512.0,✓,✗
<a href='https://hf.co/sentence-transformers/distiluse-base-multilingual-cased-v1'>sentence-transformers/distiluse-base-multilingual-cased-v1</a>,🔍,-@@100,134734080.0,119547.0,512.0,✓,✗
<a href='https://hf.co/sentence-transformers/distiluse-base-multilingual-cased-v2'>sentence-transformers/distiluse-base-multilingual-cased-v2</a>,🔍,-@@100,134734080.0,119547.0,512.0,✓,✗
<a href='https://hf.co/sentence-transformers/distiluse-base-multilingual-cased'>sentence-transformers/distiluse-base-multilingual-cased</a>,🔍,-@@100,134734080.0,119547.0,512.0,✓,✗
<a href='https://hf.co/sentence-transformers/paraphrase-multilingual-MiniLM-L12-v2'>sentence-transformers/paraphrase-multilingual-MiniLM-L12-v2</a>,🔍,-@@100,117654530.0,250037.0,512.0,✓,✗
<a href='https://hf.co/sentence-transformers/paraphrase-multilingual-mpnet-base-v2'>sentence-transformers/paraphrase-multilingual-mpnet-base-v2</a>,🔍,-@@100,278044162.0,250002.0,512.0,✓,✗
<a href='https://hf.co/AI-Sweden-Models/bert-large-nordic-pile-1M-steps'>AI-Sweden-Models/bert-large-nordic-pile-1M-steps</a>,🔍,-@@100,369425410.0,64000.0,512.0,✓,✗
<a href='https://hf.co/AI-Sweden-Models/gpt-sw3-6.7b'>AI-Sweden-Models/gpt-sw3-6.7b</a>,🧠,-@@100,7111057408.0,64000.0,2048.0,✓,✗
<a href='https://hf.co/sentence-transformers/paraphrase-xlm-r-multilingual-v1'>sentence-transformers/paraphrase-xlm-r-multilingual-v1</a>,🔍,-@@100,278044162.0,250002.0,512.0,✓,✗
<a href='https://hf.co/sentence-transformers/quora-distilbert-multilingual'>sentence-transformers/quora-distilbert-multilingual</a>,🔍,-@@100,135326210.0,119547.0,512.0,✓,✗
<a href='https://hf.co/sentence-transformers/stsb-xlm-r-multilingual'>sentence-transformers/stsb-xlm-r-multilingual</a>,🔍,-@@100,278045186.0,250002.0,512.0,✓,✗
<a href='https://hf.co/mideind/IceBERT'>mideind/IceBERT</a>,🔍,-@@100,162944162.0,50000.0,514.0,✓,✗
<a href='https://hf.co/tiiuae/Falcon3-10B-Instruct'>tiiuae/Falcon3-10B-Instruct</a>,📝,-@@100,10305653760.0,131072.0,32768.0,✓,✗
<a href='https://hf.co/NbAiLab/nb-sbert-base'>NbAiLab/nb-sbert-base</a>,🔍,-@@100,177854978.0,119547.0,512.0,✓,✗
<a href='https://hf.co/AI-Sweden-Models/tyr'>AI-Sweden-Models/tyr</a>,📝,-@@100,7241732096.0,32000.0,4096.0,✗,✓
<a href='https://hf.co/ZurichNLP/unsup-simcse-xlm-roberta-base'>ZurichNLP/unsup-simcse-xlm-roberta-base</a>,🔍,-@@100,278045186.0,250002.0,512.0,✓,✗
<a href='https://hf.co/alexanderfalk/danbert-small-cased'>alexanderfalk/danbert-small-cased</a>,🔍,-@@100,83452418.0,52000.0,512.0,✓,✗
<a href='https://hf.co/Maltehb/aelaectra-danish-electra-small-cased'>Maltehb/aelaectra-danish-electra-small-cased</a>,🔍,-@@100,13738498.0,32000.0,128.0,✓,✗
<a href='https://hf.co/Mabeck/Heidrun-Mistral-7B-chat'>Mabeck/Heidrun-Mistral-7B-chat</a>,📝,-@@100,7241732096.0,32000.0,32768.0,✗,✗
<a href='https://hf.co/allenai/OLMo-1.7-7B-hf'>allenai/OLMo-1.7-7B-hf</a>,🧠,-@@100,6888095744.0,50304.0,4096.0,✓,✗
<a href='https://hf.co/allenai/OLMo-1B'>allenai/OLMo-1B</a>,🧠,-@@100,1176764416.0,50280.0,2051.0,✓,✗
<a href='https://hf.co/allenai/OLMo-2-1124-13B'>allenai/OLMo-2-1124-13B</a>,🧠,-@@100,13716198400.0,100352.0,4096.0,✓,✗
<a href='https://hf.co/allenai/OLMo-7B-Twin-2T'>allenai/OLMo-7B-Twin-2T</a>,🧠,-@@100,6888095744.0,50280.0,2051.0,✓,✗
<a href='https://hf.co/allenai/OLMo-7B'>allenai/OLMo-7B</a>,🧠,-@@100,6888095744.0,50280.0,2051.0,✓,✗
<a href='https://hf.co/alpindale/Mistral-7B-v0.2-hf'>alpindale/Mistral-7B-v0.2-hf</a>,🧠,-@@100,7241732096.0,32000.0,32768.0,✓,✗
<a href='https://hf.co/answerdotai/ModernBERT-base'>answerdotai/ModernBERT-base</a>,🔍,-@@100,149655232.0,50368.0,8192.0,✓,✗
<a href='https://hf.co/answerdotai/ModernBERT-large'>answerdotai/ModernBERT-large</a>,🔍,-@@100,395881664.0,50368.0,8192.0,✓,✗
<a href='https://hf.co/asafaya/bert-base-arabic'>asafaya/bert-base-arabic</a>,🔍,-@@100,110618882.0,32000.0,512.0,✓,✗
<a href='https://hf.co/KBLab/sentence-bert-swedish-cased'>KBLab/sentence-bert-swedish-cased</a>,🔍,-@@100,124691456.0,50325.0,512.0,✓,✗
<a href='https://hf.co/cardiffnlp/twitter-xlm-roberta-base'>cardiffnlp/twitter-xlm-roberta-base</a>,🔍,-@@100,278045186.0,250002.0,512.0,✓,✗
<a href='https://hf.co/KBLab/roberta-base-swedish-cased'>KBLab/roberta-base-swedish-cased</a>,🔍,-@@100,125979650.0,52000.0,514.0,✓,✗
<a href='https://hf.co/KBLab/megatron-bert-large-swedish-cased-165k'>KBLab/megatron-bert-large-swedish-cased-165k</a>,🔍,-@@100,369621120.0,64128.0,512.0,✓,✗
<a href='https://hf.co/clips/mfaq'>clips/mfaq</a>,🔍,-@@100,278047490.0,250005.0,512.0,✓,✗
<a href='https://hf.co/danish-foundation-models/encoder-large-v1'>danish-foundation-models/encoder-large-v1</a>,🔍,-@@100,355089410.0,50000.0,512.0,✓,✗
<a href='https://hf.co/danish-foundation-models/encoder-small-v1'>danish-foundation-models/encoder-small-v1</a>,🔍,-@@100,22007401.0,96105.0,128.0,✓,✗
<a href='https://hf.co/dbmdz/bert-base-historic-multilingual-cased'>dbmdz/bert-base-historic-multilingual-cased</a>,🔍,-@@100,111243522.0,32000.0,512.0,✓,✗
<a href='https://hf.co/Twitter/twhin-bert-large'>Twitter/twhin-bert-large</a>,🔍,-@@100,561462786.0,250002.0,512.0,✓,✗
<a href='https://hf.co/Twitter/twhin-bert-base'>Twitter/twhin-bert-base</a>,🔍,-@@100,279080594.0,250002.0,512.0,✓,✗
<a href='https://hf.co/TurkuNLP/finnish-modernbert-tiny'>TurkuNLP/finnish-modernbert-tiny</a>,🔍,-@@100,51647616.0,27264.0,16000.0,✓,✗
<a href='https://hf.co/TurkuNLP/finnish-modernbert-large'>TurkuNLP/finnish-modernbert-large</a>,🔍,-@@100,401260864.0,55616.0,16000.0,✓,✗
<a href='https://hf.co/NbAiLab/notram-bert-norwegian-cased-080321'>NbAiLab/notram-bert-norwegian-cased-080321</a>,🔍,-@@100,178567165.0,119547.0,512.0,✓,✗
<a href='https://hf.co/NbAiLab/roberta_jan_128_ncc'>NbAiLab/roberta_jan_128_ncc</a>,🔍,-@@100,124647170.0,50265.0,514.0,✓,✗
<a href='https://hf.co/NorwAI/NorwAI-Llama2-7B'>NorwAI/NorwAI-Llama2-7B</a>,🧠,-@@100,7033270272.0,67993.0,3969.0,✓,✗
<a href='https://hf.co/NorwAI/NorwAI-Mistral-7B-pretrain'>NorwAI/NorwAI-Mistral-7B-pretrain</a>,🧠,-@@100,7536586752.0,67993.0,3969.0,✓,✗
<a href='https://hf.co/NorwAI/NorwAI-Mistral-7B'>NorwAI/NorwAI-Mistral-7B</a>,🧠,-@@100,7536586752.0,67993.0,3969.0,✓,✗
<a href='https://hf.co/NbAiLab/nb-roberta-base-scandi'>NbAiLab/nb-roberta-base-scandi</a>,🔍,-@@100,278295700.0,250002.0,514.0,✓,✗
<a href='https://hf.co/NbAiLab/nb-roberta-base-scandi-1e4'>NbAiLab/nb-roberta-base-scandi-1e4</a>,🔍,-@@100,278295700.0,250002.0,514.0,✓,✗
<a href='https://hf.co/NbAiLab/nb-roberta-base-ncc'>NbAiLab/nb-roberta-base-ncc</a>,🔍,-@@100,278295700.0,250002.0,514.0,✓,✗
<a href='https://hf.co/Qwen/Qwen1.5-7B'>Qwen/Qwen1.5-7B</a>,📝,-@@100,7721324544.0,151936.0,32769.0,✓,✗
<a href='https://hf.co/NbAiLab/nb-roberta-base-ncc-plus-scandi-2e4'>NbAiLab/nb-roberta-base-ncc-plus-scandi-2e4</a>,🔍,-@@100,278045186.0,250002.0,514.0,✓,✗
<a href='https://hf.co/dbmdz/bert-medium-historic-multilingual-cased'>dbmdz/bert-medium-historic-multilingual-cased</a>,🔍,-@@100,42130946.0,32000.0,512.0,✓,✗
<a href='https://hf.co/NbAiLab/nb-roberta-base-ncc-plus-scandi-1e4'>NbAiLab/nb-roberta-base-ncc-plus-scandi-1e4</a>,🔍,-@@100,278295700.0,250002.0,514.0,✓,✗
<a href='https://hf.co/NbAiLab/nb-bert-large'>NbAiLab/nb-bert-large</a>,🔍,-@@100,356191570.0,50000.0,512.0,✓,✗
<a href='https://hf.co/NbAiLab/nb-bert-base'>NbAiLab/nb-bert-base</a>,🔍,-@@100,178567165.0,119547.0,512.0,✓,✗
<a href='https://hf.co/RJuro/kanelsnegl-v0.1'>RJuro/kanelsnegl-v0.1</a>,📝,-@@100,7241732096.0,32000.0,512.0,✓,✗
<a href='https://hf.co/Maltehb/danish-bert-botxo'>Maltehb/danish-bert-botxo</a>,🔍,-@@100,110618882.0,32000.0,512.0,✓,✗
<a href='https://hf.co/RuterNorway/Llama-2-13b-chat-norwegian'>RuterNorway/Llama-2-13b-chat-norwegian</a>,📝,-@@100,?,32000.0,4096.0,✗,✗
<a href='https://hf.co/Sigurdur/qa-icebreaker'>Sigurdur/qa-icebreaker</a>,🧠,-@@100,110418432.0,32000.0,1024.0,✗,✗
<a href='https://hf.co/Maltehb/aelaectra-danish-electra-small-uncased'>Maltehb/aelaectra-danish-electra-small-uncased</a>,🔍,-@@100,13738498.0,32000.0,128.0,✓,✗
<a href='https://hf.co/TurkuNLP/bert-base-finnish-cased-v1'>TurkuNLP/bert-base-finnish-cased-v1</a>,🔍,-@@100,124523522.0,50105.0,512.0,✓,✗
<a href='https://hf.co/TurkuNLP/finnish-modernbert-base'>TurkuNLP/finnish-modernbert-base</a>,🔍,-@@100,143404800.0,42240.0,16000.0,✓,✗
<a href='https://hf.co/TurkuNLP/finnish-modernbert-large-seq-len-1024-117300-annealed'>TurkuNLP/finnish-modernbert-large-seq-len-1024-117300-annealed</a>,🔍,-@@100,401260864.0,55616.0,1024.0,✓,✗
<a href='https://hf.co/NbAiLab/nb-bert-ncc-male2female'>NbAiLab/nb-bert-ncc-male2female</a>,🔍,-@@100,177975035.0,119547.0,512.0,✓,✗
<a href='https://hf.co/dbmdz/bert-tiny-historic-multilingual-cased'>dbmdz/bert-tiny-historic-multilingual-cased</a>,🔍,-@@100,4624642.0,32000.0,512.0,✓,✗
<a href='https://hf.co/KBLab/megatron-bert-large-swedish-cased-110k'>KBLab/megatron-bert-large-swedish-cased-110k</a>,🔍,-@@100,369556482.0,64128.0,512.0,✓,✗
<a href='https://hf.co/KBLab/megatron-bert-base-swedish-cased-600k'>KBLab/megatron-bert-base-swedish-cased-600k</a>,🔍,-@@100,135357824.0,64128.0,512.0,✓,✗
<a href='https://hf.co/NbAiLab/nb-roberta-base-scandinavian'>NbAiLab/nb-roberta-base-scandinavian</a>,🔍,-@@100,124697947.0,50265.0,512.0,✓,✗
<a href='https://hf.co/ibm-granite/granite-7b-base'>ibm-granite/granite-7b-base</a>,🧠,-@@100,6738415616.0,32000.0,2048.0,✓,✗
<a href='https://hf.co/intfloat/multilingual-e5-base'>intfloat/multilingual-e5-base</a>,🔍,-@@100,278044162.0,250002.0,512.0,✓,✗
<a href='https://hf.co/intfloat/multilingual-e5-large-instruct'>intfloat/multilingual-e5-large-instruct</a>,🔍,-@@100,559890432.0,250002.0,514.0,✓,✗
<a href='https://hf.co/intfloat/multilingual-e5-large'>intfloat/multilingual-e5-large</a>,🔍,-@@100,559892482.0,250002.0,512.0,✓,✗
<a href='https://hf.co/jonfd/electra-small-nordic'>jonfd/electra-small-nordic</a>,🔍,-@@100,21943938.0,96105.0,128.0,✓,✗
<a href='https://hf.co/ltg/norbert2'>ltg/norbert2</a>,🔍,-@@100,125165498.0,50104.0,512.0,✓,✗
<a href='https://hf.co/ltg/norbert3-base'>ltg/norbert3-base</a>,🔍,-@@100,124032002.0,50000.0,512.0,✓,✗
<a href='https://hf.co/ltg/norbert3-large'>ltg/norbert3-large</a>,🔍,-@@100,354406402.0,50000.0,512.0,✓,✗
<a href='https://hf.co/ltg/norbert3-small'>ltg/norbert3-small</a>,🔍,-@@100,40634882.0,50000.0,512.0,✓,✗
<a href='https://hf.co/DDSC/roberta-base-scandinavian'>DDSC/roberta-base-scandinavian</a>,🔍,-@@100,124647170.0,50265.0,514.0,✓,✗
<a href='https://hf.co/ltg/norbert3-xs'>ltg/norbert3-xs</a>,🔍,-@@100,14972162.0,50000.0,512.0,✓,✗
<a href='https://hf.co/marksverdhei/modern-norbert3-base'>marksverdhei/modern-norbert3-base</a>,🔍,-@@100,123994448.0,50000.0,512.0,✓,✗
<a href='https://hf.co/marksverdhei/modern-norbert3-large'>marksverdhei/modern-norbert3-large</a>,🔍,-@@100,354290512.0,50000.0,512.0,✓,✗
<a href='https://hf.co/marksverdhei/modern-norbert3-small'>marksverdhei/modern-norbert3-small</a>,🔍,-@@100,40641104.0,50000.0,512.0,✓,✗
<a href='https://hf.co/marksverdhei/modern-norbert3-xs'>marksverdhei/modern-norbert3-xs</a>,🔍,-@@100,15000272.0,50000.0,512.0,✓,✗
<a href='https://hf.co/DDSC/roberta-base-danish'>DDSC/roberta-base-danish</a>,🔍,-@@100,124697947.0,50265.0,514.0,✓,✗
<a href='https://hf.co/meta-llama/Llama-3.1-405B-Instruct-FP8'>meta-llama/Llama-3.1-405B-Instruct-FP8</a>,📝,-@@100,405868625920.0,128256.0,131072.0,✓,✗
<a href='https://hf.co/meta-llama/Llama-3.1-405B'>meta-llama/Llama-3.1-405B</a>,🧠,-@@100,405853388800.0,128256.0,131072.0,✓,✗
<a href='https://hf.co/CohereForAI/c4ai-command-r7b-12-2024'>CohereForAI/c4ai-command-r7b-12-2024</a>,📝,-@@100,8028033024.0,256000.0,4096.0,✗,✗
<a href='https://hf.co/BSC-LT/salamandra-2b'>BSC-LT/salamandra-2b</a>,🧠,-@@100,2253490176.0,256000.0,8192.0,✓,✗
<a href='https://hf.co/AI-Sweden-Models/tyr'>AI-Sweden-Models/tyr (val)</a>,📝,-@@100,7241732096.0,32000.0,32768.0,✗,✓
<a href='https://hf.co/ltg/norbert'>ltg/norbert</a>,🔍,-@@100,111952540.0,32922.0,512.0,✓,✗
<a href='https://hf.co/mgoin/Nemotron-4-340B-Instruct-hf-FP8'>mgoin/Nemotron-4-340B-Instruct-hf-FP8</a>,📝,-@@100,341029195776.0,256000.0,4096.0,✓,✗
<a href='https://hf.co/DGurgurov/xlm-r_dan-latn'>DGurgurov/xlm-r_dan-latn</a>,🔍,-@@100,278295186.0,250002.0,512.0,✓,✗
<a href='https://hf.co/EuroBERT/EuroBERT-210m'>EuroBERT/EuroBERT-210m</a>,🔍,-@@100,212358146.0,128256.0,8192.0,✓,✗
<a href='https://hf.co/KBLab/megatron-bert-base-swedish-cased-125k'>KBLab/megatron-bert-base-swedish-cased-125k</a>,🔍,-@@100,135357824.0,64128.0,512.0,✓,✗
<a href='https://hf.co/KBLab/bert-base-swedish-cased'>KBLab/bert-base-swedish-cased</a>,🔍,-@@100,125333397.0,50325.0,512.0,✓,✗
<a href='https://hf.co/deepset/gbert-base'>deepset/gbert-base</a>,🔍,-@@100,109929218.0,31102.0,512.0,✓,✗
<a href='https://hf.co/flax-community/nordic-roberta-wiki'>flax-community/nordic-roberta-wiki</a>,🔍,-@@100,124647170.0,50265.0,512.0,✓,✗
<a href='https://hf.co/flax-community/swe-roberta-wiki-oscar'>flax-community/swe-roberta-wiki-oscar</a>,🔍,-@@100,124647170.0,50265.0,512.0,✓,✗
fresh-electra-small,🔍,-@@100,13549314.0,30522.0,512.0,✓,✗
fresh-xlm-roberta-base,🔍,-@@100,278045186.0,250002.0,512.0,✓,✗
<a href='https://hf.co/KBLab/bert-base-swedish-cased-new'>KBLab/bert-base-swedish-cased-new</a>,🔍,-@@100,135259392.0,64000.0,512.0,✓,✗
<a href='https://hf.co/KBLab/bert-base-swedish-cased-alpha'>KBLab/bert-base-swedish-cased-alpha</a>,🔍,-@@100,124444418.0,50002.0,512.0,✓,✗
<a href='https://hf.co/KBLab/albert-base-swedish-cased-alpha'>KBLab/albert-base-swedish-cased-alpha</a>,🔍,-@@100,14245122.0,50000.0,512.0,✓,✗
<a href='https://hf.co/DeepPavlov/rubert-base-cased'>DeepPavlov/rubert-base-cased</a>,🔍,-@@100,177854978.0,119547.0,512.0,✓,✗
<a href='https://hf.co/KB/bert-base-swedish-cased'>KB/bert-base-swedish-cased</a>,🔍,-@@100,124692482.0,50325.0,512.0,✓,✗
<a href='https://hf.co/HPLT/gpt-13b-nordic-prerelease'>HPLT/gpt-13b-nordic-prerelease</a>,🧠,-@@100,14030361600.0,131072.0,4096.0,✓,✗
<a href='https://hf.co/Geotrend/distilbert-base-en-no-cased'>Geotrend/distilbert-base-en-no-cased</a>,🔍,-@@100,68945711.0,33071.0,512.0,✓,✗
<a href='https://hf.co/Geotrend/distilbert-base-25lang-cased'>Geotrend/distilbert-base-25lang-cased</a>,🔍,-@@100,108867577.0,84985.0,512.0,✓,✗
<a href='https://hf.co/Geotrend/bert-base-da-cased'>Geotrend/bert-base-da-cased</a>,🔍,-@@100,103822082.0,23150.0,512.0,✓,✗
<a href='https://hf.co/Geotrend/bert-base-25lang-cased'>Geotrend/bert-base-25lang-cased</a>,🔍,-@@100,151311362.0,84985.0,512.0,✓,✗
<a href='https://hf.co/FacebookAI/xlm-roberta-large'>FacebookAI/xlm-roberta-large</a>,🔍,-@@100,559892482.0,250002.0,512.0,✓,✗
<a href='https://hf.co/FacebookAI/roberta-base'>FacebookAI/roberta-base</a>,🔍,-@@100,124647170.0,50265.0,512.0,✓,✗
<a href='https://hf.co/google/rembert'>google/rembert</a>,🔍,-@@100,575922690.0,250300.0,256.0,✓,✗
<a href='https://platform.openai.com/docs/models/gpt-3.5-turbo'>gpt-3.5-turbo-0613 (val)</a>,📝,-@@100,?,100256.0,4095.0,✓,✗
<a href='https://hf.co/EuropeanParliament/EUBERT'>EuropeanParliament/EUBERT</a>,🔍,-@@100,93990500.0,65636.0,512.0,✓,✗
<a href='https://hf.co/google-bert/bert-base-multilingual-uncased'>google-bert/bert-base-multilingual-uncased</a>,🔍,-@@100,167357954.0,105879.0,512.0,✓,✗
<a href='https://hf.co/google/canine-c'>google/canine-c</a>,🔍,-@@100,132084482.0,1114112.0,2048.0,✓,✗
