<span style='font-size: 12px; font-weight: normal; opacity: 0.6;'>Task Type</span>,<span style='visibility: hidden;'>dummy</span>,,,,,,,,,,,,,
Model,Type,Rank,"<a href=""https://euroeval.com/tasks/european-values"">European Values</a>",Parameters,Vocabulary,Context,Commercial,Merge,Catalan,French,Italian,Portuguese,Romanian,Spanish
"<a href='https://ai.google.dev/gemini-api/docs/models#gemini-3-pro-preview'>gemini/gemini-3-pro-preview (zero-shot, val)</a>",ğŸ¤”,1.32@@1.32,0.11,?,256128.0,1048576.0,âœ“,âœ—,1.28@@1.28,1.15@@1.15,1.30@@1.30,1.44@@1.44,1.52@@1.52,1.25@@1.25
"<a href='https://ai.google.dev/gemini-api/docs/models#gemini-3-flash-preview'>gemini/gemini-3-flash-preview#thinking (zero-shot, val)</a>",ğŸ¤”,1.44@@1.44,83.08,?,256128.0,1048576.0,âœ“,âœ—,1.36@@1.36,1.26@@1.26,1.41@@1.41,1.55@@1.55,1.64@@1.64,1.42@@1.42
"<a href='https://ai.google.dev/gemini-api/docs/models#gemini-3-flash-preview'>gemini/gemini-3-flash-preview#no-thinking (zero-shot, val)</a>",ğŸ“,1.45@@1.45,14.46,?,256128.0,1048576.0,âœ“,âœ—,1.52@@1.52,1.28@@1.28,1.39@@1.39,1.46@@1.46,1.70@@1.70,1.34@@1.34
"<a href='https://docs.anthropic.com/en/docs/about-claude'>claude-sonnet-4-5-20250929#thinking (zero-shot, val)</a>",ğŸ¤”,1.58@@1.58,?,?,?,200000.0,âœ“,âœ—,1.43@@1.43,1.35@@1.35,1.71@@1.71,1.80@@1.80,1.61@@1.61,1.61@@1.61
"<a href='https://platform.openai.com/docs/models/gpt-5.2'>gpt-5.2-2025-12-11 (zero-shot, val)</a>",ğŸ¤”,1.64@@1.64,69.2,?,?,?,âœ“,âœ—,1.70@@1.70,1.40@@1.40,1.67@@1.67,1.58@@1.58,1.89@@1.89,1.60@@1.60
"<a href='https://platform.openai.com/docs/models/gpt-5'>gpt-5-2025-08-07 (zero-shot, val)</a>",ğŸ¤”,1.71@@1.71,?,?,100256.0,272000.0,âœ“,âœ—,1.49@@1.49,1.58@@1.58,1.88@@1.88,1.99@@1.99,1.60@@1.60,1.70@@1.70
"<a href='https://docs.anthropic.com/en/docs/about-claude'>claude-sonnet-4-5-20250929#no-thinking (zero-shot, val)</a>",ğŸ“,1.73@@1.73,19.98,?,?,200000.0,âœ“,âœ—,1.61@@1.61,1.41@@1.41,1.77@@1.77,1.94@@1.94,1.97@@1.97,1.70@@1.70
"<a href='https://ai.google.dev/gemini-api/docs/models#gemini-2.5-pro'>gemini/gemini-2.5-pro (zero-shot, val)</a>",ğŸ¤”,1.76@@1.76,?,?,256128.0,1048576.0,âœ“,âœ—,1.49@@1.49,1.52@@1.52,1.94@@1.94,2.15@@2.15,1.68@@1.68,1.77@@1.77
<a href='https://hf.co/deepcogito/cogito-v1-preview-qwen-32B'>deepcogito/cogito-v1-preview-qwen-32B</a>,ğŸ“,1.76@@1.76,35.17,32759790592.0,151665.0,131072.0,âœ“,âœ—,1.84@@1.84,1.47@@1.47,1.74@@1.74,1.82@@1.82,2.15@@2.15,1.52@@1.52
<a href='https://hf.co/mistralai/Mistral-Small-3.1-24B-Instruct-2503'>mistralai/Mistral-Small-3.1-24B-Instruct-2503</a>,ğŸ“,1.78@@1.78,?,24011361280.0,131072.0,8192.0,âœ“,âœ—,2.02@@2.02,1.56@@1.56,1.72@@1.72,1.89@@1.89,1.91@@1.91,1.58@@1.58
<a href='https://hf.co/mistralai/Mistral-Small-3.2-24B-Instruct-2506'>mistralai/Mistral-Small-3.2-24B-Instruct-2506</a>,ğŸ“,1.78@@1.78,?,24011361280.0,131072.0,8192.0,âœ“,âœ—,1.97@@1.97,1.52@@1.52,1.73@@1.73,1.85@@1.85,1.89@@1.89,1.70@@1.70
<a href='https://hf.co/mistralai/Mistral-Small-3.1-24B-Base-2503'>mistralai/Mistral-Small-3.1-24B-Base-2503</a>,ğŸ§ ,1.79@@1.79,N/A,24011361280.0,131072.0,8192.0,âœ“,âœ—,1.97@@1.97,1.44@@1.44,1.66@@1.66,1.62@@1.62,1.94@@1.94,2.13@@2.13
<a href='https://hf.co/meta-llama/Llama-3.1-70B'>meta-llama/Llama-3.1-70B</a>,ğŸ§ ,1.79@@1.79,N/A,70553706496.0,128256.0,131072.0,âœ“,âœ—,1.91@@1.91,1.47@@1.47,1.61@@1.61,1.66@@1.66,1.99@@1.99,2.12@@2.12
"<a href='https://ai.google.dev/gemini-api/docs/models#gemini-2.5-flash'>gemini/gemini-2.5-flash#thinking (zero-shot, val)</a>",ğŸ¤”,1.80@@1.80,?,?,256128.0,1048576.0,âœ“,âœ—,1.50@@1.50,1.58@@1.58,2.07@@2.07,2.26@@2.26,1.64@@1.64,1.77@@1.77
<a href='https://hf.co/mistralai/Voxtral-Small-24B-2507'>mistralai/Voxtral-Small-24B-2507</a>,ğŸ“,1.80@@1.80,?,24261800960.0,131072.0,8192.0,âœ“,âœ—,1.97@@1.97,1.58@@1.58,1.75@@1.75,1.87@@1.87,1.93@@1.93,1.71@@1.71
<a href='https://hf.co/Qwen/Qwen3-32B'>Qwen/Qwen3-32B#no-thinking</a>,ğŸ“,1.81@@1.81,2.38,32762123264.0,151936.0,40960.0,âœ“,âœ—,1.61@@1.61,1.69@@1.69,1.93@@1.93,2.04@@2.04,1.89@@1.89,1.71@@1.71
"<a href='https://platform.openai.com/docs/models/gpt-4.1'>gpt-4.1-2025-04-14 (zero-shot, val)</a>",ğŸ“,1.87@@1.87,62.15,?,?,1047576.0,âœ“,âœ—,1.64@@1.64,1.66@@1.66,2.11@@2.11,2.18@@2.18,1.81@@1.81,1.85@@1.85
<a href='https://hf.co/deepcogito/cogito-v1-preview-llama-70B'>deepcogito/cogito-v1-preview-llama-70B</a>,ğŸ“,1.88@@1.88,?,70553706496.0,128256.0,131072.0,âœ“,âœ—,2.28@@2.28,1.52@@1.52,1.76@@1.76,1.90@@1.90,2.14@@2.14,1.66@@1.66
<a href='https://hf.co/Qwen/Qwen2.5-72B-Instruct'>Qwen/Qwen2.5-72B-Instruct</a>,ğŸ“,1.89@@1.89,6.54,72706203648.0,152064.0,32768.0,âœ“,âœ—,1.90@@1.90,1.57@@1.57,2.02@@2.02,1.99@@1.99,2.18@@2.18,1.67@@1.67
<a href='https://hf.co/deepcogito/cogito-v2-preview-llama-70B'>deepcogito/cogito-v2-preview-llama-70B</a>,ğŸ“,1.90@@1.90,41.56,70553706496.0,128256.0,131072.0,âœ“,âœ—,2.27@@2.27,1.55@@1.55,1.86@@1.86,2.00@@2.00,2.10@@2.10,1.63@@1.63
<a href='https://hf.co/google/gemma-3-27b-pt'>google/gemma-3-27b-pt</a>,ğŸ§ ,1.90@@1.90,N/A,27432406640.0,262144.0,8192.0,âœ“,âœ—,2.00@@2.00,1.65@@1.65,1.81@@1.81,1.76@@1.76,1.87@@1.87,2.30@@2.30
"<a href='https://platform.openai.com/docs/models/gpt-5-mini'>gpt-5-mini-2025-08-07 (zero-shot, val)</a>",ğŸ¤”,1.91@@1.91,?,?,100256.0,272000.0,âœ“,âœ—,1.67@@1.67,1.78@@1.78,2.04@@2.04,2.27@@2.27,1.81@@1.81,1.88@@1.88
<a href='https://hf.co/Qwen/Qwen3-14B'>Qwen/Qwen3-14B#no-thinking</a>,ğŸ“,1.92@@1.92,5.61,14768307200.0,151936.0,40960.0,âœ“,âœ—,1.81@@1.81,1.72@@1.72,2.04@@2.04,2.12@@2.12,2.06@@2.06,1.78@@1.78
"<a href='https://ai.google.dev/gemini-api/docs/models#gemini-2.5-flash-lite'>gemini/gemini-2.5-flash-lite#thinking (zero-shot, val)</a>",ğŸ¤”,1.93@@1.93,?,?,256128.0,1048576.0,âœ“,âœ—,1.73@@1.73,1.74@@1.74,2.14@@2.14,2.29@@2.29,1.84@@1.84,1.82@@1.82
<a href='https://hf.co/deepcogito/cogito-v1-preview-qwen-14B'>deepcogito/cogito-v1-preview-qwen-14B</a>,ğŸ“,1.93@@1.93,40.26,14765947904.0,151665.0,131072.0,âœ“,âœ—,2.07@@2.07,1.63@@1.63,1.93@@1.93,1.92@@1.92,2.38@@2.38,1.64@@1.64
<a href='https://hf.co/google/gemma-3-27b-it'>google/gemma-3-27b-it</a>,ğŸ“,1.96@@1.96,3.26,27432406640.0,262144.0,8192.0,âœ“,âœ—,2.11@@2.11,1.69@@1.69,2.05@@2.05,2.20@@2.20,1.94@@1.94,1.78@@1.78
"<a href='https://docs.anthropic.com/en/docs/about-claude'>claude-haiku-4-5-20251001 (zero-shot, val)</a>",ğŸ¤”,1.97@@1.97,79.48,?,?,200000.0,âœ“,âœ—,1.93@@1.93,1.64@@1.64,2.15@@2.15,2.15@@2.15,2.14@@2.14,1.80@@1.80
<a href='https://hf.co/meta-llama/Llama-3.3-70B-Instruct'>meta-llama/Llama-3.3-70B-Instruct</a>,ğŸ“,1.99@@1.99,1.63,70553706496.0,128256.0,131072.0,âœ“,âœ—,2.31@@2.31,1.60@@1.60,2.03@@2.03,2.12@@2.12,2.17@@2.17,1.74@@1.74
<a href='https://hf.co/Qwen/Qwen3-30B-A3B-Instruct-2507'>Qwen/Qwen3-30B-A3B-Instruct-2507</a>,ğŸ“,2.00@@2.00,2.33,30532122624.0,151936.0,262144.0,âœ“,âœ—,2.09@@2.09,1.71@@1.71,2.01@@2.01,2.04@@2.04,2.38@@2.38,1.77@@1.77
<a href='https://hf.co/openai/gpt-oss-20b'>openai/gpt-oss-20b#medium</a>,ğŸ¤”,2.03@@2.03,?,21511953984.0,201088.0,131072.0,âœ“,âœ—,2.11@@2.11,1.85@@1.85,1.99@@1.99,2.10@@2.10,2.23@@2.23,1.89@@1.89
"<a href='https://platform.openai.com/docs/models/gpt-4.1-mini'>gpt-4.1-mini-2025-04-14 (zero-shot, val)</a>",ğŸ“,2.03@@2.03,54.76,?,?,1047576.0,âœ“,âœ—,1.87@@1.87,1.78@@1.78,2.28@@2.28,2.10@@2.10,2.14@@2.14,1.98@@1.98
"<a href='https://platform.openai.com/docs/models/gpt-5-nano'>gpt-5-nano-2025-08-07 (zero-shot, val)</a>",ğŸ¤”,2.04@@2.04,?,?,100256.0,272000.0,âœ“,âœ—,2.04@@2.04,1.81@@1.81,2.19@@2.19,2.25@@2.25,1.98@@1.98,1.99@@1.99
<a href='https://hf.co/mii-llm/nesso-4B'>mii-llm/nesso-4B</a>,ğŸ“,2.07@@2.07,17.77,4022468096.0,151936.0,262144.0,âœ—,âœ—,2.16@@2.16,1.88@@1.88,2.00@@2.00,2.04@@2.04,2.42@@2.42,1.94@@1.94
<a href='https://hf.co/openai/gpt-oss-20b'>openai/gpt-oss-20b#low</a>,ğŸ¤”,2.08@@2.08,?,21511953984.0,201088.0,131072.0,âœ“,âœ—,2.22@@2.22,1.85@@1.85,2.10@@2.10,2.10@@2.10,2.26@@2.26,1.94@@1.94
<a href='https://hf.co/nvidia/NVIDIA-Nemotron-3-Nano-30B-A3B-BF16'>nvidia/NVIDIA-Nemotron-3-Nano-30B-A3B-BF16#no-thinking</a>,ğŸ“,2.10@@2.10,0.27,31577937344.0,131072.0,262144.0,âœ“,âœ—,2.33@@2.33,1.70@@1.70,1.99@@1.99,1.99@@1.99,2.69@@2.69,1.90@@1.90
<a href='https://hf.co/google/gemma-3-12b-pt'>google/gemma-3-12b-pt</a>,ğŸ§ ,2.10@@2.10,N/A,12187325040.0,262144.0,8192.0,âœ“,âœ—,2.03@@2.03,1.75@@1.75,2.23@@2.23,2.04@@2.04,2.05@@2.05,2.52@@2.52
"<a href='https://ai.google.dev/gemini-api/docs/models#gemini-2.5-flash'>gemini/gemini-2.5-flash#no-thinking (zero-shot, val)</a>",ğŸ“,2.11@@2.11,?,?,256128.0,1048576.0,âœ“,âœ—,1.79@@1.79,1.63@@1.63,2.05@@2.05,2.19@@2.19,2.08@@2.08,2.89@@2.89
<a href='https://hf.co/google/gemma-3-12b-it'>google/gemma-3-12b-it</a>,ğŸ“,2.11@@2.11,0.09,12187325040.0,262144.0,8192.0,âœ“,âœ—,2.37@@2.37,1.78@@1.78,2.06@@2.06,2.28@@2.28,2.21@@2.21,1.93@@1.93
<a href='https://hf.co/Qwen/Qwen3-8B'>Qwen/Qwen3-8B#no-thinking</a>,ğŸ“,2.13@@2.13,2.84,8190735360.0,151936.0,40960.0,âœ“,âœ—,2.00@@2.00,1.90@@1.90,2.21@@2.21,2.29@@2.29,2.35@@2.35,2.03@@2.03
<a href='https://hf.co/google/gemma-3n-E4B-it'>google/gemma-3n-E4B-it</a>,ğŸ“,2.16@@2.16,1.68,7849978192.0,262400.0,8192.0,âœ“,âœ—,2.43@@2.43,1.81@@1.81,1.97@@1.97,2.09@@2.09,2.35@@2.35,2.32@@2.32
<a href='https://hf.co/speakleash/Bielik-11B-v2.3-Instruct'>speakleash/Bielik-11B-v2.3-Instruct</a>,ğŸ“,2.16@@2.16,?,11168796672.0,32128.0,32768.0,âœ“,âœ“,1.94@@1.94,1.88@@1.88,2.34@@2.34,2.34@@2.34,2.35@@2.35,2.11@@2.11
<a href='https://hf.co/ibm-granite/granite-4.0-h-small'>ibm-granite/granite-4.0-h-small</a>,ğŸ“,2.16@@2.16,6.46,32207337984.0,100352.0,131072.0,âœ“,âœ—,2.17@@2.17,1.61@@1.61,2.32@@2.32,2.33@@2.33,2.34@@2.34,2.18@@2.18
<a href='https://hf.co/allenai/Olmo-3.1-32B-Instruct-SFT'>allenai/Olmo-3.1-32B-Instruct-SFT</a>,ğŸ“,2.17@@2.17,5.62,32233522176.0,100278.0,65536.0,âœ—,âœ—,2.29@@2.29,1.81@@1.81,2.27@@2.27,2.15@@2.15,2.48@@2.48,2.02@@2.02
"<a href='https://ai.google.dev/gemini-api/docs/models#gemini-2.5-flash-lite'>gemini/gemini-2.5-flash-lite#no-thinking (zero-shot, val)</a>",ğŸ“,2.19@@2.19,10.25,?,256128.0,1048576.0,âœ“,âœ—,2.09@@2.09,1.91@@1.91,2.34@@2.34,2.33@@2.33,2.32@@2.32,2.16@@2.16
<a href='https://hf.co/allenai/Olmo-3.1-32B-Instruct-DPO'>allenai/Olmo-3.1-32B-Instruct-DPO</a>,ğŸ“,2.19@@2.19,4.34,32233522176.0,100278.0,65536.0,âœ—,âœ—,2.34@@2.34,1.88@@1.88,2.20@@2.20,2.19@@2.19,2.51@@2.51,2.04@@2.04
<a href='https://hf.co/utter-project/EuroLLM-22B-Instruct-2512'>utter-project/EuroLLM-22B-Instruct-2512</a>,ğŸ“,2.21@@2.21,0.62,22637328384.0,128000.0,32768.0,âœ“,âœ—,2.33@@2.33,1.93@@1.93,1.99@@1.99,2.12@@2.12,2.41@@2.41,2.45@@2.45
<a href='https://hf.co/allenai/Olmo-3.1-32B-Instruct'>allenai/Olmo-3.1-32B-Instruct</a>,ğŸ“,2.22@@2.22,0.18,32233522176.0,100278.0,65536.0,âœ—,âœ—,2.37@@2.37,1.93@@1.93,2.26@@2.26,2.18@@2.18,2.51@@2.51,2.07@@2.07
<a href='https://hf.co/Qwen/Qwen3-4B'>Qwen/Qwen3-4B#no-thinking</a>,ğŸ“,2.25@@2.25,2.81,4022468096.0,151936.0,40960.0,âœ“,âœ—,2.14@@2.14,2.04@@2.04,2.35@@2.35,2.31@@2.31,2.45@@2.45,2.20@@2.20
<a href='https://hf.co/allenai/OLMo-2-0325-32B-Instruct'>allenai/OLMo-2-0325-32B-Instruct</a>,ğŸ“,2.27@@2.27,2.5,32234279936.0,100352.0,4096.0,âœ—,âœ—,2.24@@2.24,2.15@@2.15,2.45@@2.45,2.26@@2.26,2.36@@2.36,2.15@@2.15
<a href='https://hf.co/upstage/SOLAR-10.7B-v1.0'>upstage/SOLAR-10.7B-v1.0</a>,ğŸ§ ,2.29@@2.29,N/A,10731524096.0,32000.0,4096.0,âœ“,âœ—,2.32@@2.32,1.99@@1.99,2.24@@2.24,2.39@@2.39,2.62@@2.62,2.16@@2.16
<a href='https://hf.co/speakleash/Bielik-11B-v3.0-Instruct'>speakleash/Bielik-11B-v3.0-Instruct</a>,ğŸ“,2.31@@2.31,10.94,11168796672.0,32128.0,32768.0,âœ“,âœ—,2.25@@2.25,1.95@@1.95,2.48@@2.48,2.75@@2.75,2.34@@2.34,2.10@@2.10
<a href='https://hf.co/utter-project/EuroLLM-22B-Instruct-Preview'>utter-project/EuroLLM-22B-Instruct-Preview</a>,ğŸ“,2.32@@2.32,1.12,22637328384.0,128000.0,4096.0,âœ“,âœ—,2.30@@2.30,2.11@@2.11,2.35@@2.35,2.43@@2.43,2.43@@2.43,2.31@@2.31
<a href='https://hf.co/utter-project/EuroLLM-22B-Preview'>utter-project/EuroLLM-22B-Preview</a>,ğŸ§ ,2.35@@2.35,N/A,?,128000.0,4096.0,âœ“,âœ—,2.29@@2.29,2.09@@2.09,2.39@@2.39,2.56@@2.56,2.55@@2.55,2.22@@2.22
<a href='https://hf.co/swiss-ai/Apertus-70B-Instruct-2509'>swiss-ai/Apertus-70B-Instruct-2509</a>,ğŸ“,2.39@@2.39,0.79,70599864480.0,131072.0,65536.0,âœ—,âœ—,2.63@@2.63,2.08@@2.08,2.26@@2.26,2.44@@2.44,2.76@@2.76,2.15@@2.15
<a href='https://hf.co/ibm-granite/granite-4.0-micro'>ibm-granite/granite-4.0-micro</a>,ğŸ“,2.41@@2.41,4.12,3402836480.0,100352.0,131072.0,âœ“,âœ—,2.45@@2.45,1.98@@1.98,2.26@@2.26,2.57@@2.57,2.68@@2.68,2.50@@2.50
<a href='https://hf.co/deepcogito/cogito-v1-preview-llama-8B'>deepcogito/cogito-v1-preview-llama-8B</a>,ğŸ“,2.44@@2.44,8.24,8030261248.0,128256.0,131072.0,âœ“,âœ—,2.60@@2.60,2.09@@2.09,2.43@@2.43,2.43@@2.43,2.63@@2.63,2.47@@2.47
<a href='https://hf.co/meta-llama/Llama-3.1-8B-Instruct'>meta-llama/Llama-3.1-8B-Instruct</a>,ğŸ“,2.45@@2.45,0.94,8030261248.0,128256.0,131072.0,âœ“,âœ—,2.51@@2.51,2.17@@2.17,2.51@@2.51,2.55@@2.55,2.71@@2.71,2.25@@2.25
<a href='https://hf.co/utter-project/EuroLLM-22B-2512'>utter-project/EuroLLM-22B-2512</a>,ğŸ§ ,2.45@@2.45,N/A,22637328384.0,128000.0,32768.0,âœ“,âœ—,2.30@@2.30,2.37@@2.37,2.29@@2.29,2.50@@2.50,2.41@@2.41,2.85@@2.85
"<a href='https://platform.openai.com/docs/models/gpt-4.1-nano'>gpt-4.1-nano-2025-04-14 (zero-shot, val)</a>",ğŸ“,2.46@@2.46,48.58,?,?,1047576.0,âœ“,âœ—,2.29@@2.29,2.25@@2.25,2.69@@2.69,2.55@@2.55,2.68@@2.68,2.29@@2.29
<a href='https://hf.co/meta-llama/Llama-3.1-8B'>meta-llama/Llama-3.1-8B</a>,ğŸ§ ,2.46@@2.46,N/A,8030261248.0,128256.0,131072.0,âœ“,âœ—,2.36@@2.36,2.08@@2.08,2.46@@2.46,2.56@@2.56,2.64@@2.64,2.66@@2.66
<a href='https://hf.co/allenai/Llama-3.1-Tulu-3-8B-SFT'>allenai/Llama-3.1-Tulu-3-8B-SFT</a>,ğŸ“,2.46@@2.46,3.03,8030326784.0,128264.0,131072.0,âœ“,âœ—,2.43@@2.43,2.14@@2.14,2.47@@2.47,2.52@@2.52,2.53@@2.53,2.67@@2.67
<a href='https://hf.co/allenai/Olmo-3-1125-32B'>allenai/Olmo-3-1125-32B</a>,ğŸ§ ,2.48@@2.48,N/A,32233522176.0,100278.0,65536.0,âœ“,âœ—,2.62@@2.62,1.91@@1.91,2.54@@2.54,2.61@@2.61,2.51@@2.51,2.69@@2.69
<a href='https://hf.co/speakleash/Bielik-11B-v2.6-Instruct'>speakleash/Bielik-11B-v2.6-Instruct</a>,ğŸ“,2.49@@2.49,2.95,11168796672.0,32128.0,32768.0,âœ“,âœ—,2.16@@2.16,2.09@@2.09,2.89@@2.89,2.85@@2.85,2.67@@2.67,2.30@@2.30
<a href='https://hf.co/ibm-granite/granite-4.0-h-micro'>ibm-granite/granite-4.0-h-micro</a>,ğŸ“,2.51@@2.51,0.15,3191396096.0,100352.0,131072.0,âœ“,âœ—,2.46@@2.46,2.15@@2.15,2.64@@2.64,2.53@@2.53,2.76@@2.76,2.51@@2.51
<a href='https://hf.co/Qwen/Qwen3-1.7B'>Qwen/Qwen3-1.7B#no-thinking</a>,ğŸ“,2.56@@2.56,5.28,2031739904.0,151936.0,40960.0,âœ“,âœ—,2.51@@2.51,2.28@@2.28,2.60@@2.60,2.59@@2.59,2.86@@2.86,2.52@@2.52
<a href='https://hf.co/swiss-ai/Apertus-70B-2509'>swiss-ai/Apertus-70B-2509</a>,ğŸ§ ,2.57@@2.57,N/A,70599864480.0,131072.0,65536.0,âœ“,âœ—,2.20@@2.20,2.45@@2.45,2.79@@2.79,2.84@@2.84,2.23@@2.23,2.89@@2.89
<a href='https://hf.co/baidu/ERNIE-4.5-21B-A3B-PT'>baidu/ERNIE-4.5-21B-A3B-PT</a>,ğŸ“,2.59@@2.59,0.19,21948655808.0,103424.0,131072.0,âœ“,âœ—,2.44@@2.44,2.30@@2.30,2.77@@2.77,2.63@@2.63,2.76@@2.76,2.63@@2.63
<a href='https://hf.co/kurakurai/Luth-1.7B-Instruct'>kurakurai/Luth-1.7B-Instruct</a>,ğŸ“,2.59@@2.59,0.99,1720574976.0,151936.0,40960.0,âœ—,âœ—,2.52@@2.52,2.33@@2.33,2.73@@2.73,2.70@@2.70,2.82@@2.82,2.47@@2.47
<a href='https://hf.co/google/gemma-3-4b-it'>google/gemma-3-4b-it</a>,ğŸ“,2.63@@2.63,1.57,4300079472.0,262144.0,8192.0,âœ“,âœ—,2.81@@2.81,2.26@@2.26,2.60@@2.60,2.63@@2.63,2.78@@2.78,2.69@@2.69
<a href='https://hf.co/BSC-LT/ALIA-40b'>BSC-LT/ALIA-40b</a>,ğŸ§ ,2.66@@2.66,N/A,40433885184.0,256000.0,32768.0,âœ“,âœ—,2.39@@2.39,2.43@@2.43,2.79@@2.79,2.80@@2.80,2.73@@2.73,2.84@@2.84
<a href='https://hf.co/utter-project/EuroLLM-9B'>utter-project/EuroLLM-9B</a>,ğŸ§ ,2.66@@2.66,N/A,9152319488.0,128000.0,4096.0,âœ“,âœ—,2.61@@2.61,2.30@@2.30,2.65@@2.65,2.87@@2.87,2.97@@2.97,2.57@@2.57
<a href='https://hf.co/google/gemma-3-4b-pt'>google/gemma-3-4b-pt</a>,ğŸ§ ,2.67@@2.67,N/A,4300079472.0,262144.0,8192.0,âœ“,âœ—,2.49@@2.49,2.33@@2.33,2.77@@2.77,2.86@@2.86,2.69@@2.69,2.90@@2.90
<a href='https://hf.co/swiss-ai/Apertus-8B-Instruct-2509'>swiss-ai/Apertus-8B-Instruct-2509</a>,ğŸ“,2.68@@2.68,?,8053338176.0,131072.0,65536.0,âœ—,âœ—,2.98@@2.98,2.26@@2.26,2.61@@2.61,2.58@@2.58,3.26@@3.26,2.40@@2.40
<a href='https://hf.co/openai/gpt-oss-20b'>openai/gpt-oss-20b#high</a>,ğŸ¤”,2.69@@2.69,?,21511953984.0,201088.0,131072.0,âœ“,âœ—,2.37@@2.37,2.45@@2.45,2.46@@2.46,2.74@@2.74,2.97@@2.97,3.14@@3.14
<a href='https://hf.co/allenai/Olmo-3-1025-7B'>allenai/Olmo-3-1025-7B</a>,ğŸ§ ,2.71@@2.71,N/A,7298011136.0,100278.0,65536.0,âœ“,âœ—,2.72@@2.72,2.31@@2.31,2.83@@2.83,2.82@@2.82,2.86@@2.86,2.75@@2.75
<a href='https://hf.co/speakleash/Bielik-11B-v3-Base-20250730'>speakleash/Bielik-11B-v3-Base-20250730</a>,ğŸ§ ,2.73@@2.73,N/A,11168796672.0,32128.0,32768.0,âœ“,âœ—,2.74@@2.74,2.56@@2.56,2.88@@2.88,2.86@@2.86,2.46@@2.46,2.90@@2.90
<a href='https://hf.co/utter-project/EuroLLM-9B-Instruct'>utter-project/EuroLLM-9B-Instruct</a>,ğŸ“,2.73@@2.73,0.5,9152319488.0,128000.0,4096.0,âœ—,âœ—,2.84@@2.84,2.37@@2.37,2.79@@2.79,2.84@@2.84,2.94@@2.94,2.58@@2.58
<a href='https://hf.co/LiquidAI/LFM2-2.6B'>LiquidAI/LFM2-2.6B</a>,ğŸ“,2.74@@2.74,0.2,2569272320.0,65536.0,128000.0,âœ—,âœ—,3.00@@3.00,2.30@@2.30,2.73@@2.73,2.71@@2.71,3.34@@3.34,2.38@@2.38
<a href='https://hf.co/HuggingFaceTB/SmolLM3-3B-Base'>HuggingFaceTB/SmolLM3-3B-Base</a>,ğŸ§ ,2.77@@2.77,N/A,3075098624.0,128256.0,65536.0,âœ“,âœ—,2.72@@2.72,2.39@@2.39,2.72@@2.72,2.89@@2.89,3.06@@3.06,2.83@@2.83
<a href='https://hf.co/swiss-ai/Apertus-8B-2509'>swiss-ai/Apertus-8B-2509</a>,ğŸ§ ,2.82@@2.82,N/A,8053338176.0,131072.0,65536.0,âœ“,âœ—,2.40@@2.40,2.67@@2.67,3.09@@3.09,3.18@@3.18,2.69@@2.69,2.91@@2.91
<a href='https://hf.co/allenai/Olmo-3-7B-Instruct'>allenai/Olmo-3-7B-Instruct</a>,ğŸ“,2.83@@2.83,0.11,7298011136.0,100278.0,65536.0,âœ—,âœ—,2.91@@2.91,2.54@@2.54,3.01@@3.01,2.77@@2.77,3.02@@3.02,2.76@@2.76
<a href='https://hf.co/occiglot/occiglot-7b-eu5-instruct'>occiglot/occiglot-7b-eu5-instruct</a>,ğŸ“,2.84@@2.84,13.95,7241748480.0,32002.0,32768.0,âœ—,âœ—,2.52@@2.52,2.61@@2.61,3.19@@3.19,2.91@@2.91,2.92@@2.92,2.86@@2.86
<a href='https://hf.co/ibm-granite/granite-4.0-h-tiny'>ibm-granite/granite-4.0-h-tiny</a>,ğŸ“,2.85@@2.85,0.85,6939037248.0,100352.0,131072.0,âœ“,âœ—,2.72@@2.72,2.39@@2.39,3.12@@3.12,2.88@@2.88,3.02@@3.02,3.00@@3.00
<a href='https://hf.co/meta-llama/Llama-3.2-3B-Instruct'>meta-llama/Llama-3.2-3B-Instruct</a>,ğŸ“,2.86@@2.86,2.34,3212749824.0,128256.0,131072.0,âœ“,âœ—,2.98@@2.98,2.54@@2.54,2.97@@2.97,2.92@@2.92,3.18@@3.18,2.61@@2.61
<a href='https://hf.co/Qwen/Qwen2.5-1.5B-Instruct'>Qwen/Qwen2.5-1.5B-Instruct</a>,ğŸ“,2.86@@2.86,0.03,1543714304.0,151936.0,32768.0,âœ“,âœ—,3.04@@3.04,2.50@@2.50,2.92@@2.92,2.82@@2.82,3.26@@3.26,2.60@@2.60
<a href='https://hf.co/allenai/Olmo-3-7B-Instruct-DPO'>allenai/Olmo-3-7B-Instruct-DPO</a>,ğŸ“,2.87@@2.87,0.54,7298011136.0,100278.0,65536.0,âœ—,âœ—,2.90@@2.90,2.62@@2.62,3.06@@3.06,2.83@@2.83,3.02@@3.02,2.79@@2.79
<a href='https://hf.co/arcee-ai/AFM-4.5B-Base'>arcee-ai/AFM-4.5B-Base</a>,ğŸ§ ,2.88@@2.88,N/A,4619184640.0,128004.0,65536.0,âœ“,âœ—,2.81@@2.81,2.47@@2.47,3.02@@3.02,2.97@@2.97,3.10@@3.10,2.91@@2.91
<a href='https://hf.co/occiglot/occiglot-7b-eu5'>occiglot/occiglot-7b-eu5</a>,ğŸ§ ,2.88@@2.88,N/A,7241732096.0,32000.0,32768.0,âœ“,âœ—,2.99@@2.99,2.51@@2.51,2.86@@2.86,3.04@@3.04,3.02@@3.02,2.86@@2.86
<a href='https://hf.co/speakleash/Bielik-1.5B-v3.0-Instruct'>speakleash/Bielik-1.5B-v3.0-Instruct</a>,ğŸ“,3.00@@3.00,2.65,1596507648.0,32000.0,8192.0,âœ“,âœ—,2.79@@2.79,2.67@@2.67,3.18@@3.18,3.09@@3.09,3.38@@3.38,2.86@@2.86
<a href='https://hf.co/allenai/Olmo-3-7B-Instruct-SFT'>allenai/Olmo-3-7B-Instruct-SFT</a>,ğŸ“,3.02@@3.02,0.98,7298011136.0,100278.0,65536.0,âœ—,âœ—,3.01@@3.01,2.88@@2.88,3.15@@3.15,2.99@@2.99,3.20@@3.20,2.88@@2.88
<a href='https://hf.co/deepcogito/cogito-v1-preview-llama-3B'>deepcogito/cogito-v1-preview-llama-3B</a>,ğŸ“,3.02@@3.02,5.43,3606752256.0,128256.0,131072.0,âœ“,âœ—,3.04@@3.04,2.77@@2.77,3.10@@3.10,2.93@@2.93,3.16@@3.16,3.11@@3.11
<a href='https://hf.co/arcee-ai/Trinity-Nano-Preview'>arcee-ai/Trinity-Nano-Preview</a>,ğŸ“,3.09@@3.09,7.92,6120003328.0,200192.0,131072.0,âœ“,âœ—,2.89@@2.89,3.01@@3.01,3.35@@3.35,2.97@@2.97,3.21@@3.21,3.09@@3.09
<a href='https://hf.co/arcee-ai/AFM-4.5B'>arcee-ai/AFM-4.5B</a>,ğŸ“,3.09@@3.09,14.33,4619189760.0,128005.0,65536.0,âœ“,âœ—,3.10@@3.10,2.67@@2.67,3.41@@3.41,3.19@@3.19,3.26@@3.26,2.94@@2.94
<a href='https://hf.co/TrustLLMeu/baseline-7-8b_2-3t-tokens_llama'>TrustLLMeu/baseline-7-8b_2-3t-tokens_llama</a>,ğŸ§ ,3.12@@3.12,N/A,7799574528.0,100096.0,4096.0,âœ“,âœ—,2.82@@2.82,2.89@@2.89,3.34@@3.34,3.27@@3.27,3.37@@3.37,3.05@@3.05
<a href='https://hf.co/yulan-team/YuLan-Mini-Instruct'>yulan-team/YuLan-Mini-Instruct</a>,ğŸ“,3.24@@3.24,10.58,2424375168.0,99000.0,28723.0,âœ—,âœ—,3.16@@3.16,2.86@@2.86,3.41@@3.41,3.27@@3.27,3.48@@3.48,3.24@@3.24
<a href='https://hf.co/Qwen/Qwen3-0.6B'>Qwen/Qwen3-0.6B#no-thinking</a>,ğŸ“,3.29@@3.29,3.65,751632384.0,151936.0,40960.0,âœ“,âœ—,3.05@@3.05,3.17@@3.17,3.54@@3.54,3.37@@3.37,3.37@@3.37,3.26@@3.26
<a href='https://hf.co/LiquidAI/LFM2.5-1.2B-Thinking'>LiquidAI/LFM2.5-1.2B-Thinking</a>,ğŸ¤”,3.34@@3.34,?,1170340608.0,65536.0,128000.0,âœ—,âœ—,3.51@@3.51,2.89@@2.89,3.31@@3.31,3.21@@3.21,4.20@@4.20,2.93@@2.93
<a href='https://hf.co/BSC-LT/salamandra-7b'>BSC-LT/salamandra-7b</a>,ğŸ§ ,3.37@@3.37,N/A,7768117248.0,256000.0,8192.0,âœ“,âœ—,3.26@@3.26,3.12@@3.12,3.58@@3.58,3.49@@3.49,3.22@@3.22,3.56@@3.56
<a href='https://hf.co/google/gemma-3-1b-it'>google/gemma-3-1b-it</a>,ğŸ“,3.46@@3.46,0.56,999885952.0,262144.0,32768.0,âœ“,âœ—,3.41@@3.41,3.24@@3.24,3.66@@3.66,3.50@@3.50,3.48@@3.48,3.46@@3.46
<a href='https://hf.co/LiquidAI/LFM2-1.2B'>LiquidAI/LFM2-1.2B</a>,ğŸ“,3.46@@3.46,0.92,1170340608.0,65536.0,128000.0,âœ—,âœ—,3.30@@3.30,3.26@@3.26,3.71@@3.71,3.46@@3.46,3.84@@3.84,3.22@@3.22
<a href='https://hf.co/BSC-LT/salamandra-7b-instruct'>BSC-LT/salamandra-7b-instruct</a>,ğŸ“,3.47@@3.47,1.09,7768117248.0,256000.0,8192.0,âœ“,âœ—,3.14@@3.14,3.34@@3.34,3.81@@3.81,3.54@@3.54,3.33@@3.33,3.65@@3.65
<a href='https://hf.co/LiquidAI/LFM2.5-1.2B-Instruct'>LiquidAI/LFM2.5-1.2B-Instruct</a>,ğŸ“,3.48@@3.48,0.01,1170340608.0,65536.0,128000.0,âœ—,âœ—,3.52@@3.52,3.21@@3.21,3.62@@3.62,3.39@@3.39,3.92@@3.92,3.23@@3.23
<a href='https://hf.co/google/gemma-3-1b-pt'>google/gemma-3-1b-pt</a>,ğŸ§ ,3.49@@3.49,N/A,999885952.0,262144.0,32768.0,âœ“,âœ—,3.41@@3.41,3.30@@3.30,3.59@@3.59,3.60@@3.60,3.60@@3.60,3.44@@3.44
<a href='https://hf.co/meta-llama/Llama-3.2-1B'>meta-llama/Llama-3.2-1B</a>,ğŸ§ ,3.51@@3.51,N/A,1235814400.0,128256.0,131072.0,âœ“,âœ—,3.22@@3.22,3.25@@3.25,3.83@@3.83,3.65@@3.65,3.58@@3.58,3.55@@3.55
<a href='https://hf.co/utter-project/EuroMoE-2.6B-A0.6B-Preview'>utter-project/EuroMoE-2.6B-A0.6B-Preview</a>,ğŸ§ ,3.62@@3.62,N/A,2611528704.0,128000.0,4096.0,âœ“,âœ—,3.46@@3.46,3.37@@3.37,3.80@@3.80,3.74@@3.74,3.85@@3.85,3.51@@3.51
<a href='https://hf.co/LiquidAI/LFM2.5-1.2B-Base'>LiquidAI/LFM2.5-1.2B-Base</a>,ğŸ“,3.64@@3.64,5.57,1170340608.0,65536.0,128000.0,âœ—,âœ—,3.61@@3.61,3.35@@3.35,3.80@@3.80,3.58@@3.58,4.01@@4.01,3.48@@3.48
<a href='https://hf.co/PleIAs/Pleias-3b-Preview'>PleIAs/Pleias-3b-Preview</a>,ğŸ§ ,3.64@@3.64,N/A,3211926528.0,65536.0,4096.0,âœ“,âœ—,3.43@@3.43,3.43@@3.43,3.84@@3.84,3.93@@3.93,3.69@@3.69,3.53@@3.53
<a href='https://hf.co/PleIAs/Pleias-1.2b-Preview'>PleIAs/Pleias-1.2b-Preview</a>,ğŸ§ ,3.65@@3.65,N/A,1195468800.0,65536.0,2048.0,âœ“,âœ—,3.46@@3.46,3.37@@3.37,3.73@@3.73,3.87@@3.87,3.77@@3.77,3.72@@3.72
<a href='https://hf.co/LiquidAI/LFM2-700M'>LiquidAI/LFM2-700M</a>,ğŸ“,3.65@@3.65,0.8,742489344.0,65536.0,128000.0,âœ—,âœ—,3.56@@3.56,3.37@@3.37,3.86@@3.86,3.59@@3.59,3.99@@3.99,3.53@@3.53
<a href='https://hf.co/utter-project/EuroMoE-2.6B-A0.6B-Instruct-Preview'>utter-project/EuroMoE-2.6B-A0.6B-Instruct-Preview</a>,ğŸ“,3.72@@3.72,0.36,2611528704.0,128000.0,4096.0,âœ“,âœ—,3.59@@3.59,3.37@@3.37,3.99@@3.99,3.81@@3.81,3.97@@3.97,3.59@@3.59
<a href='https://hf.co/meta-llama/Llama-3.2-1B-Instruct'>meta-llama/Llama-3.2-1B-Instruct</a>,ğŸ“,3.80@@3.80,4.87,1235814400.0,128256.0,131072.0,âœ“,âœ—,3.58@@3.58,3.57@@3.57,4.08@@4.08,3.85@@3.85,3.92@@3.92,3.81@@3.81
<a href='https://hf.co/LiquidAI/LFM2-350M'>LiquidAI/LFM2-350M</a>,ğŸ“,3.82@@3.82,1.18,354483968.0,65536.0,128000.0,âœ—,âœ—,3.76@@3.76,3.69@@3.69,3.87@@3.87,3.83@@3.83,4.19@@4.19,3.60@@3.60
<a href='https://hf.co/baidu/ERNIE-4.5-0.3B-PT'>baidu/ERNIE-4.5-0.3B-PT</a>,ğŸ“,3.88@@3.88,2.01,?,103424.0,131072.0,âœ“,âœ—,3.68@@3.68,3.82@@3.82,4.11@@4.11,3.96@@3.96,3.97@@3.97,3.75@@3.75
<a href='https://hf.co/HuggingFaceTB/SmolLM2-360M'>HuggingFaceTB/SmolLM2-360M</a>,ğŸ§ ,3.89@@3.89,N/A,361821120.0,49152.0,8192.0,âœ“,âœ—,3.83@@3.83,3.60@@3.60,3.98@@3.98,4.00@@4.00,4.20@@4.20,3.73@@3.73
<a href='https://hf.co/tiiuae/Falcon-H1-Tiny-Multilingual-100M-Instruct'>tiiuae/Falcon-H1-Tiny-Multilingual-100M-Instruct</a>,ğŸ“,3.95@@3.95,5.17,107908288.0,65536.0,262144.0,âœ“,âœ—,3.91@@3.91,3.69@@3.69,4.06@@4.06,4.06@@4.06,4.11@@4.11,3.89@@3.89
<a href='https://hf.co/PleIAs/Pleias-350m-Preview'>PleIAs/Pleias-350m-Preview</a>,ğŸ§ ,3.98@@3.98,N/A,353424384.0,65536.0,2048.0,âœ“,âœ—,3.81@@3.81,3.76@@3.76,4.01@@4.01,4.31@@4.31,4.11@@4.11,3.89@@3.89
<a href='https://hf.co/google/gemma-3-270m'>google/gemma-3-270m</a>,ğŸ§ ,3.98@@3.98,N/A,268098176.0,262144.0,32768.0,âœ“,âœ—,3.98@@3.98,3.61@@3.61,4.24@@4.24,4.11@@4.11,4.12@@4.12,3.82@@3.82
<a href='https://hf.co/google/gemma-3-270m-it'>google/gemma-3-270m-it</a>,ğŸ“,4.07@@4.07,2.14,268098176.0,262144.0,32768.0,âœ“,âœ—,3.75@@3.75,3.92@@3.92,4.40@@4.40,4.21@@4.21,4.12@@4.12,3.99@@3.99
<a href='https://hf.co/tiiuae/Falcon-H1-Tiny-Multilingual-100M-Base'>tiiuae/Falcon-H1-Tiny-Multilingual-100M-Base</a>,ğŸ§ ,4.11@@4.11,N/A,107908288.0,65536.0,262144.0,âœ“,âœ—,3.98@@3.98,3.79@@3.79,4.29@@4.29,4.20@@4.20,4.38@@4.38,4.02@@4.02
<a href='https://hf.co/HuggingFaceTB/SmolLM2-135M'>HuggingFaceTB/SmolLM2-135M</a>,ğŸ§ ,4.15@@4.15,N/A,134515008.0,49152.0,8192.0,âœ“,âœ—,4.02@@4.02,3.93@@3.93,4.31@@4.31,4.33@@4.33,4.32@@4.32,4.01@@4.01
<a href='https://hf.co/HuggingFaceTB/SmolLM2-360M-Instruct'>HuggingFaceTB/SmolLM2-360M-Instruct</a>,ğŸ“,4.19@@4.19,1.77,361821120.0,49152.0,8192.0,âœ“,âœ—,3.99@@3.99,3.98@@3.98,4.38@@4.38,4.33@@4.33,4.39@@4.39,4.06@@4.06
<a href='https://hf.co/HuggingFaceTB/SmolLM2-135M-Instruct'>HuggingFaceTB/SmolLM2-135M-Instruct</a>,ğŸ“,4.24@@4.24,10.42,134515008.0,49152.0,8192.0,âœ“,âœ—,4.02@@4.02,4.00@@4.00,4.41@@4.41,4.40@@4.40,4.39@@4.39,4.19@@4.19
<a href='https://hf.co/PleIAs/Baguettotron'>PleIAs/Baguettotron@refs/pr/6#no-thinking</a>,ğŸ“,4.50@@4.50,7.26,320956992.0,65536.0,4096.0,âœ“,âœ—,4.56@@4.56,4.17@@4.17,4.42@@4.42,4.64@@4.64,4.94@@4.94,4.30@@4.30
<a href='https://hf.co/PleIAs/Monad'>PleIAs/Monad</a>,ğŸ§ ,4.82@@4.82,N/A,56656128.0,8192.0,2048.0,âœ“,âœ—,4.67@@4.67,4.53@@4.53,4.99@@4.99,5.02@@5.02,5.15@@5.15,4.58@@4.58
<a href='https://hf.co/infly/OpenCoder-1.5B-Instruct'>infly/OpenCoder-1.5B-Instruct</a>,ğŸ“,-@@100,?,1905650880.0,96640.0,4096.0,âœ—,âœ—,-@@100,3.61@@3.61,-@@100,-@@100,-@@100,-@@100
<a href='https://hf.co/meta-llama/Llama-2-70b-chat-hf'>meta-llama/Llama-2-70b-chat-hf</a>,ğŸ“,-@@100,?,68976653312.0,32000.0,4096.0,âœ“,âœ—,-@@100,2.59@@2.59,3.00@@3.00,2.97@@2.97,-@@100,2.78@@2.78
<a href='https://hf.co/kurakurai/Luth-0.6B-Instruct'>kurakurai/Luth-0.6B-Instruct</a>,ğŸ“,-@@100,?,596049920.0,151936.0,40960.0,âœ—,âœ—,-@@100,2.68@@2.68,3.29@@3.29,3.12@@3.12,-@@100,2.99@@2.99
<a href='https://hf.co/intfloat/e5-base-v2'>intfloat/e5-base-v2</a>,ğŸ”,-@@100,N/A,109482752.0,30522.0,512.0,âœ“,âœ—,-@@100,-@@100,-@@100,-@@100,-@@100,-@@100
<a href='https://hf.co/intfloat/multilingual-e5-base'>intfloat/multilingual-e5-base</a>,ğŸ”,-@@100,N/A,278044162.0,250002.0,512.0,âœ“,âœ—,-@@100,-@@100,-@@100,-@@100,-@@100,-@@100
<a href='https://hf.co/meta-llama/Llama-2-70b-hf'>meta-llama/Llama-2-70b-hf</a>,ğŸ§ ,-@@100,N/A,68976653312.0,32000.0,4096.0,âœ“,âœ—,-@@100,1.98@@1.98,2.42@@2.42,2.46@@2.46,-@@100,2.32@@2.32
<a href='https://hf.co/jhu-clsp/mmBERT-small'>jhu-clsp/mmBERT-small</a>,ğŸ”,-@@100,N/A,140645001.0,256000.0,8192.0,âœ“,âœ—,-@@100,-@@100,-@@100,-@@100,-@@100,-@@100
<a href='https://hf.co/jhu-clsp/mmBERT-base'>jhu-clsp/mmBERT-base</a>,ğŸ”,-@@100,N/A,307537161.0,256000.0,8192.0,âœ“,âœ—,-@@100,-@@100,-@@100,-@@100,-@@100,-@@100
<a href='https://hf.co/intfloat/multilingual-e5-large-instruct'>intfloat/multilingual-e5-large-instruct</a>,ğŸ”,-@@100,N/A,559890432.0,250002.0,512.0,âœ“,âœ—,-@@100,-@@100,-@@100,-@@100,-@@100,-@@100
<a href='https://hf.co/jhu-clsp/bernice'>jhu-clsp/bernice</a>,ğŸ”,-@@100,N/A,278839328.0,250000.0,130.0,âœ“,âœ—,-@@100,-@@100,-@@100,-@@100,-@@100,-@@100
<a href='https://hf.co/meta-llama/Llama-2-7b-chat-hf'>meta-llama/Llama-2-7b-chat-hf</a>,ğŸ“,-@@100,?,6738417664.0,32000.0,4096.0,âœ“,âœ—,-@@100,-@@100,-@@100,3.21@@3.21,-@@100,-@@100
<a href='https://hf.co/meta-llama/Llama-2-13b-hf'>meta-llama/Llama-2-13b-hf</a>,ğŸ§ ,-@@100,N/A,13015866880.0,32000.0,4096.0,âœ“,âœ—,-@@100,2.52@@2.52,2.99@@2.99,2.94@@2.94,-@@100,2.95@@2.95
<a href='https://hf.co/infly/OpenCoder-8B-Instruct'>infly/OpenCoder-8B-Instruct</a>,ğŸ“,-@@100,?,7771262976.0,96640.0,8192.0,âœ“,âœ—,-@@100,2.82@@2.82,-@@100,-@@100,-@@100,-@@100
<a href='https://hf.co/merge-crew/da-sv-ties'>merge-crew/da-sv-ties</a>,ğŸ§ ,-@@100,N/A,7241732096.0,32000.0,32768.0,âœ“,âœ“,-@@100,-@@100,-@@100,-@@100,-@@100,-@@100
<a href='https://hf.co/infly/OpenCoder-1.5B-Base'>infly/OpenCoder-1.5B-Base</a>,ğŸ“,-@@100,?,1905650960.0,96640.0,4096.0,âœ“,âœ—,-@@100,4.28@@4.28,-@@100,-@@100,-@@100,-@@100
<a href='https://hf.co/ibm-granite/granite-8b-code-instruct-4k'>ibm-granite/granite-8b-code-instruct-4k</a>,ğŸ“,-@@100,?,8054910976.0,49152.0,4096.0,âœ“,âœ—,-@@100,2.71@@2.71,3.16@@3.16,3.04@@3.04,-@@100,2.92@@2.92
<a href='https://hf.co/intfloat/multilingual-e5-large'>intfloat/multilingual-e5-large</a>,ğŸ”,-@@100,N/A,559890946.0,250002.0,512.0,âœ“,âœ—,-@@100,-@@100,-@@100,-@@100,-@@100,-@@100
<a href='https://hf.co/infly/OpenCoder-8B-Base'>infly/OpenCoder-8B-Base</a>,ğŸ“,-@@100,?,7771263040.0,96640.0,8192.0,âœ“,âœ—,-@@100,3.13@@3.13,-@@100,-@@100,-@@100,-@@100
<a href='https://hf.co/ibm-granite/granite-8b-code-base'>ibm-granite/granite-8b-code-base</a>,ğŸ§ ,-@@100,N/A,8054910976.0,49152.0,4096.0,âœ“,âœ—,-@@100,-@@100,-@@100,3.09@@3.09,-@@100,-@@100
<a href='https://hf.co/marksverdhei/modern-norbert3-large'>marksverdhei/modern-norbert3-large</a>,ğŸ”,-@@100,N/A,354290512.0,50000.0,512.0,âœ“,âœ—,-@@100,-@@100,-@@100,-@@100,-@@100,-@@100
<a href='https://hf.co/ibm-granite/granite-8b-code-base-4k'>ibm-granite/granite-8b-code-base-4k</a>,ğŸ§ ,-@@100,N/A,8054910976.0,49152.0,4096.0,âœ“,âœ—,-@@100,2.68@@2.68,3.21@@3.21,3.09@@3.09,-@@100,2.93@@2.93
<a href='https://hf.co/marksverdhei/modern-norbert3-base'>marksverdhei/modern-norbert3-base</a>,ğŸ”,-@@100,N/A,123994448.0,50000.0,512.0,âœ“,âœ—,-@@100,-@@100,-@@100,-@@100,-@@100,-@@100
<a href='https://hf.co/lightonai/alfred-40b-1023'>lightonai/alfred-40b-1023</a>,ğŸ“,-@@100,?,?,65024.0,?,âœ“,âœ—,-@@100,2.32@@2.32,2.68@@2.68,-@@100,-@@100,2.94@@2.94
<a href='https://hf.co/kyutai/helium-1-2b'>kyutai/helium-1-2b</a>,ğŸ§ ,-@@100,N/A,2023868416.0,64000.0,4096.0,âœ“,âœ—,-@@100,2.78@@2.78,3.54@@3.54,3.60@@3.60,-@@100,3.36@@3.36
<a href='https://hf.co/merge-crew/scandi-merge'>merge-crew/scandi-merge</a>,ğŸ§ ,-@@100,N/A,7241732096.0,32000.0,32768.0,âœ“,âœ“,-@@100,-@@100,-@@100,3.16@@3.16,-@@100,-@@100
<a href='https://hf.co/ibm-granite/granite-7b-instruct'>ibm-granite/granite-7b-instruct</a>,ğŸ“,-@@100,?,6738481152.0,32008.0,4096.0,âœ“,âœ—,-@@100,-@@100,-@@100,3.77@@3.77,-@@100,-@@100
<a href='https://hf.co/ibm-granite/granite-7b-base'>ibm-granite/granite-7b-base</a>,ğŸ§ ,-@@100,N/A,6738415616.0,32000.0,4096.0,âœ“,âœ—,-@@100,-@@100,-@@100,3.33@@3.33,-@@100,-@@100
<a href='https://hf.co/meta-llama/Llama-2-13b-chat-hf'>meta-llama/Llama-2-13b-chat-hf</a>,ğŸ“,-@@100,?,13015866880.0,32000.0,4096.0,âœ“,âœ—,-@@100,2.79@@2.79,3.13@@3.13,3.09@@3.09,-@@100,-@@100
<a href='https://hf.co/marksverdhei/modern-norbert3-small'>marksverdhei/modern-norbert3-small</a>,ğŸ”,-@@100,N/A,40641104.0,50000.0,512.0,âœ“,âœ—,-@@100,-@@100,-@@100,-@@100,-@@100,-@@100
<a href='https://hf.co/01-ai/Yi-1.5-34B'>01-ai/Yi-1.5-34B</a>,ğŸ§ ,-@@100,N/A,34388917248.0,64000.0,4096.0,âœ“,âœ—,-@@100,1.69@@1.69,2.36@@2.36,2.27@@2.27,-@@100,2.06@@2.06
"<a href='https://platform.openai.com/docs/models/gpt-4-turbo'>gpt-4-1106-preview (zero-shot, val)</a>",ğŸ“,-@@100,?,?,100256.0,128000.0,âœ“,âœ—,-@@100,1.77@@1.77,2.26@@2.26,2.18@@2.18,-@@100,-@@100
"<a href='https://platform.openai.com/docs/models/gpt-4'>gpt-4-0613 (zero-shot, val)</a>",ğŸ“,-@@100,?,?,?,8191.0,âœ“,âœ—,-@@100,1.86@@1.86,-@@100,-@@100,-@@100,-@@100
<a href='https://hf.co/google/rembert'>google/rembert</a>,ğŸ”,-@@100,N/A,574602505.0,250300.0,512.0,âœ“,âœ—,-@@100,-@@100,-@@100,-@@100,-@@100,-@@100
<a href='https://hf.co/google/gemma-7b'>google/gemma-7b</a>,ğŸ§ ,-@@100,N/A,8537680896.0,256000.0,8192.0,âœ“,âœ—,-@@100,2.47@@2.47,2.81@@2.81,-@@100,-@@100,2.69@@2.69
<a href='https://hf.co/google/gemma-7b-it'>google/gemma-7b-it</a>,ğŸ“,-@@100,?,8537680896.0,256000.0,8192.0,âœ—,âœ—,-@@100,3.23@@3.23,3.77@@3.77,-@@100,-@@100,3.54@@3.54
<a href='https://hf.co/google/gemma-3n-E4B'>google/gemma-3n-E4B</a>,ğŸ§ ,-@@100,N/A,7849978192.0,262400.0,?,âœ“,âœ—,-@@100,2.22@@2.22,2.64@@2.64,2.72@@2.72,-@@100,2.49@@2.49
<a href='https://hf.co/google/gemma-2b-it'>google/gemma-2b-it</a>,ğŸ“,-@@100,?,2506172416.0,256000.0,8192.0,âœ—,âœ—,-@@100,3.21@@3.21,3.86@@3.86,-@@100,-@@100,3.51@@3.51
<a href='https://hf.co/google/gemma-2b'>google/gemma-2b</a>,ğŸ§ ,-@@100,N/A,2506172416.0,256000.0,8192.0,âœ“,âœ—,-@@100,3.18@@3.18,3.57@@3.57,-@@100,-@@100,3.42@@3.42
<a href='https://hf.co/google/gemma-3-27b-it'>google/gemma-3-27b-it (zero-shot)</a>,ğŸ“,-@@100,3.26,27432406640.0,262144.0,8192.0,âœ“,âœ—,-@@100,2.19@@2.19,2.43@@2.43,-@@100,-@@100,2.31@@2.31
<a href='https://hf.co/ibm-granite/granite-3b-code-instruct-2k'>ibm-granite/granite-3b-code-instruct-2k</a>,ğŸ“,-@@100,?,3482503680.0,49152.0,2048.0,âœ“,âœ—,-@@100,3.50@@3.50,3.32@@3.32,3.34@@3.34,-@@100,3.26@@3.26
<a href='https://hf.co/ibm-granite/granite-3b-code-base-2k'>ibm-granite/granite-3b-code-base-2k</a>,ğŸ§ ,-@@100,N/A,3482503680.0,49152.0,2048.0,âœ“,âœ—,-@@100,3.36@@3.36,3.39@@3.39,3.36@@3.36,-@@100,3.12@@3.12
<a href='https://hf.co/ibm-granite/granite-34b-code-instruct'>ibm-granite/granite-34b-code-instruct</a>,ğŸ“,-@@100,?,33715603456.0,49152.0,8192.0,âœ“,âœ—,-@@100,2.64@@2.64,2.94@@2.94,2.97@@2.97,-@@100,2.81@@2.81
<a href='https://hf.co/ibm-granite/granite-34b-code-base'>ibm-granite/granite-34b-code-base</a>,ğŸ§ ,-@@100,N/A,33715603456.0,49152.0,8192.0,âœ“,âœ—,-@@100,2.53@@2.53,2.91@@2.91,2.98@@2.98,-@@100,2.74@@2.74
<a href='https://hf.co/ibm-granite/granite-3.0-8b-instruct'>ibm-granite/granite-3.0-8b-instruct</a>,ğŸ“,-@@100,?,8170848256.0,49155.0,4096.0,âœ“,âœ—,-@@100,2.33@@2.33,2.72@@2.72,2.77@@2.77,-@@100,2.46@@2.46
<a href='https://hf.co/ibm-granite/granite-3.0-8b-base'>ibm-granite/granite-3.0-8b-base</a>,ğŸ§ ,-@@100,N/A,8170835968.0,49152.0,4096.0,âœ“,âœ—,-@@100,2.28@@2.28,2.71@@2.71,2.76@@2.76,-@@100,2.41@@2.41
<a href='https://hf.co/ibm-granite/granite-3.0-3b-a800m-instruct'>ibm-granite/granite-3.0-3b-a800m-instruct</a>,ğŸ“,-@@100,?,3374295552.0,49155.0,4096.0,âœ“,âœ—,-@@100,2.71@@2.71,3.17@@3.17,3.32@@3.32,-@@100,2.95@@2.95
<a href='https://hf.co/ibm-granite/granite-3.0-3b-a800m-base'>ibm-granite/granite-3.0-3b-a800m-base</a>,ğŸ§ ,-@@100,N/A,3374286336.0,49152.0,4096.0,âœ“,âœ—,-@@100,2.83@@2.83,3.36@@3.36,3.16@@3.16,-@@100,3.13@@3.13
<a href='https://hf.co/ibm-granite/granite-3.0-2b-instruct'>ibm-granite/granite-3.0-2b-instruct</a>,ğŸ“,-@@100,?,2634201088.0,49155.0,4096.0,âœ“,âœ—,-@@100,-@@100,-@@100,3.06@@3.06,-@@100,-@@100
<a href='https://hf.co/ibm-granite/granite-3.0-2b-base'>ibm-granite/granite-3.0-2b-base</a>,ğŸ§ ,-@@100,N/A,2533525504.0,49152.0,4096.0,âœ“,âœ—,-@@100,-@@100,-@@100,3.14@@3.14,-@@100,-@@100
"<a href='https://platform.openai.com/docs/models/gpt-4o'>gpt-4o-2024-05-13 (zero-shot, val)</a>",ğŸ“,-@@100,?,?,200019.0,128000.0,âœ“,âœ—,-@@100,1.61@@1.61,2.17@@2.17,2.08@@2.08,-@@100,1.82@@1.82
"<a href='https://platform.openai.com/docs/models/gpt-4o-mini'>gpt-4o-mini-2024-07-18 (zero-shot, val)</a>",ğŸ“,-@@100,?,?,200019.0,128000.0,âœ“,âœ—,-@@100,1.93@@1.93,2.45@@2.45,2.20@@2.20,-@@100,1.99@@1.99
"<a href='https://platform.openai.com/docs/models/gpt-5'>gpt-5-2025-08-07#high (zero-shot, val)</a>",ğŸ¤”,-@@100,?,?,100256.0,272000.0,âœ“,âœ—,-@@100,1.54@@1.54,1.86@@1.86,1.97@@1.97,-@@100,1.62@@1.62
"<a href='https://platform.openai.com/docs/models/gpt-5'>gpt-5-2025-08-07#minimal (zero-shot, val)</a>",ğŸ¤”,-@@100,?,?,100256.0,272000.0,âœ“,âœ—,-@@100,1.62@@1.62,2.10@@2.10,2.06@@2.06,-@@100,1.76@@1.76
"<a href='https://platform.openai.com/docs/models/gpt-5-mini'>gpt-5-mini-2025-08-07#high (zero-shot, val)</a>",ğŸ¤”,-@@100,?,?,100256.0,272000.0,âœ“,âœ—,-@@100,1.71@@1.71,2.01@@2.01,2.23@@2.23,-@@100,1.81@@1.81
"<a href='https://platform.openai.com/docs/models/gpt-5-mini'>gpt-5-mini-2025-08-07#minimal (zero-shot, val)</a>",ğŸ¤”,-@@100,?,?,100256.0,272000.0,âœ“,âœ—,-@@100,2.03@@2.03,2.33@@2.33,2.27@@2.27,-@@100,2.01@@2.01
"<a href='https://platform.openai.com/docs/models/gpt-5-nano'>gpt-5-nano-2025-08-07#high (zero-shot, val)</a>",ğŸ¤”,-@@100,?,?,100256.0,272000.0,âœ“,âœ—,-@@100,1.71@@1.71,2.18@@2.18,2.31@@2.31,-@@100,1.99@@1.99
<a href='https://hf.co/ibm-granite/granite-20b-code-base'>ibm-granite/granite-20b-code-base</a>,ğŸ§ ,-@@100,N/A,20066993152.0,49152.0,8192.0,âœ“,âœ—,-@@100,2.61@@2.61,3.01@@3.01,3.07@@3.07,-@@100,2.88@@2.88
<a href='https://hf.co/ibm-granite/granite-20b-code-instruct'>ibm-granite/granite-20b-code-instruct</a>,ğŸ“,-@@100,?,20066993152.0,49152.0,8192.0,âœ“,âœ—,-@@100,2.86@@2.86,3.21@@3.21,3.21@@3.21,-@@100,3.03@@3.03
<a href='https://hf.co/ibm-granite/granite-3.0-1b-a400m-base'>ibm-granite/granite-3.0-1b-a400m-base</a>,ğŸ§ ,-@@100,N/A,1384956928.0,49152.0,4096.0,âœ“,âœ—,-@@100,3.37@@3.37,3.86@@3.86,3.71@@3.71,-@@100,3.45@@3.45
<a href='https://hf.co/ibm-granite/granite-3.0-1b-a400m-instruct'>ibm-granite/granite-3.0-1b-a400m-instruct</a>,ğŸ“,-@@100,?,1334628352.0,49155.0,4096.0,âœ“,âœ—,-@@100,3.22@@3.22,3.62@@3.62,3.69@@3.69,-@@100,3.32@@3.32
"<a href='https://platform.openai.com/docs/models/gpt-5-nano'>gpt-5-nano-2025-08-07#minimal (zero-shot, val)</a>",ğŸ¤”,-@@100,?,?,100256.0,272000.0,âœ“,âœ—,-@@100,2.22@@2.22,2.80@@2.80,2.70@@2.70,-@@100,2.40@@2.40
<a href='https://hf.co/meta-llama/Llama-2-7b-hf'>meta-llama/Llama-2-7b-hf</a>,ğŸ§ ,-@@100,N/A,6738417664.0,32000.0,4096.0,âœ“,âœ—,-@@100,-@@100,-@@100,3.17@@3.17,-@@100,-@@100
<a href='https://hf.co/microsoft/Phi-4-mini-reasoning'>microsoft/Phi-4-mini-reasoning</a>,ğŸ¤”,-@@100,?,3836021760.0,200064.0,131072.0,âœ“,âœ—,-@@100,3.18@@3.18,3.77@@3.77,3.59@@3.59,-@@100,3.37@@3.37
<a href='https://hf.co/meta-llama/Llama-3.1-405B'>meta-llama/Llama-3.1-405B</a>,ğŸ§ ,-@@100,N/A,405853388800.0,128256.0,131072.0,âœ“,âœ—,-@@100,1.59@@1.59,1.82@@1.82,-@@100,-@@100,1.65@@1.65
<a href='https://hf.co/speakleash/Bielik-4.5B-v3.0-Instruct'>speakleash/Bielik-4.5B-v3.0-Instruct</a>,ğŸ“,-@@100,?,4757260288.0,32000.0,32768.0,âœ“,âœ—,2.57@@2.57,-@@100,-@@100,-@@100,-@@100,-@@100
<a href='https://hf.co/ssmits/Falcon2-5.5B-multilingual'>ssmits/Falcon2-5.5B-multilingual</a>,ğŸ“,-@@100,?,5465415680.0,65024.0,8192.0,âœ“,âœ“,-@@100,-@@100,-@@100,4.90@@4.90,-@@100,-@@100
<a href='https://hf.co/stabilityai/stablelm-3b-4e1t'>stabilityai/stablelm-3b-4e1t</a>,ğŸ§ ,-@@100,N/A,2795443200.0,50304.0,4096.0,âœ“,âœ—,-@@100,-@@100,-@@100,3.27@@3.27,-@@100,-@@100
<a href='https://hf.co/stabilityai/stablelm-zephyr-3b'>stabilityai/stablelm-zephyr-3b</a>,ğŸ“,-@@100,?,2795443200.0,50304.0,4096.0,âœ—,âœ—,-@@100,-@@100,-@@100,3.06@@3.06,-@@100,-@@100
<a href='https://hf.co/state-spaces/mamba-2.8b-hf'>state-spaces/mamba-2.8b-hf</a>,ğŸ§ ,-@@100,N/A,2768345600.0,50280.0,?,âœ“,âœ—,-@@100,-@@100,-@@100,3.81@@3.81,-@@100,-@@100
<a href='https://hf.co/tencent/Hunyuan-1.8B-Instruct'>tencent/Hunyuan-1.8B-Instruct</a>,ğŸ¤”,-@@100,?,1791080448.0,120818.0,262144.0,âœ“,âœ—,-@@100,3.43@@3.43,3.73@@3.73,3.62@@3.62,-@@100,3.45@@3.45
<a href='https://hf.co/stabilityai/stablelm-2-1_6b'>stabilityai/stablelm-2-1_6b</a>,ğŸ§ ,-@@100,N/A,1644515328.0,100352.0,4096.0,âœ“,âœ—,-@@100,-@@100,-@@100,3.52@@3.52,-@@100,-@@100
<a href='https://hf.co/tencent/Hunyuan-7B-Instruct'>tencent/Hunyuan-7B-Instruct</a>,ğŸ¤”,-@@100,?,7504568320.0,128167.0,32768.0,âœ“,âœ—,-@@100,3.08@@3.08,3.42@@3.42,3.39@@3.39,-@@100,-@@100
<a href='https://hf.co/setu4993/LaBSE'>setu4993/LaBSE</a>,ğŸ”,-@@100,N/A,470927360.0,501153.0,512.0,âœ“,âœ—,-@@100,-@@100,-@@100,-@@100,-@@100,-@@100
<a href='https://hf.co/openai-community/gpt2-medium'>openai-community/gpt2-medium</a>,ğŸ§ ,-@@100,N/A,379988992.0,50257.0,1024.0,âœ“,âœ—,-@@100,5.19@@5.19,4.76@@4.76,4.72@@4.72,-@@100,5.04@@5.04
<a href='https://hf.co/openai-community/gpt2'>openai-community/gpt2</a>,ğŸ§ ,-@@100,N/A,137022720.0,50257.0,1024.0,âœ“,âœ—,-@@100,5.20@@5.20,4.69@@4.69,5.18@@5.18,-@@100,5.13@@5.13
<a href='https://hf.co/pere/roberta-base-exp-32'>pere/roberta-base-exp-32</a>,ğŸ”,-@@100,N/A,278045186.0,250002.0,514.0,âœ“,âœ—,-@@100,-@@100,-@@100,-@@100,-@@100,-@@100
<a href='https://hf.co/pere/roberta-base-exp-8'>pere/roberta-base-exp-8</a>,ğŸ”,-@@100,N/A,278045186.0,250002.0,514.0,âœ“,âœ—,-@@100,-@@100,-@@100,-@@100,-@@100,-@@100
<a href='https://hf.co/sarnikowski/electra-small-discriminator-da-256-cased'>sarnikowski/electra-small-discriminator-da-256-cased</a>,ğŸ”,-@@100,N/A,13353858.0,28995.0,512.0,âœ“,âœ—,-@@100,-@@100,-@@100,-@@100,-@@100,-@@100
<a href='https://hf.co/senseable/WestLake-7B-v2'>senseable/WestLake-7B-v2</a>,ğŸ§ ,-@@100,N/A,7241732096.0,32000.0,4096.0,âœ—,âœ—,-@@100,2.10@@2.10,2.47@@2.47,-@@100,-@@100,2.39@@2.39
<a href='https://hf.co/sentence-transformers/distilbert-multilingual-nli-stsb-quora-ranking'>sentence-transformers/distilbert-multilingual-nli-stsb-quora-ranking</a>,ğŸ”,-@@100,N/A,134734080.0,119547.0,512.0,âœ“,âœ—,-@@100,-@@100,-@@100,-@@100,-@@100,-@@100
<a href='https://hf.co/sentence-transformers/distiluse-base-multilingual-cased-v1'>sentence-transformers/distiluse-base-multilingual-cased-v1</a>,ğŸ”,-@@100,N/A,134734080.0,119547.0,512.0,âœ“,âœ—,-@@100,-@@100,-@@100,-@@100,-@@100,-@@100
<a href='https://hf.co/sentence-transformers/distiluse-base-multilingual-cased'>sentence-transformers/distiluse-base-multilingual-cased</a>,ğŸ”,-@@100,N/A,134734080.0,119547.0,512.0,âœ“,âœ—,-@@100,-@@100,-@@100,-@@100,-@@100,-@@100
<a href='https://hf.co/sentence-transformers/paraphrase-multilingual-MiniLM-L12-v2'>sentence-transformers/paraphrase-multilingual-MiniLM-L12-v2</a>,ğŸ”,-@@100,N/A,117654272.0,250037.0,512.0,âœ“,âœ—,-@@100,-@@100,-@@100,-@@100,-@@100,-@@100
<a href='https://hf.co/sentence-transformers/paraphrase-multilingual-mpnet-base-v2'>sentence-transformers/paraphrase-multilingual-mpnet-base-v2</a>,ğŸ”,-@@100,N/A,278044162.0,250002.0,512.0,âœ“,âœ—,-@@100,-@@100,-@@100,-@@100,-@@100,-@@100
<a href='https://hf.co/sentence-transformers/paraphrase-xlm-r-multilingual-v1'>sentence-transformers/paraphrase-xlm-r-multilingual-v1</a>,ğŸ”,-@@100,N/A,278044162.0,250002.0,512.0,âœ“,âœ—,-@@100,-@@100,-@@100,-@@100,-@@100,-@@100
<a href='https://hf.co/sentence-transformers/quora-distilbert-multilingual'>sentence-transformers/quora-distilbert-multilingual</a>,ğŸ”,-@@100,N/A,134734080.0,119547.0,512.0,âœ“,âœ—,-@@100,-@@100,-@@100,-@@100,-@@100,-@@100
<a href='https://hf.co/sentence-transformers/stsb-xlm-r-multilingual'>sentence-transformers/stsb-xlm-r-multilingual</a>,ğŸ”,-@@100,N/A,278044162.0,250002.0,512.0,âœ“,âœ—,-@@100,-@@100,-@@100,-@@100,-@@100,-@@100
<a href='https://hf.co/sentence-transformers/use-cmlm-multilingual'>sentence-transformers/use-cmlm-multilingual</a>,ğŸ”,-@@100,N/A,472022179.0,501153.0,512.0,âœ“,âœ—,-@@100,-@@100,-@@100,-@@100,-@@100,-@@100
<a href='https://hf.co/sentence-transformers/distiluse-base-multilingual-cased-v2'>sentence-transformers/distiluse-base-multilingual-cased-v2</a>,ğŸ”,-@@100,N/A,134734080.0,119547.0,512.0,âœ“,âœ—,-@@100,-@@100,-@@100,-@@100,-@@100,-@@100
<a href='https://hf.co/openai-community/gpt2-large'>openai-community/gpt2-large</a>,ğŸ§ ,-@@100,N/A,811778816.0,50257.0,1024.0,âœ“,âœ—,-@@100,5.19@@5.19,4.74@@4.74,4.64@@4.64,-@@100,5.09@@5.09
<a href='https://hf.co/thenlper/gte-base'>thenlper/gte-base</a>,ğŸ”,-@@100,N/A,109482752.0,30522.0,512.0,âœ“,âœ—,-@@100,-@@100,-@@100,-@@100,-@@100,-@@100
<a href='https://hf.co/utter-project/EuroVLM-1.7B-Preview'>utter-project/EuroVLM-1.7B-Preview</a>,ğŸ“,-@@100,?,2061162016.0,128000.0,?,âœ“,âœ—,-@@100,3.76@@3.76,3.84@@3.84,-@@100,-@@100,3.66@@3.66
"<a href='https://docs.x.ai/docs/models'>xai/grok-2-1212 (zero-shot, val)</a>",ğŸ“,-@@100,?,?,?,131072.0,âœ“,âœ—,-@@100,1.87@@1.87,2.18@@2.18,2.18@@2.18,-@@100,1.84@@1.84
"xai/grok-3-beta (zero-shot, val)</a>",ğŸ“,-@@100,?,?,?,131072.0,âœ“,âœ—,-@@100,1.68@@1.68,2.16@@2.16,2.13@@2.13,-@@100,1.89@@1.89
"xai/grok-3-mini-beta#high (zero-shot, val)</a>",ğŸ¤”,-@@100,?,?,?,131072.0,âœ“,âœ—,-@@100,1.80@@1.80,2.21@@2.21,2.29@@2.29,-@@100,2.00@@2.00
<a href='https://hf.co/thenlper/gte-large'>thenlper/gte-large</a>,ğŸ”,-@@100,N/A,335142400.0,30522.0,512.0,âœ“,âœ—,-@@100,-@@100,-@@100,-@@100,-@@100,-@@100
<a href='https://hf.co/utter-project/EuroLLM-1.7B'>utter-project/EuroLLM-1.7B</a>,ğŸ§ ,-@@100,N/A,?,128000.0,4096.0,âœ“,âœ—,-@@100,3.35@@3.35,3.67@@3.67,3.60@@3.60,-@@100,3.43@@3.43
<a href='https://hf.co/tiiuae/Falcon3-10B-Base'>tiiuae/Falcon3-10B-Base</a>,ğŸ§ ,-@@100,N/A,10305653760.0,131072.0,32768.0,âœ“,âœ—,-@@100,2.01@@2.01,-@@100,2.44@@2.44,-@@100,-@@100
<a href='https://hf.co/tiiuae/Falcon3-10B-Instruct'>tiiuae/Falcon3-10B-Instruct</a>,ğŸ“,-@@100,?,10305653760.0,131072.0,32768.0,âœ“,âœ—,-@@100,1.90@@1.90,-@@100,2.38@@2.38,-@@100,-@@100
<a href='https://hf.co/tiiuae/Falcon3-1B-Instruct'>tiiuae/Falcon3-1B-Instruct</a>,ğŸ“,-@@100,?,1669408768.0,131072.0,8192.0,âœ“,âœ—,-@@100,-@@100,-@@100,3.57@@3.57,-@@100,-@@100
<a href='https://hf.co/tiiuae/Falcon3-3B-Base'>tiiuae/Falcon3-3B-Base</a>,ğŸ§ ,-@@100,N/A,3227655168.0,131072.0,32768.0,âœ“,âœ—,-@@100,-@@100,-@@100,3.20@@3.20,-@@100,-@@100
<a href='https://hf.co/tiiuae/Falcon3-3B-Instruct'>tiiuae/Falcon3-3B-Instruct</a>,ğŸ“,-@@100,?,3227655168.0,131072.0,32768.0,âœ“,âœ—,-@@100,-@@100,-@@100,2.79@@2.79,-@@100,-@@100
<a href='https://hf.co/tiiuae/Falcon3-7B-Base'>tiiuae/Falcon3-7B-Base</a>,ğŸ§ ,-@@100,N/A,7455550464.0,131072.0,32768.0,âœ“,âœ—,-@@100,2.12@@2.12,2.84@@2.84,2.70@@2.70,-@@100,2.41@@2.41
<a href='https://hf.co/tiiuae/falcon-11B'>tiiuae/falcon-11B</a>,ğŸ“,-@@100,?,11102822400.0,65024.0,8192.0,âœ“,âœ—,-@@100,2.43@@2.43,2.88@@2.88,2.79@@2.79,-@@100,2.75@@2.75
<a href='https://hf.co/timpal0l/BeagleCatMunin2'>timpal0l/BeagleCatMunin2</a>,ğŸ§ ,-@@100,N/A,7241732096.0,32000.0,32768.0,âœ—,âœ“,-@@100,-@@100,-@@100,2.75@@2.75,-@@100,-@@100
<a href='https://hf.co/timpal0l/BeagleCatMunin'>timpal0l/BeagleCatMunin</a>,ğŸ§ ,-@@100,N/A,7241732096.0,32000.0,32768.0,âœ—,âœ“,-@@100,-@@100,-@@100,2.92@@2.92,-@@100,-@@100
<a href='https://hf.co/timpal0l/Llama-3-8B-flashback-v1'>timpal0l/Llama-3-8B-flashback-v1</a>,ğŸ§ ,-@@100,N/A,8030261248.0,128256.0,8192.0,âœ“,âœ—,-@@100,-@@100,-@@100,3.05@@3.05,-@@100,-@@100
<a href='https://hf.co/timpal0l/Mistral-7B-v0.1-flashback-v2'>timpal0l/Mistral-7B-v0.1-flashback-v2</a>,ğŸ“,-@@100,?,7241732096.0,32000.0,32768.0,âœ“,âœ—,-@@100,3.36@@3.36,3.98@@3.98,-@@100,-@@100,3.80@@3.80
<a href='https://hf.co/timpal0l/dolphin-2.9-llama3-8b-flashback'>timpal0l/dolphin-2.9-llama3-8b-flashback</a>,ğŸ§ ,-@@100,N/A,8030261248.0,128256.0,8192.0,âœ—,âœ“,-@@100,-@@100,-@@100,2.57@@2.57,-@@100,-@@100
<a href='https://hf.co/utter-project/EuroLLM-1.7B-Instruct'>utter-project/EuroLLM-1.7B-Instruct</a>,ğŸ“,-@@100,?,1656850432.0,128000.0,4096.0,âœ“,âœ—,-@@100,3.29@@3.29,3.71@@3.71,3.57@@3.57,-@@100,3.63@@3.63
<a href='https://hf.co/tiiuae/Falcon3-7B-Instruct'>tiiuae/Falcon3-7B-Instruct</a>,ğŸ“,-@@100,?,7455550464.0,131072.0,32768.0,âœ“,âœ—,-@@100,-@@100,-@@100,2.43@@2.43,-@@100,-@@100
<a href='https://hf.co/meta-llama/Llama-3.1-405B-Instruct-FP8'>meta-llama/Llama-3.1-405B-Instruct-FP8</a>,ğŸ“,-@@100,?,405868625920.0,128256.0,131072.0,âœ“,âœ—,-@@100,1.52@@1.52,1.88@@1.88,2.02@@2.02,-@@100,1.62@@1.62
<a href='https://hf.co/openGPT-X/Teuken-7B-instruct-research-v0.4'>openGPT-X/Teuken-7B-instruct-research-v0.4</a>,ğŸ“,-@@100,?,7452725248.0,250680.0,4096.0,âœ—,âœ—,-@@100,2.80@@2.80,3.18@@3.18,3.24@@3.24,-@@100,3.14@@3.14
<a href='https://ollama.com/library/phi4:14b-q4_K_M'>ollama_chat/phi4:14b-q4_K_M (val)</a>,ğŸ“,-@@100,?,14700000000.0,100352.0,16384.0,âœ“,âœ—,-@@100,1.71@@1.71,1.96@@1.96,-@@100,-@@100,-@@100
<a href='https://hf.co/microsoft/Phi-3-mini-128k-instruct'>microsoft/Phi-3-mini-128k-instruct</a>,ğŸ“,-@@100,?,3821079552.0,32064.0,131072.0,âœ“,âœ—,-@@100,-@@100,-@@100,2.89@@2.89,-@@100,-@@100
<a href='https://hf.co/microsoft/Phi-3-mini-4k-instruct'>microsoft/Phi-3-mini-4k-instruct</a>,ğŸ“,-@@100,?,3821079552.0,32064.0,4096.0,âœ“,âœ—,-@@100,-@@100,-@@100,-@@100,-@@100,-@@100
<a href='https://hf.co/google/gemma-2-9b'>google/gemma-2-9b</a>,ğŸ§ ,-@@100,N/A,9241705984.0,256000.0,8192.0,âœ“,âœ—,-@@100,2.10@@2.10,2.45@@2.45,-@@100,-@@100,2.30@@2.30
<a href='https://hf.co/microsoft/Phi-4-reasoning-plus'>microsoft/Phi-4-reasoning-plus</a>,ğŸ¤”,-@@100,?,14659507200.0,100352.0,32768.0,âœ“,âœ—,-@@100,-@@100,-@@100,4.50@@4.50,-@@100,-@@100
<a href='https://hf.co/microsoft/Phi-4-reasoning'>microsoft/Phi-4-reasoning</a>,ğŸ¤”,-@@100,?,14659507200.0,100352.0,32768.0,âœ“,âœ—,-@@100,3.57@@3.57,3.79@@3.79,-@@100,-@@100,3.02@@3.02
<a href='https://hf.co/microsoft/deberta-v3-base'>microsoft/deberta-v3-base</a>,ğŸ”,-@@100,N/A,184423682.0,128100.0,512.0,âœ“,âœ—,-@@100,-@@100,-@@100,-@@100,-@@100,-@@100
<a href='https://hf.co/microsoft/deberta-v3-large'>microsoft/deberta-v3-large</a>,ğŸ”,-@@100,N/A,435063810.0,128100.0,512.0,âœ“,âœ—,-@@100,-@@100,-@@100,-@@100,-@@100,-@@100
<a href='https://hf.co/meta-llama/Meta-Llama-3-8B'>meta-llama/Meta-Llama-3-8B</a>,ğŸ§ ,-@@100,N/A,8030261248.0,128256.0,8192.0,âœ“,âœ—,-@@100,2.26@@2.26,2.74@@2.74,2.69@@2.69,-@@100,2.58@@2.58
<a href='https://hf.co/microsoft/infoxlm-base'>microsoft/infoxlm-base</a>,ğŸ”,-@@100,N/A,278045186.0,250002.0,514.0,âœ“,âœ—,-@@100,-@@100,-@@100,-@@100,-@@100,-@@100
<a href='https://hf.co/microsoft/mdeberta-v3-base'>microsoft/mdeberta-v3-base</a>,ğŸ”,-@@100,N/A,278225673.0,251000.0,512.0,âœ“,âœ—,-@@100,-@@100,-@@100,-@@100,-@@100,-@@100
<a href='https://hf.co/microsoft/phi-2'>microsoft/phi-2</a>,ğŸ§ ,-@@100,N/A,2779683840.0,51200.0,2048.0,âœ“,âœ—,-@@100,3.48@@3.48,3.76@@3.76,3.58@@3.58,-@@100,3.37@@3.37
<a href='https://hf.co/microsoft/phi-4'>microsoft/phi-4</a>,ğŸ“,-@@100,?,14659507200.0,100352.0,16384.0,âœ“,âœ—,-@@100,1.94@@1.94,2.11@@2.11,2.02@@2.02,-@@100,1.95@@1.95
<a href='https://hf.co/microsoft/xlm-align-base'>microsoft/xlm-align-base</a>,ğŸ”,-@@100,N/A,278045186.0,250002.0,514.0,âœ“,âœ—,-@@100,-@@100,-@@100,-@@100,-@@100,-@@100
<a href='https://hf.co/microsoft/infoxlm-large'>microsoft/infoxlm-large</a>,ğŸ”,-@@100,N/A,559892482.0,250002.0,514.0,âœ“,âœ—,-@@100,-@@100,-@@100,-@@100,-@@100,-@@100
<a href='https://hf.co/mistralai/Magistral-Small-2509'>mistralai/Magistral-Small-2509</a>,ğŸ“,-@@100,?,24011361280.0,131072.0,8192.0,âœ“,âœ—,-@@100,1.57@@1.57,1.90@@1.90,1.93@@1.93,-@@100,1.70@@1.70
<a href='https://hf.co/meta-llama/Meta-Llama-3-8B-Instruct'>meta-llama/Meta-Llama-3-8B-Instruct</a>,ğŸ“,-@@100,?,8030261248.0,128256.0,8192.0,âœ“,âœ—,-@@100,2.22@@2.22,2.60@@2.60,2.60@@2.60,-@@100,2.38@@2.38
<a href='https://hf.co/meta-llama/Meta-Llama-3-70B-Instruct'>meta-llama/Meta-Llama-3-70B-Instruct</a>,ğŸ“,-@@100,?,70553706496.0,128256.0,8192.0,âœ“,âœ—,-@@100,1.73@@1.73,2.16@@2.16,2.20@@2.20,-@@100,1.89@@1.89
<a href='https://hf.co/meta-llama/Llama-3.1-70B-Instruct'>meta-llama/Llama-3.1-70B-Instruct</a>,ğŸ“,-@@100,?,70553706496.0,128256.0,131072.0,âœ“,âœ—,-@@100,1.61@@1.61,2.05@@2.05,2.11@@2.11,-@@100,1.74@@1.74
<a href='https://hf.co/meta-llama/Meta-Llama-3-70B'>meta-llama/Meta-Llama-3-70B</a>,ğŸ§ ,-@@100,N/A,70553706496.0,128256.0,8192.0,âœ“,âœ—,-@@100,1.64@@1.64,1.89@@1.89,1.94@@1.94,-@@100,1.77@@1.77
<a href='https://hf.co/meta-llama/Llama-3.2-3B'>meta-llama/Llama-3.2-3B</a>,ğŸ§ ,-@@100,N/A,3212749824.0,128256.0,131072.0,âœ“,âœ—,-@@100,-@@100,-@@100,3.12@@3.12,-@@100,-@@100
<a href='https://hf.co/meta-llama/Llama-4-Scout-17B-16E-Instruct'>meta-llama/Llama-4-Scout-17B-16E-Instruct</a>,ğŸ“,-@@100,?,108641793536.0,200000.0,?,âœ“,âœ—,-@@100,1.65@@1.65,1.90@@1.90,2.05@@2.05,-@@100,1.73@@1.73
<a href='https://hf.co/meta-llama/Llama-4-Scout-17B-16E'>meta-llama/Llama-4-Scout-17B-16E</a>,ğŸ“,-@@100,?,108641793536.0,200000.0,?,âœ“,âœ—,-@@100,2.24@@2.24,2.66@@2.66,-@@100,-@@100,2.48@@2.48
<a href='https://hf.co/openGPT-X/Teuken-7B-instruct-commercial-v0.4'>openGPT-X/Teuken-7B-instruct-commercial-v0.4</a>,ğŸ“,-@@100,?,7452725248.0,250680.0,4096.0,âœ“,âœ—,-@@100,2.94@@2.94,3.41@@3.41,3.42@@3.42,-@@100,3.27@@3.27
<a href='https://hf.co/mistralai/Ministral-8B-Instruct-2410'>mistralai/Ministral-8B-Instruct-2410</a>,ğŸ“,-@@100,?,8019808256.0,131072.0,32768.0,âœ“,âœ—,-@@100,2.18@@2.18,2.54@@2.54,2.55@@2.55,-@@100,2.28@@2.28
<a href='https://hf.co/mistralai/Mistral-7B-Instruct-v0.2'>mistralai/Mistral-7B-Instruct-v0.2</a>,ğŸ“,-@@100,?,7241732096.0,32000.0,32768.0,âœ—,âœ—,-@@100,2.63@@2.63,2.97@@2.97,2.99@@2.99,-@@100,2.87@@2.87
<a href='https://hf.co/nvidia/mistral-nemo-minitron-8b-base'>nvidia/mistral-nemo-minitron-8b-base</a>,ğŸ§ ,-@@100,N/A,8414105600.0,131072.0,8192.0,âœ“,âœ—,-@@100,2.07@@2.07,2.62@@2.62,2.55@@2.55,-@@100,2.43@@2.43
<a href='https://hf.co/nvidia/mistral-nemo-minitron-8b-instruct'>nvidia/mistral-nemo-minitron-8b-instruct</a>,ğŸ“,-@@100,?,8414105600.0,131072.0,8192.0,âœ“,âœ—,-@@100,2.85@@2.85,3.30@@3.30,2.70@@2.70,-@@100,2.43@@2.43
"<a href='https://platform.openai.com/docs/models/o3'>o3-2025-04-16 (zero-shot, val)</a>",ğŸ¤”,-@@100,?,?,?,200000.0,âœ“,âœ—,-@@100,1.61@@1.61,2.00@@2.00,2.00@@2.00,-@@100,1.64@@1.64
"<a href='https://platform.openai.com/docs/models/o3-mini'>o3-mini-2025-01-31 (zero-shot, val)</a>",ğŸ¤”,-@@100,?,?,?,200000.0,âœ“,âœ—,-@@100,1.76@@1.76,2.35@@2.35,2.25@@2.25,-@@100,2.25@@2.25
<a href='https://platform.openai.com/docs/models/o3-mini'>o3-mini-2025-01-31</a>,ğŸ¤”,-@@100,?,?,?,200000.0,âœ“,âœ—,-@@100,-@@100,-@@100,2.16@@2.16,-@@100,-@@100
"<a href='https://platform.openai.com/docs/models/o4-mini'>o4-mini-2025-04-16 (zero-shot, val)</a>",ğŸ¤”,-@@100,?,?,?,200000.0,âœ“,âœ—,-@@100,1.67@@1.67,2.03@@2.03,2.11@@2.11,-@@100,1.90@@1.90
<a href='https://hf.co/nvidia/NVIDIA-Nemotron-Nano-9B-v2'>nvidia/NVIDIA-Nemotron-Nano-9B-v2</a>,ğŸ¤”,-@@100,?,8888227328.0,131072.0,131072.0,âœ“,âœ—,-@@100,1.94@@1.94,2.33@@2.33,2.44@@2.44,-@@100,2.07@@2.07
<a href='https://ollama.com/library/gemma3:12b-it-fp16'>ollama_chat/gemma3:12b-it-fp16 (val)</a>,ğŸ“,-@@100,?,12187325040.0,262144.0,128000.0,âœ“,âœ—,-@@100,1.75@@1.75,2.19@@2.19,-@@100,-@@100,-@@100
<a href='https://ollama.com/library/gemma3:12b-it-q4_K_M'>ollama_chat/gemma3:12b-it-q4_K_M (val)</a>,ğŸ“,-@@100,?,12200000000.0,262144.0,128000.0,âœ“,âœ—,-@@100,1.80@@1.80,2.20@@2.20,-@@100,-@@100,-@@100
<a href='https://ollama.com/library/gemma3:1b'>ollama_chat/gemma3:1b</a>,ğŸ“,-@@100,?,1000000000.0,262144.0,32768.0,âœ“,âœ—,-@@100,3.11@@3.11,3.40@@3.40,-@@100,-@@100,-@@100
<a href='https://ollama.com/library/gemma3:27b-it-fp16'>ollama_chat/gemma3:27b-it-fp16</a>,ğŸ“,-@@100,?,?,?,?,âœ“,âœ—,-@@100,-@@100,-@@100,-@@100,-@@100,-@@100
<a href='https://ollama.com/library/gemma3:27b-it-q4_K_M'>ollama_chat/gemma3:27b-it-q4_K_M (val)</a>,ğŸ“,-@@100,?,27400000000.0,262144.0,128000.0,âœ“,âœ—,-@@100,1.70@@1.70,2.09@@2.09,-@@100,-@@100,-@@100
<a href='https://ollama.com/library/gemma3:4b-it-q4_K_M'>ollama_chat/gemma3:4b-it-q4_K_M</a>,ğŸ“,-@@100,?,?,?,?,âœ“,âœ—,-@@100,2.38@@2.38,2.74@@2.74,-@@100,-@@100,-@@100
<a href='https://ollama.com/library/hf.co'>ollama_chat/hf.co/google/gemma-3-4b-it-qat-q4_0-gguf</a>,ğŸ“,-@@100,?,3880099328.0,?,131072.0,âœ“,âœ—,-@@100,2.35@@2.35,2.71@@2.71,-@@100,-@@100,2.58@@2.58
<a href='https://hf.co/mistralai/Mistral-7B-Instruct-v0.1'>mistralai/Mistral-7B-Instruct-v0.1</a>,ğŸ“,-@@100,?,7241732096.0,32000.0,32768.0,âœ“,âœ—,-@@100,2.59@@2.59,2.92@@2.92,3.02@@3.02,-@@100,2.78@@2.78
<a href='https://hf.co/nvidia/NVIDIA-Nemotron-Nano-9B-v2'>nvidia/NVIDIA-Nemotron-Nano-9B-v2#no-thinking</a>,ğŸ“,-@@100,?,8888227328.0,131072.0,131072.0,âœ“,âœ—,-@@100,3.55@@3.55,4.03@@4.03,3.81@@3.81,-@@100,3.77@@3.77
<a href='https://hf.co/mistralai/Mistral-7B-v0.1'>mistralai/Mistral-7B-v0.1</a>,ğŸ§ ,-@@100,N/A,7241732096.0,32000.0,32768.0,âœ“,âœ—,-@@100,2.36@@2.36,2.73@@2.73,2.96@@2.96,-@@100,2.81@@2.81
<a href='https://hf.co/mistralai/Mistral-7B-v0.3'>mistralai/Mistral-7B-v0.3</a>,ğŸ§ ,-@@100,N/A,7248023552.0,32768.0,32768.0,âœ“,âœ—,-@@100,2.37@@2.37,2.77@@2.77,2.89@@2.89,-@@100,2.79@@2.79
<a href='https://hf.co/mistralai/Mistral-Nemo-Instruct-2407'>mistralai/Mistral-Nemo-Instruct-2407</a>,ğŸ“,-@@100,?,12247782400.0,131072.0,131072.0,âœ“,âœ—,-@@100,1.93@@1.93,2.28@@2.28,2.38@@2.38,-@@100,-@@100
<a href='https://hf.co/mistralai/Mistral-Small-24B-Instruct-2501'>mistralai/Mistral-Small-24B-Instruct-2501</a>,ğŸ“,-@@100,?,23572403200.0,131072.0,32768.0,âœ“,âœ—,-@@100,1.63@@1.63,1.94@@1.94,2.04@@2.04,-@@100,1.78@@1.78
<a href='https://hf.co/mistralai/Mixtral-8x7B-Instruct-v0.1'>mistralai/Mixtral-8x7B-Instruct-v0.1</a>,ğŸ“,-@@100,?,46702792704.0,32000.0,32768.0,âœ“,âœ—,-@@100,1.93@@1.93,2.43@@2.43,2.42@@2.42,-@@100,2.14@@2.14
<a href='https://hf.co/mistralai/Mixtral-8x7B-v0.1'>mistralai/Mixtral-8x7B-v0.1</a>,ğŸ§ ,-@@100,N/A,46702792704.0,32000.0,32768.0,âœ“,âœ—,-@@100,1.94@@1.94,2.45@@2.45,2.59@@2.59,-@@100,2.32@@2.32
<a href='https://hf.co/mistralai/Voxtral-Mini-3B-2507'>mistralai/Voxtral-Mini-3B-2507</a>,ğŸ“,-@@100,?,4676271104.0,131072.0,?,âœ“,âœ—,-@@100,2.50@@2.50,2.79@@2.79,3.08@@3.08,-@@100,2.57@@2.57
<a href='https://hf.co/model-garden-lms/bert-base-finewebs-951k'>model-garden-lms/bert-base-finewebs-951k</a>,ğŸ”,-@@100,N/A,135849472.0,64000.0,512.0,âœ“,âœ—,-@@100,-@@100,-@@100,-@@100,-@@100,-@@100
<a href='https://hf.co/nickprock/multi-sentence-BERTino'>nickprock/multi-sentence-BERTino</a>,ğŸ”,-@@100,N/A,67576320.0,32102.0,512.0,âœ“,âœ—,-@@100,-@@100,-@@100,-@@100,-@@100,-@@100
<a href='https://hf.co/norallm/normistral-11b-warm'>norallm/normistral-11b-warm</a>,ğŸ§ ,-@@100,N/A,11429893120.0,51200.0,1024000.0,âœ“,âœ—,-@@100,2.69@@2.69,3.20@@3.20,-@@100,-@@100,-@@100
<a href='https://hf.co/numind/generic-sentiment-multi-v1'>numind/generic-sentiment-multi-v1</a>,ğŸ”,-@@100,N/A,278043648.0,250002.0,512.0,âœ“,âœ—,-@@100,-@@100,-@@100,-@@100,-@@100,-@@100
<a href='https://hf.co/numind/generic-sentiment-v1'>numind/generic-sentiment-v1</a>,ğŸ”,-@@100,N/A,109482752.0,30522.0,512.0,âœ“,âœ—,-@@100,-@@100,-@@100,-@@100,-@@100,-@@100
<a href='https://hf.co/nvidia/Llama-3.1-Nemotron-70B-Instruct-HF'>nvidia/Llama-3.1-Nemotron-70B-Instruct-HF</a>,ğŸ“,-@@100,?,70553706496.0,128256.0,131072.0,âœ“,âœ—,-@@100,1.76@@1.76,2.25@@2.25,-@@100,-@@100,1.84@@1.84
<a href='https://hf.co/nvidia/Mistral-NeMo-Minitron-8B-Base'>nvidia/Mistral-NeMo-Minitron-8B-Base</a>,ğŸ§ ,-@@100,N/A,8414105600.0,131072.0,8192.0,âœ“,âœ—,-@@100,2.10@@2.10,2.62@@2.62,2.55@@2.55,-@@100,2.45@@2.45
<a href='https://hf.co/neuralmagic/Sparse-Llama-3.1-8B-2of4'>neuralmagic/Sparse-Llama-3.1-8B-2of4</a>,ğŸ§ ,-@@100,N/A,8030261248.0,128256.0,131072.0,âœ“,âœ—,-@@100,2.58@@2.58,2.97@@2.97,3.08@@3.08,-@@100,2.68@@2.68
<a href='https://hf.co/google/gemma-2-9b-it'>google/gemma-2-9b-it</a>,ğŸ“,-@@100,?,9241705984.0,256000.0,8192.0,âœ“,âœ—,-@@100,2.06@@2.06,2.35@@2.35,-@@100,-@@100,2.15@@2.15
"<a href='https://ai.google.dev/gemini-api/docs/models#gemini-1.5-pro-002'>gemini/gemini-1.5-pro-002 (zero-shot, val)</a>",ğŸ“,-@@100,?,?,256128.0,2097152.0,âœ“,âœ—,-@@100,1.82@@1.82,2.26@@2.26,2.27@@2.27,-@@100,2.00@@2.00
<a href='https://hf.co/google/gemma-2-2b-it'>google/gemma-2-2b-it</a>,ğŸ“,-@@100,?,2614341888.0,256000.0,8192.0,âœ“,âœ—,-@@100,2.50@@2.50,2.93@@2.93,-@@100,-@@100,2.71@@2.71
<a href='https://hf.co/MoritzLaurer/mDeBERTa-v3-base-xnli-multilingual-nli-2mil7'>MoritzLaurer/mDeBERTa-v3-base-xnli-multilingual-nli-2mil7</a>,ğŸ”,-@@100,N/A,278812163.0,251000.0,512.0,âœ“,âœ—,-@@100,-@@100,-@@100,-@@100,-@@100,-@@100
<a href='https://hf.co/Nexusflow/Starling-LM-7B-beta'>Nexusflow/Starling-LM-7B-beta</a>,ğŸ“,-@@100,?,7241748480.0,32002.0,8192.0,âœ—,âœ—,-@@100,2.10@@2.10,2.57@@2.57,2.56@@2.56,-@@100,2.37@@2.37
<a href='https://hf.co/NorwAI/NorwAI-Mistral-7B'>NorwAI/NorwAI-Mistral-7B</a>,ğŸ§ ,-@@100,N/A,7536586752.0,67993.0,32768.0,âœ“,âœ—,-@@100,-@@100,-@@100,3.58@@3.58,-@@100,-@@100
<a href='https://hf.co/NorwAI/NorwAI-Mixtral-8x7B-instruct'>NorwAI/NorwAI-Mixtral-8x7B-instruct</a>,ğŸ§ ,-@@100,N/A,46997647360.0,67993.0,32768.0,âœ“,âœ—,-@@100,2.06@@2.06,2.63@@2.63,-@@100,-@@100,2.51@@2.51
<a href='https://hf.co/NorwAI/NorwAI-Mixtral-8x7B'>NorwAI/NorwAI-Mixtral-8x7B</a>,ğŸ§ ,-@@100,N/A,46997647360.0,67993.0,32768.0,âœ“,âœ—,-@@100,2.14@@2.14,2.66@@2.66,-@@100,-@@100,2.54@@2.54
<a href='https://hf.co/NousResearch/DeepHermes-3-Llama-3-8B-Preview'>NousResearch/DeepHermes-3-Llama-3-8B-Preview</a>,ğŸ“,-@@100,?,8030261248.0,128256.0,131072.0,âœ“,âœ—,-@@100,2.18@@2.18,2.72@@2.72,2.69@@2.69,-@@100,2.51@@2.51
<a href='https://hf.co/NovaSky-AI/Sky-T1-32B-Preview'>NovaSky-AI/Sky-T1-32B-Preview</a>,ğŸ“,-@@100,?,32763876352.0,152064.0,32768.0,âœ“,âœ—,-@@100,1.58@@1.58,1.83@@1.83,1.91@@1.91,-@@100,1.67@@1.67
<a href='https://hf.co/MaLA-LM/emma-500-llama2-7b'>MaLA-LM/emma-500-llama2-7b</a>,ğŸ§ ,-@@100,N/A,6738415616.0,32000.0,4096.0,âœ“,âœ—,-@@100,-@@100,-@@100,3.42@@3.42,-@@100,-@@100
<a href='https://hf.co/OpenLLM-France/Lucie-7B'>OpenLLM-France/Lucie-7B</a>,ğŸ“,-@@100,?,6706960384.0,65024.0,32000.0,âœ“,âœ—,-@@100,3.28@@3.28,3.63@@3.63,3.44@@3.44,-@@100,3.29@@3.29
<a href='https://hf.co/PleIAs/Baguettotron'>PleIAs/Baguettotron@refs/pr/6#thinking</a>,ğŸ¤”,-@@100,?,320956992.0,65536.0,4096.0,âœ“,âœ—,5.48@@5.48,-@@100,-@@100,-@@100,-@@100,-@@100
<a href='https://hf.co/PleIAs/Pleias-Nano'>PleIAs/Pleias-Nano</a>,ğŸ§ ,-@@100,N/A,1195468800.0,65536.0,2048.0,âœ“,âœ—,-@@100,3.70@@3.70,3.97@@3.97,3.94@@3.94,-@@100,-@@100
<a href='https://hf.co/PleIAs/Pleias-Pico'>PleIAs/Pleias-Pico</a>,ğŸ§ ,-@@100,N/A,353424384.0,65536.0,2048.0,âœ“,âœ—,-@@100,3.95@@3.95,4.16@@4.16,4.26@@4.26,-@@100,4.09@@4.09
<a href='https://hf.co/Qwen/QwQ-32B'>Qwen/QwQ-32B</a>,ğŸ¤”,-@@100,?,32763876352.0,152064.0,40960.0,âœ“,âœ—,-@@100,1.64@@1.64,1.94@@1.94,2.00@@2.00,-@@100,1.74@@1.74
<a href='https://hf.co/Qwen/Qwen1.5-0.5B-Chat'>Qwen/Qwen1.5-0.5B-Chat</a>,ğŸ“,-@@100,?,619570176.0,151936.0,32768.0,âœ—,âœ—,-@@100,3.63@@3.63,3.99@@3.99,3.88@@3.88,-@@100,3.72@@3.72
<a href='https://hf.co/LumiOpen/Viking-7B'>LumiOpen/Viking-7B</a>,ğŸ§ ,-@@100,N/A,7550013440.0,131072.0,4096.0,âœ“,âœ—,-@@100,-@@100,-@@100,3.77@@3.77,-@@100,-@@100
<a href='https://hf.co/LumiOpen/Viking-33B'>LumiOpen/Viking-33B</a>,ğŸ§ ,-@@100,N/A,33119034368.0,131072.0,4096.0,âœ“,âœ—,-@@100,2.86@@2.86,3.32@@3.32,3.36@@3.36,-@@100,3.17@@3.17
<a href='https://hf.co/LumiOpen/Viking-13B'>LumiOpen/Viking-13B</a>,ğŸ§ ,-@@100,N/A,14030361600.0,131072.0,4096.0,âœ“,âœ—,-@@100,3.19@@3.19,3.67@@3.67,3.55@@3.55,-@@100,3.32@@3.32
<a href='https://hf.co/LumiOpen/Llama-Poro-2-70B-Instruct'>LumiOpen/Llama-Poro-2-70B-Instruct</a>,ğŸ“,-@@100,?,70553706496.0,128256.0,8192.0,âœ“,âœ—,-@@100,1.75@@1.75,1.98@@1.98,2.13@@2.13,-@@100,1.92@@1.92
<a href='https://hf.co/LumiOpen/Llama-Poro-2-70B-SFT'>LumiOpen/Llama-Poro-2-70B-SFT</a>,ğŸ“,-@@100,?,70553706496.0,128256.0,8192.0,âœ“,âœ—,-@@100,1.67@@1.67,1.84@@1.84,2.05@@2.05,-@@100,1.86@@1.86
<a href='https://hf.co/LumiOpen/Llama-Poro-2-8B-Instruct'>LumiOpen/Llama-Poro-2-8B-Instruct</a>,ğŸ“,-@@100,?,8030261248.0,128256.0,8192.0,âœ“,âœ—,-@@100,-@@100,-@@100,2.60@@2.60,-@@100,-@@100
<a href='https://hf.co/LumiOpen/Llama-Poro-2-8B-SFT'>LumiOpen/Llama-Poro-2-8B-SFT</a>,ğŸ“,-@@100,?,8030261248.0,128256.0,8192.0,âœ“,âœ—,-@@100,-@@100,-@@100,2.59@@2.59,-@@100,-@@100
<a href='https://hf.co/LumiOpen/Llama-Poro-2-8B-base'>LumiOpen/Llama-Poro-2-8B-base</a>,ğŸ§ ,-@@100,N/A,8030261248.0,128256.0,8192.0,âœ“,âœ—,-@@100,-@@100,-@@100,2.75@@2.75,-@@100,-@@100
<a href='https://hf.co/Qwen/Qwen1.5-0.5B'>Qwen/Qwen1.5-0.5B</a>,ğŸ“,-@@100,?,619570176.0,151936.0,32768.0,âœ“,âœ—,-@@100,3.91@@3.91,4.29@@4.29,4.15@@4.15,-@@100,3.90@@3.90
<a href='https://hf.co/Qwen/Qwen1.5-1.8B-Chat'>Qwen/Qwen1.5-1.8B-Chat</a>,ğŸ“,-@@100,?,1836828672.0,151936.0,32768.0,âœ—,âœ—,-@@100,-@@100,-@@100,3.47@@3.47,-@@100,-@@100
<a href='https://hf.co/Qwen/Qwen1.5-14B-Chat'>Qwen/Qwen1.5-14B-Chat</a>,ğŸ“,-@@100,?,14167290880.0,152064.0,32768.0,âœ—,âœ—,-@@100,1.98@@1.98,2.55@@2.55,2.36@@2.36,-@@100,-@@100
<a href='https://hf.co/Qwen/Qwen3-14B'>Qwen/Qwen3-14B</a>,ğŸ¤”,-@@100,?,14768307200.0,151936.0,40960.0,âœ“,âœ—,-@@100,1.68@@1.68,2.02@@2.02,2.11@@2.11,-@@100,1.77@@1.77
<a href='https://hf.co/Qwen/Qwen3-235B-A22B-Instruct-2507-FP8'>Qwen/Qwen3-235B-A22B-Instruct-2507-FP8</a>,ğŸ“,-@@100,?,235107904512.0,151936.0,262144.0,âœ“,âœ—,-@@100,1.50@@1.50,1.78@@1.78,1.91@@1.91,-@@100,1.57@@1.57
<a href='https://hf.co/Qwen/Qwen3-235B-A22B-Thinking-2507-FP8'>Qwen/Qwen3-235B-A22B-Thinking-2507-FP8</a>,ğŸ¤”,-@@100,?,235107904512.0,151936.0,262144.0,âœ“,âœ—,-@@100,1.51@@1.51,1.59@@1.59,1.61@@1.61,-@@100,-@@100
<a href='https://hf.co/Qwen/Qwen3-235B-A22B'>Qwen/Qwen3-235B-A22B</a>,ğŸ¤”,-@@100,?,235093634560.0,151936.0,40960.0,âœ“,âœ—,-@@100,1.62@@1.62,1.94@@1.94,2.07@@2.07,-@@100,1.70@@1.70
<a href='https://hf.co/Qwen/Qwen3-1.7B'>Qwen/Qwen3-1.7B</a>,ğŸ¤”,-@@100,?,2031739904.0,151936.0,40960.0,âœ“,âœ—,-@@100,2.47@@2.47,2.86@@2.86,2.77@@2.77,-@@100,2.49@@2.49
<a href='https://hf.co/Qwen/Qwen3-30B-A3B'>Qwen/Qwen3-30B-A3B#no-thinking</a>,ğŸ“,-@@100,?,30532122624.0,151936.0,40960.0,âœ“,âœ—,-@@100,1.76@@1.76,2.04@@2.04,2.11@@2.11,-@@100,1.83@@1.83
<a href='https://hf.co/Qwen/Qwen3-30B-A3B'>Qwen/Qwen3-30B-A3B</a>,ğŸ¤”,-@@100,?,30532122624.0,151936.0,40960.0,âœ“,âœ—,-@@100,1.66@@1.66,1.96@@1.96,2.11@@2.11,-@@100,1.80@@1.80
<a href='https://hf.co/Qwen/Qwen3-32B'>Qwen/Qwen3-32B</a>,ğŸ¤”,-@@100,?,32762123264.0,151936.0,40960.0,âœ“,âœ—,-@@100,1.66@@1.66,2.04@@2.04,-@@100,-@@100,1.84@@1.84
<a href='https://hf.co/Qwen/Qwen1.5-14B'>Qwen/Qwen1.5-14B</a>,ğŸ“,-@@100,?,14167290880.0,152064.0,32768.0,âœ“,âœ—,-@@100,2.62@@2.62,3.19@@3.19,2.60@@2.60,-@@100,-@@100
<a href='https://hf.co/Qwen/Qwen1.5-4B-Chat'>Qwen/Qwen1.5-4B-Chat</a>,ğŸ“,-@@100,?,3950369280.0,151936.0,32768.0,âœ—,âœ—,-@@100,-@@100,-@@100,2.94@@2.94,-@@100,-@@100
<a href='https://hf.co/Qwen/Qwen1.5-4B'>Qwen/Qwen1.5-4B</a>,ğŸ“,-@@100,?,3950369280.0,151936.0,32768.0,âœ“,âœ—,-@@100,-@@100,-@@100,3.23@@3.23,-@@100,-@@100
<a href='https://hf.co/Qwen/Qwen1.5-7B-Chat'>Qwen/Qwen1.5-7B-Chat</a>,ğŸ“,-@@100,?,7721324544.0,151936.0,32768.0,âœ—,âœ—,-@@100,-@@100,-@@100,2.71@@2.71,-@@100,-@@100
<a href='https://hf.co/Qwen/Qwen1.5-7B'>Qwen/Qwen1.5-7B</a>,ğŸ“,-@@100,?,7721324544.0,151936.0,32768.0,âœ“,âœ—,-@@100,-@@100,-@@100,2.97@@2.97,-@@100,-@@100
<a href='https://hf.co/Qwen/Qwen2.5-Math-1.5B'>Qwen/Qwen2.5-Math-1.5B</a>,ğŸ“,-@@100,?,1543714304.0,151936.0,4096.0,âœ“,âœ—,-@@100,3.63@@3.63,4.23@@4.23,4.25@@4.25,-@@100,3.78@@3.78
<a href='https://hf.co/Qwen/Qwen2.5-Math-7B'>Qwen/Qwen2.5-Math-7B</a>,ğŸ“,-@@100,?,7615616512.0,152064.0,4096.0,âœ“,âœ—,-@@100,2.88@@2.88,3.31@@3.31,3.14@@3.14,-@@100,2.82@@2.82
<a href='https://hf.co/Qwen/Qwen3-0.6B'>Qwen/Qwen3-0.6B</a>,ğŸ¤”,-@@100,?,751632384.0,151936.0,40960.0,âœ“,âœ—,-@@100,2.98@@2.98,3.45@@3.45,3.28@@3.28,-@@100,3.04@@3.04
<a href='https://hf.co/Qwen/Qwen1.5-1.8B'>Qwen/Qwen1.5-1.8B</a>,ğŸ“,-@@100,?,1836828672.0,151936.0,32768.0,âœ“,âœ—,-@@100,-@@100,-@@100,3.77@@3.77,-@@100,-@@100
<a href='https://hf.co/AI-Sweden-Models/gpt-sw3-356m'>AI-Sweden-Models/gpt-sw3-356m</a>,ğŸ§ ,-@@100,N/A,470607872.0,64000.0,2048.0,âœ“,âœ—,-@@100,4.20@@4.20,4.46@@4.46,-@@100,-@@100,4.54@@4.54
<a href='https://hf.co/BAAI/bge-base-en'>BAAI/bge-base-en</a>,ğŸ”,-@@100,N/A,109482752.0,30522.0,512.0,âœ“,âœ—,-@@100,-@@100,-@@100,-@@100,-@@100,-@@100
<a href='https://hf.co/BSC-LT/salamandra-2b-instruct'>BSC-LT/salamandra-2b-instruct</a>,ğŸ“,-@@100,?,2253490176.0,256000.0,8192.0,âœ“,âœ—,-@@100,3.08@@3.08,-@@100,-@@100,-@@100,-@@100
<a href='https://hf.co/BSC-LT/salamandra-2b'>BSC-LT/salamandra-2b</a>,ğŸ§ ,-@@100,N/A,2253490176.0,256000.0,8192.0,âœ“,âœ—,-@@100,3.25@@3.25,-@@100,-@@100,-@@100,-@@100
<a href='https://hf.co/CohereForAI/aya-23-35B'>CohereForAI/aya-23-35B</a>,ğŸ“,-@@100,?,34980831232.0,256000.0,8192.0,âœ—,âœ—,-@@100,2.00@@2.00,2.32@@2.32,2.38@@2.38,-@@100,2.17@@2.17
<a href='https://hf.co/CohereForAI/aya-23-8B'>CohereForAI/aya-23-8B</a>,ğŸ“,-@@100,?,8028033024.0,256000.0,8192.0,âœ—,âœ—,-@@100,2.48@@2.48,3.00@@3.00,2.89@@2.89,-@@100,2.82@@2.82
<a href='https://hf.co/BAAI/bge-large-en'>BAAI/bge-large-en</a>,ğŸ”,-@@100,N/A,335142400.0,30522.0,512.0,âœ“,âœ—,-@@100,-@@100,-@@100,-@@100,-@@100,-@@100
<a href='https://hf.co/AI-Sweden-Models/gpt-sw3-356m-instruct'>AI-Sweden-Models/gpt-sw3-356m-instruct</a>,ğŸ“,-@@100,1.64,470607872.0,64000.0,2048.0,âœ“,âœ—,-@@100,4.25@@4.25,4.34@@4.34,-@@100,-@@100,4.65@@4.65
<a href='https://hf.co/AI-Sweden-Models/gpt-sw3-126m'>AI-Sweden-Models/gpt-sw3-126m</a>,ğŸ§ ,-@@100,N/A,186112512.0,64000.0,2048.0,âœ“,âœ—,-@@100,4.36@@4.36,4.51@@4.51,-@@100,-@@100,4.80@@4.80
<a href='https://hf.co/01-ai/Yi-1.5-6B'>01-ai/Yi-1.5-6B</a>,ğŸ§ ,-@@100,N/A,6061035520.0,64000.0,4096.0,âœ“,âœ—,-@@100,-@@100,-@@100,3.03@@3.03,-@@100,-@@100
<a href='https://hf.co/01-ai/Yi-1.5-9B'>01-ai/Yi-1.5-9B</a>,ğŸ§ ,-@@100,N/A,8829407232.0,64000.0,4096.0,âœ“,âœ—,-@@100,2.14@@2.14,2.62@@2.62,2.61@@2.61,-@@100,2.37@@2.37
<a href='https://hf.co/01-ai/Yi-6B-Chat'>01-ai/Yi-6B-Chat</a>,ğŸ“,-@@100,?,6061035520.0,64000.0,4096.0,âœ—,âœ—,-@@100,-@@100,-@@100,3.22@@3.22,-@@100,-@@100
<a href='https://hf.co/01-ai/Yi-6B'>01-ai/Yi-6B</a>,ğŸ§ ,-@@100,N/A,6061035520.0,64000.0,4096.0,âœ“,âœ—,-@@100,-@@100,-@@100,3.17@@3.17,-@@100,-@@100
<a href='https://hf.co/152334H/miqu-1-70b-sf'>152334H/miqu-1-70b-sf</a>,ğŸ“,-@@100,?,68976648192.0,32000.0,32764.0,âœ“,âœ—,-@@100,1.95@@1.95,2.21@@2.21,2.34@@2.34,-@@100,2.19@@2.19
<a href='https://hf.co/AI-Sweden-Models/Llama-3-8B-instruct'>AI-Sweden-Models/Llama-3-8B-instruct</a>,ğŸ“,-@@100,?,8030261248.0,128256.0,8192.0,âœ“,âœ—,-@@100,-@@100,-@@100,3.01@@3.01,-@@100,-@@100
<a href='https://hf.co/AI-Sweden-Models/Llama-3-8B'>AI-Sweden-Models/Llama-3-8B19e0e3c</a>,ğŸ§ ,-@@100,N/A,8030261248.0,128256.0,8192.0,âœ“,âœ—,-@@100,-@@100,-@@100,3.16@@3.16,-@@100,-@@100
<a href='https://hf.co/AI-Sweden-Models/Llama-3-8B'>AI-Sweden-Models/Llama-3-8B54a1b6f</a>,ğŸ§ ,-@@100,N/A,8030261248.0,128256.0,8192.0,âœ“,âœ—,-@@100,-@@100,-@@100,3.17@@3.17,-@@100,-@@100
<a href='https://hf.co/AI-Sweden-Models/Llama-3-8B'>AI-Sweden-Models/Llama-3-8B</a>,ğŸ§ ,-@@100,N/A,8030261248.0,128256.0,8192.0,âœ“,âœ—,-@@100,-@@100,-@@100,3.17@@3.17,-@@100,-@@100
<a href='https://hf.co/AI-Sweden-Models/ModernBERT-large'>AI-Sweden-Models/ModernBERT-large</a>,ğŸ”,-@@100,N/A,395881664.0,50368.0,8192.0,âœ“,âœ—,-@@100,-@@100,-@@100,-@@100,-@@100,-@@100
<a href='https://hf.co/AI-Sweden-Models/gpt-sw3-126m-instruct'>AI-Sweden-Models/gpt-sw3-126m-instruct</a>,ğŸ“,-@@100,2.58,186112512.0,64000.0,2048.0,âœ“,âœ—,-@@100,4.18@@4.18,4.38@@4.38,-@@100,-@@100,4.75@@4.75
<a href='https://hf.co/CohereForAI/aya-expanse-32b'>CohereForAI/aya-expanse-32b</a>,ğŸ“,-@@100,?,32296476672.0,256000.0,8192.0,âœ—,âœ—,-@@100,1.74@@1.74,1.99@@1.99,2.11@@2.11,-@@100,1.88@@1.88
<a href='https://hf.co/CohereForAI/aya-expanse-8b'>CohereForAI/aya-expanse-8b</a>,ğŸ“,-@@100,?,8028033024.0,256000.0,8192.0,âœ—,âœ—,-@@100,2.12@@2.12,2.43@@2.43,2.53@@2.53,-@@100,2.27@@2.27
<a href='https://hf.co/CohereForAI/c4ai-command-r-v01'>CohereForAI/c4ai-command-r-v01</a>,ğŸ“,-@@100,?,34980831232.0,256000.0,8192.0,âœ—,âœ—,-@@100,2.12@@2.12,2.46@@2.46,2.52@@2.52,-@@100,2.29@@2.29
<a href='https://hf.co/HPLT/hplt2c_spa_checkpoints'>HPLT/hplt2c_spa_checkpoints</a>,ğŸ§ ,-@@100,N/A,?,262272.0,2048.0,âœ“,âœ—,-@@100,3.91@@3.91,4.26@@4.26,4.10@@4.10,-@@100,4.04@@4.04
<a href='https://hf.co/HuggingFaceTB/SmolLM2-1.7B-Instruct'>HuggingFaceTB/SmolLM2-1.7B-Instruct</a>,ğŸ“,-@@100,?,1711376384.0,49152.0,8192.0,âœ“,âœ—,-@@100,3.09@@3.09,3.58@@3.58,3.38@@3.38,-@@100,3.41@@3.41
<a href='https://hf.co/HuggingFaceTB/SmolLM2-1.7B'>HuggingFaceTB/SmolLM2-1.7B</a>,ğŸ§ ,-@@100,N/A,1711376384.0,49152.0,8192.0,âœ“,âœ—,-@@100,3.08@@3.08,3.73@@3.73,3.52@@3.52,-@@100,3.40@@3.40
<a href='https://hf.co/HPLT/hplt2c_por_checkpoints'>HPLT/hplt2c_por_checkpoints</a>,ğŸ§ ,-@@100,N/A,?,262272.0,2048.0,âœ“,âœ—,-@@100,4.13@@4.13,4.32@@4.32,3.99@@3.99,-@@100,3.93@@3.93
<a href='https://hf.co/HuggingFaceTB/SmolLM3-3B'>HuggingFaceTB/SmolLM3-3B#no-thinking</a>,ğŸ“,-@@100,1.07,3075098624.0,128256.0,65536.0,âœ“,âœ—,3.00@@3.00,2.63@@2.63,2.89@@2.89,-@@100,3.17@@3.17,-@@100
<a href='https://hf.co/HuggingFaceTB/SmolLM3-3B'>HuggingFaceTB/SmolLM3-3B</a>,ğŸ¤”,-@@100,?,3075098624.0,128256.0,65536.0,âœ“,âœ—,-@@100,2.29@@2.29,2.66@@2.66,-@@100,-@@100,2.55@@2.55
<a href='https://hf.co/HPLT/hplt2c_ita_checkpoints'>HPLT/hplt2c_ita_checkpoints</a>,ğŸ§ ,-@@100,N/A,?,262272.0,2048.0,âœ“,âœ—,-@@100,4.12@@4.12,4.36@@4.36,4.44@@4.44,-@@100,4.10@@4.10
<a href='https://hf.co/HPLT/hplt2c_fra_checkpoints'>HPLT/hplt2c_fra_checkpoints</a>,ğŸ§ ,-@@100,N/A,?,262272.0,2048.0,âœ“,âœ—,-@@100,3.71@@3.71,4.59@@4.59,4.58@@4.58,-@@100,4.27@@4.27
<a href='https://hf.co/HPLT/gpt-13b-nordic-prerelease'>HPLT/gpt-13b-nordic-prerelease</a>,ğŸ§ ,-@@100,N/A,14030361600.0,131072.0,4096.0,âœ“,âœ—,-@@100,-@@100,-@@100,-@@100,-@@100,-@@100
<a href='https://hf.co/CohereForAI/c4ai-command-r7b-12-2024'>CohereForAI/c4ai-command-r7b-12-2024</a>,ğŸ“,-@@100,?,8028033024.0,256000.0,132096.0,âœ—,âœ—,-@@100,2.08@@2.08,2.49@@2.49,2.66@@2.66,-@@100,2.21@@2.21
<a href='https://hf.co/DiscoResearch/DiscoLM-70b'>DiscoResearch/DiscoLM-70b</a>,ğŸ§ ,-@@100,N/A,68977172480.0,32032.0,8192.0,âœ—,âœ—,-@@100,3.56@@3.56,4.04@@4.04,-@@100,-@@100,3.82@@3.82
<a href='https://hf.co/EuroBERT/EuroBERT-2.1B'>EuroBERT/EuroBERT-2.1B</a>,ğŸ”,-@@100,N/A,2403092736.0,128256.0,8192.0,âœ“,âœ—,-@@100,-@@100,-@@100,-@@100,-@@100,-@@100
<a href='https://hf.co/EuroBERT/EuroBERT-210m'>EuroBERT/EuroBERT-210m</a>,ğŸ”,-@@100,N/A,310266624.0,128256.0,8192.0,âœ“,âœ—,-@@100,-@@100,-@@100,-@@100,-@@100,-@@100
<a href='https://hf.co/EuroBERT/EuroBERT-610m'>EuroBERT/EuroBERT-610m</a>,ğŸ”,-@@100,N/A,755625600.0,128256.0,8192.0,âœ“,âœ—,-@@100,-@@100,-@@100,-@@100,-@@100,-@@100
<a href='https://hf.co/EuropeanParliament/EUBERT'>EuropeanParliament/EUBERT</a>,ğŸ”,-@@100,N/A,93990500.0,65636.0,512.0,âœ“,âœ—,-@@100,-@@100,-@@100,-@@100,-@@100,-@@100
<a href='https://hf.co/FacebookAI/roberta-base'>FacebookAI/roberta-base</a>,ğŸ”,-@@100,N/A,124697947.0,50265.0,512.0,âœ“,âœ—,-@@100,-@@100,-@@100,-@@100,-@@100,-@@100
<a href='https://hf.co/FacebookAI/roberta-large'>FacebookAI/roberta-large</a>,ğŸ”,-@@100,N/A,355412571.0,50265.0,512.0,âœ“,âœ—,-@@100,-@@100,-@@100,-@@100,-@@100,-@@100
<a href='https://hf.co/FacebookAI/xlm-mlm-100-1280'>FacebookAI/xlm-mlm-100-1280</a>,ğŸ”,-@@100,N/A,571499522.0,200000.0,512.0,âœ“,âœ—,-@@100,-@@100,-@@100,-@@100,-@@100,-@@100
<a href='https://hf.co/FacebookAI/xlm-mlm-17-1280'>FacebookAI/xlm-mlm-17-1280</a>,ğŸ”,-@@100,N/A,571499522.0,200000.0,512.0,âœ“,âœ—,-@@100,-@@100,-@@100,-@@100,-@@100,-@@100
<a href='https://hf.co/FacebookAI/xlm-roberta-large'>FacebookAI/xlm-roberta-large</a>,ğŸ”,-@@100,N/A,561192082.0,250002.0,512.0,âœ“,âœ—,-@@100,-@@100,-@@100,-@@100,-@@100,-@@100
<a href='https://hf.co/Geotrend/bert-base-25lang-cased'>Geotrend/bert-base-25lang-cased</a>,ğŸ”,-@@100,N/A,151311362.0,84985.0,512.0,âœ“,âœ—,-@@100,-@@100,-@@100,-@@100,-@@100,-@@100
<a href='https://hf.co/Geotrend/bert-base-da-cased'>Geotrend/bert-base-da-cased</a>,ğŸ”,-@@100,N/A,103822082.0,23150.0,512.0,âœ“,âœ—,-@@100,-@@100,-@@100,-@@100,-@@100,-@@100
<a href='https://hf.co/Geotrend/bert-base-en-fr-de-no-da-cased'>Geotrend/bert-base-en-fr-de-no-da-cased</a>,ğŸ”,-@@100,N/A,118118382.0,41710.0,512.0,âœ“,âœ—,-@@100,-@@100,-@@100,-@@100,-@@100,-@@100
<a href='https://hf.co/Geotrend/bert-base-en-no-cased'>Geotrend/bert-base-en-no-cased</a>,ğŸ”,-@@100,N/A,111441410.0,33071.0,512.0,âœ“,âœ—,-@@100,-@@100,-@@100,-@@100,-@@100,-@@100
<a href='https://hf.co/Geotrend/distilbert-base-25lang-cased'>Geotrend/distilbert-base-25lang-cased</a>,ğŸ”,-@@100,N/A,108867577.0,84985.0,512.0,âœ“,âœ—,-@@100,-@@100,-@@100,-@@100,-@@100,-@@100
<a href='https://hf.co/Geotrend/distilbert-base-en-fr-de-no-da-cased'>Geotrend/distilbert-base-en-fr-de-no-da-cased</a>,ğŸ”,-@@100,N/A,75547394.0,41710.0,512.0,âœ“,âœ—,-@@100,-@@100,-@@100,-@@100,-@@100,-@@100
<a href='https://hf.co/CohereForAI/c4ai-command-r-08-2024'>CohereForAI/c4ai-command-r-08-2024</a>,ğŸ“,-@@100,?,32296476672.0,256000.0,131072.0,âœ—,âœ—,-@@100,1.84@@1.84,2.20@@2.20,2.22@@2.22,-@@100,2.07@@2.07
<a href='https://hf.co/Qwen/Qwen3-4B-Instruct-2507'>Qwen/Qwen3-4B-Instruct-2507</a>,ğŸ“,-@@100,?,4022468096.0,151936.0,262144.0,âœ“,âœ—,-@@100,1.99@@1.99,2.36@@2.36,2.36@@2.36,-@@100,2.09@@2.09
<a href='https://hf.co/deepseek-ai/DeepSeek-R1-0528-Qwen3-8B'>deepseek-ai/DeepSeek-R1-0528-Qwen3-8B</a>,ğŸ¤”,-@@100,?,8190735360.0,151936.0,131072.0,âœ“,âœ—,-@@100,1.96@@1.96,2.34@@2.34,2.41@@2.41,-@@100,2.15@@2.15
<a href='https://hf.co/deepseek-ai/DeepSeek-R1-Distill-Llama-70B'>deepseek-ai/DeepSeek-R1-Distill-Llama-70B</a>,ğŸ¤”,-@@100,?,70553706496.0,128256.0,131072.0,âœ“,âœ—,-@@100,1.98@@1.98,2.52@@2.52,-@@100,-@@100,2.02@@2.02
<a href='https://hf.co/deepseek-ai/DeepSeek-R1-Distill-Llama-8B'>deepseek-ai/DeepSeek-R1-Distill-Llama-8B</a>,ğŸ¤”,-@@100,?,8030261248.0,128256.0,131072.0,âœ“,âœ—,-@@100,2.88@@2.88,3.33@@3.33,3.17@@3.17,-@@100,2.85@@2.85
<a href='https://hf.co/deepseek-ai/DeepSeek-R1-Distill-Qwen-1.5B'>deepseek-ai/DeepSeek-R1-Distill-Qwen-1.5B</a>,ğŸ¤”,-@@100,?,1777088000.0,151936.0,131072.0,âœ“,âœ—,-@@100,3.68@@3.68,4.17@@4.17,4.10@@4.10,-@@100,3.88@@3.88
<a href='https://hf.co/deepseek-ai/DeepSeek-R1-Distill-Qwen-14B'>deepseek-ai/DeepSeek-R1-Distill-Qwen-14B</a>,ğŸ¤”,-@@100,?,14770033664.0,152064.0,131072.0,âœ“,âœ—,-@@100,2.27@@2.27,3.21@@3.21,2.85@@2.85,-@@100,2.44@@2.44
<a href='https://hf.co/deepseek-ai/DeepSeek-R1-Distill-Qwen-32B'>deepseek-ai/DeepSeek-R1-Distill-Qwen-32B</a>,ğŸ¤”,-@@100,?,32763876352.0,152064.0,131072.0,âœ“,âœ—,-@@100,2.11@@2.11,2.38@@2.38,2.66@@2.66,-@@100,2.13@@2.13
"<a href='https://docs.anthropic.com/en/docs/about-claude'>claude-3-7-sonnet-20250219#no-thinking (zero-shot, val)</a>",ğŸ“,-@@100,?,?,?,200000.0,âœ“,âœ—,-@@100,1.65@@1.65,1.96@@1.96,2.12@@2.12,-@@100,1.92@@1.92
"<a href='https://docs.anthropic.com/en/docs/about-claude'>claude-3-7-sonnet-20250219#thinking (zero-shot, val)</a>",ğŸ¤”,-@@100,?,?,?,200000.0,âœ“,âœ—,-@@100,1.63@@1.63,1.87@@1.87,2.07@@2.07,-@@100,1.71@@1.71
<a href='https://hf.co/common-pile/comma-v0.1-1t'>common-pile/comma-v0.1-1t</a>,ğŸ§ ,-@@100,N/A,7002656768.0,64256.0,16384.0,âœ“,âœ—,-@@100,3.03@@3.03,3.50@@3.50,3.49@@3.49,-@@100,3.19@@3.19
<a href='https://hf.co/common-pile/comma-v0.1-2t'>common-pile/comma-v0.1-2t</a>,ğŸ§ ,-@@100,N/A,7002656768.0,64256.0,16384.0,âœ“,âœ—,-@@100,2.79@@2.79,3.25@@3.25,3.27@@3.27,-@@100,3.02@@3.02
<a href='https://hf.co/croissantllm/CroissantLLMBase'>croissantllm/CroissantLLMBase</a>,ğŸ§ ,-@@100,N/A,?,32000.0,2048.0,âœ“,âœ—,-@@100,3.77@@3.77,4.16@@4.16,-@@100,-@@100,3.96@@3.96
<a href='https://hf.co/croissantllm/CroissantLLMChat-v0.1'>croissantllm/CroissantLLMChat-v0.1</a>,ğŸ“,-@@100,?,1345431552.0,32002.0,2048.0,âœ—,âœ—,-@@100,3.80@@3.80,4.14@@4.14,-@@100,-@@100,4.00@@4.00
<a href='https://hf.co/dbmdz/bert-base-historic-multilingual-cased'>dbmdz/bert-base-historic-multilingual-cased</a>,ğŸ”,-@@100,N/A,111243522.0,32000.0,512.0,âœ“,âœ—,-@@100,-@@100,-@@100,-@@100,-@@100,-@@100
<a href='https://hf.co/dbmdz/bert-medium-historic-multilingual-cased'>dbmdz/bert-medium-historic-multilingual-cased</a>,ğŸ”,-@@100,N/A,42427138.0,32000.0,512.0,âœ“,âœ—,-@@100,-@@100,-@@100,-@@100,-@@100,-@@100
<a href='https://hf.co/dbmdz/bert-mini-historic-multilingual-cased'>dbmdz/bert-mini-historic-multilingual-cased</a>,ğŸ”,-@@100,N/A,11648258.0,32000.0,512.0,âœ“,âœ—,-@@100,-@@100,-@@100,-@@100,-@@100,-@@100
<a href='https://hf.co/dbmdz/bert-tiny-historic-multilingual-cased'>dbmdz/bert-tiny-historic-multilingual-cased</a>,ğŸ”,-@@100,N/A,4624642.0,32000.0,512.0,âœ“,âœ—,-@@100,-@@100,-@@100,-@@100,-@@100,-@@100
<a href='https://hf.co/deepseek-ai/DeepSeek-R1-Distill-Qwen-7B'>deepseek-ai/DeepSeek-R1-Distill-Qwen-7B</a>,ğŸ¤”,-@@100,?,7615616512.0,152064.0,131072.0,âœ“,âœ—,-@@100,2.83@@2.83,3.58@@3.58,-@@100,-@@100,3.01@@3.01
"<a href='https://docs.anthropic.com/en/docs/about-claude'>claude-3-5-sonnet-20241022 (zero-shot, val)</a>",ğŸ“,-@@100,?,?,?,200000.0,âœ“,âœ—,-@@100,1.62@@1.62,2.00@@2.00,2.15@@2.15,-@@100,1.96@@1.96
<a href='https://hf.co/distilbert/distilbert-base-cased'>distilbert/distilbert-base-cased</a>,ğŸ”,-@@100,N/A,65812036.0,28996.0,512.0,âœ“,âœ—,-@@100,-@@100,-@@100,-@@100,-@@100,-@@100
<a href='https://hf.co/distilbert/distilroberta-base'>distilbert/distilroberta-base</a>,ğŸ”,-@@100,N/A,82760793.0,50265.0,512.0,âœ“,âœ—,-@@100,-@@100,-@@100,-@@100,-@@100,-@@100
"<a href='https://ai.google.dev/gemini-api/docs/models#gemini-2.5-flash-lite-preview-06-17'>gemini/gemini-2.5-flash-lite-preview-06-17#no-thinking (zero-shot, val)</a>",ğŸ“,-@@100,?,?,256128.0,1048576.0,âœ“,âœ—,-@@100,1.91@@1.91,2.34@@2.34,2.33@@2.33,-@@100,-@@100
"<a href='https://ai.google.dev/gemini-api/docs/models#gemini-2.5-flash-lite-preview-06-17'>gemini/gemini-2.5-flash-lite-preview-06-17#thinking (zero-shot, val)</a>",ğŸ¤”,-@@100,?,?,256128.0,1048576.0,âœ“,âœ—,-@@100,1.74@@1.74,2.14@@2.14,2.29@@2.29,-@@100,1.82@@1.82
"<a href='https://ai.google.dev/gemini-api/docs/models#gemini-2.5-flash-preview-04-17'>gemini/gemini-2.5-flash-preview-04-17 (zero-shot, val)</a>",ğŸ¤”,-@@100,?,?,256128.0,1048576.0,âœ“,âœ—,-@@100,1.60@@1.60,2.16@@2.16,-@@100,-@@100,2.09@@2.09
"<a href='https://ai.google.dev/gemini-api/docs/models#gemini-2.5-pro-preview-03-25'>gemini/gemini-2.5-pro-preview-03-25 (zero-shot, val)</a>",ğŸ¤”,-@@100,?,?,256128.0,1048576.0,âœ“,âœ—,-@@100,1.67@@1.67,2.13@@2.13,2.05@@2.05,-@@100,1.83@@1.83
<a href='https://hf.co/google/gemma-2-27b-it'>google/gemma-2-27b-it</a>,ğŸ“,-@@100,?,27227128320.0,256000.0,8192.0,âœ“,âœ—,-@@100,1.92@@1.92,2.15@@2.15,2.14@@2.14,-@@100,1.97@@1.97
<a href='https://hf.co/google/gemma-2-27b'>google/gemma-2-27b</a>,ğŸ§ ,-@@100,N/A,27227128320.0,256000.0,8192.0,âœ“,âœ—,-@@100,2.09@@2.09,2.37@@2.37,2.21@@2.21,-@@100,2.13@@2.13
"<a href='https://ai.google.dev/gemini-api/docs/models#gemini-2.0-flash-lite-001'>gemini/gemini-2.0-flash-lite-001 (zero-shot, val)</a>",ğŸ“,-@@100,?,?,256128.0,1048576.0,âœ“,âœ—,-@@100,1.84@@1.84,2.24@@2.24,2.46@@2.46,-@@100,2.08@@2.08
"<a href='https://ai.google.dev/gemini-api/docs/models#gemini-2.0-flash-001'>gemini/gemini-2.0-flash-001 (zero-shot, val)</a>",ğŸ“,-@@100,?,?,256128.0,1048576.0,âœ“,âœ—,-@@100,1.72@@1.72,2.13@@2.13,2.30@@2.30,-@@100,2.00@@2.00
<a href='https://hf.co/facebook/MobileLLM-R1-140M-base'>facebook/MobileLLM-R1-140M-base</a>,ğŸ§ ,-@@100,N/A,140248512.0,128256.0,4096.0,âœ—,âœ—,-@@100,4.20@@4.20,4.57@@4.57,4.59@@4.59,-@@100,4.21@@4.21
<a href='https://hf.co/facebook/MobileLLM-R1-140M'>facebook/MobileLLM-R1-140M</a>,ğŸ¤”,-@@100,?,140248512.0,128256.0,32768.0,âœ—,âœ—,-@@100,5.24@@5.24,6.02@@6.02,5.84@@5.84,-@@100,5.17@@5.17
<a href='https://hf.co/facebook/MobileLLM-R1-360M-base'>facebook/MobileLLM-R1-360M-base</a>,ğŸ§ ,-@@100,N/A,359431168.0,128256.0,4096.0,âœ—,âœ—,-@@100,3.76@@3.76,4.34@@4.34,4.32@@4.32,-@@100,3.84@@3.84
<a href='https://hf.co/facebook/MobileLLM-R1-360M'>facebook/MobileLLM-R1-360M</a>,ğŸ“,-@@100,?,359431168.0,128256.0,32768.0,âœ—,âœ—,-@@100,4.34@@4.34,4.69@@4.69,4.63@@4.63,-@@100,4.50@@4.50
<a href='https://hf.co/facebook/MobileLLM-R1-950M-base'>facebook/MobileLLM-R1-950M-base</a>,ğŸ§ ,-@@100,N/A,949685760.0,128256.0,4096.0,âœ—,âœ—,-@@100,3.18@@3.18,3.90@@3.90,3.68@@3.68,-@@100,3.51@@3.51
<a href='https://hf.co/facebook/MobileLLM-R1-950M'>facebook/MobileLLM-R1-950M</a>,ğŸ“,-@@100,?,949685760.0,128256.0,32768.0,âœ—,âœ—,-@@100,4.24@@4.24,4.64@@4.64,4.70@@4.70,-@@100,4.32@@4.32
<a href='https://hf.co/facebook/xlm-v-base'>facebook/xlm-v-base</a>,ğŸ”,-@@100,N/A,778494722.0,901629.0,514.0,âœ“,âœ—,-@@100,-@@100,-@@100,-@@100,-@@100,-@@100
<a href='https://hf.co/four-two-labs/lynx-micro'>four-two-labs/lynx-micro</a>,ğŸ“,-@@100,?,2506172416.0,256000.0,8192.0,âœ—,âœ—,-@@100,-@@100,-@@100,3.49@@3.49,-@@100,-@@100
fresh-electra-small,ğŸ”,-@@100,N/A,13738755.0,32000.0,128.0,âœ“,âœ—,-@@100,-@@100,-@@100,-@@100,-@@100,-@@100
fresh-xlm-roberta-base,ğŸ”,-@@100,N/A,278885778.0,250002.0,512.0,âœ“,âœ—,-@@100,-@@100,-@@100,-@@100,-@@100,-@@100
"<a href='https://ai.google.dev/gemini-api/docs/models#gemini-1.5-flash-002'>gemini/gemini-1.5-flash-002 (zero-shot, val)</a>",ğŸ“,-@@100,?,?,256128.0,1048576.0,âœ“,âœ—,-@@100,1.93@@1.93,2.34@@2.34,2.43@@2.43,-@@100,2.18@@2.18
"<a href='https://ai.google.dev/gemini-api/docs/models#gemini-1.5-flash-8b-001'>gemini/gemini-1.5-flash-8b-001 (zero-shot, val)</a>",ğŸ“,-@@100,?,?,256128.0,1048576.0,âœ“,âœ—,-@@100,2.17@@2.17,2.61@@2.61,2.58@@2.58,-@@100,2.33@@2.33
<a href='https://hf.co/zai-org/GLM-4.5-Air'>zai-org/GLM-4.5-Air#no-thinking</a>,ğŸ“,-@@100,?,110468824832.0,151552.0,131072.0,âœ“,âœ—,-@@100,1.94@@1.94,2.28@@2.28,2.42@@2.42,-@@100,2.03@@2.03
<a href='https://hf.co/distilbert/distilbert-base-multilingual-cased'>distilbert/distilbert-base-multilingual-cased</a>,ğŸ”,-@@100,N/A,135445755.0,119547.0,512.0,âœ“,âœ—,-@@100,-@@100,-@@100,-@@100,-@@100,-@@100
<a href='https://hf.co/allenai/Llama-3.1-Tulu-3-8B'>allenai/Llama-3.1-Tulu-3-8B</a>,ğŸ“,-@@100,?,8030326784.0,128264.0,131072.0,âœ“,âœ—,-@@100,2.10@@2.10,2.51@@2.51,2.54@@2.54,-@@100,2.34@@2.34
<a href='https://hf.co/allenai/Llama-3.1-Tulu-3.1-8B'>allenai/Llama-3.1-Tulu-3.1-8B</a>,ğŸ“,-@@100,?,8030326784.0,128264.0,131072.0,âœ“,âœ—,-@@100,2.11@@2.11,2.44@@2.44,2.56@@2.56,-@@100,2.29@@2.29
<a href='https://hf.co/allenai/Llama-3.1-Tulu-3-8B-DPO'>allenai/Llama-3.1-Tulu-3-8B-DPO</a>,ğŸ“,-@@100,?,8030326784.0,128264.0,131072.0,âœ“,âœ—,-@@100,2.08@@2.08,2.51@@2.51,2.50@@2.50,-@@100,2.34@@2.34
<a href='https://hf.co/allenai/OLMo-2-1124-13B-Instruct'>allenai/OLMo-2-1124-13B-Instruct</a>,ğŸ“,-@@100,?,13716198400.0,100352.0,4096.0,âœ“,âœ—,-@@100,2.25@@2.25,2.68@@2.68,2.64@@2.64,-@@100,2.42@@2.42
<a href='https://hf.co/allenai/OLMo-2-1124-13B'>allenai/OLMo-2-1124-13B</a>,ğŸ§ ,-@@100,N/A,13716198400.0,100352.0,4096.0,âœ“,âœ—,-@@100,2.35@@2.35,2.82@@2.82,3.00@@3.00,-@@100,2.82@@2.82
<a href='https://hf.co/allenai/OLMo-2-1124-7B-Instruct'>allenai/OLMo-2-1124-7B-Instruct</a>,ğŸ“,-@@100,?,7298617344.0,100352.0,4096.0,âœ“,âœ—,-@@100,2.49@@2.49,2.99@@2.99,2.85@@2.85,-@@100,2.70@@2.70
<a href='https://hf.co/allenai/OLMo-2-1124-7B'>allenai/OLMo-2-1124-7B</a>,ğŸ§ ,-@@100,N/A,7298617344.0,100352.0,4096.0,âœ“,âœ—,-@@100,2.47@@2.47,3.00@@3.00,3.09@@3.09,-@@100,2.97@@2.97
<a href='https://hf.co/allenai/OLMo-2-0325-32B'>allenai/OLMo-2-0325-32B</a>,ğŸ§ ,-@@100,N/A,32234279936.0,100352.0,4096.0,âœ“,âœ—,-@@100,1.91@@1.91,2.36@@2.36,2.45@@2.45,-@@100,2.20@@2.20
<a href='https://hf.co/alea-institute/kl3m-003-3.7b'>alea-institute/kl3m-003-3.7b</a>,ğŸ§ ,-@@100,N/A,3691382784.0,32768.0,4096.0,âœ“,âœ—,-@@100,4.59@@4.59,4.84@@4.84,-@@100,-@@100,4.47@@4.47
<a href='https://hf.co/ai21labs/Jamba-v0.1'>ai21labs/Jamba-v0.1</a>,ğŸ§ ,-@@100,N/A,51570323328.0,65536.0,262144.0,âœ“,âœ—,-@@100,2.11@@2.11,2.49@@2.49,2.42@@2.42,-@@100,2.34@@2.34
<a href='https://hf.co/ZurichNLP/unsup-simcse-xlm-roberta-base'>ZurichNLP/unsup-simcse-xlm-roberta-base</a>,ğŸ”,-@@100,N/A,277453570.0,250002.0,514.0,âœ“,âœ—,-@@100,-@@100,-@@100,-@@100,-@@100,-@@100
<a href='https://hf.co/Qwen/Qwen3-4B-Thinking-2507'>Qwen/Qwen3-4B-Thinking-2507</a>,ğŸ¤”,-@@100,?,4022468096.0,151936.0,262144.0,âœ“,âœ—,-@@100,1.70@@1.70,2.22@@2.22,-@@100,-@@100,-@@100
<a href='https://hf.co/Qwen/Qwen3-4B'>Qwen/Qwen3-4B</a>,ğŸ¤”,-@@100,?,4022468096.0,151936.0,40960.0,âœ“,âœ—,-@@100,2.04@@2.04,2.35@@2.35,2.35@@2.35,-@@100,2.06@@2.06
<a href='https://hf.co/Qwen/Qwen3-8B'>Qwen/Qwen3-8B</a>,ğŸ¤”,-@@100,?,8190735360.0,151936.0,40960.0,âœ“,âœ—,-@@100,2.05@@2.05,2.17@@2.17,2.19@@2.19,-@@100,1.90@@1.90
<a href='https://hf.co/Qwen/Qwen3-Next-80B-A3B-Instruct'>Qwen/Qwen3-Next-80B-A3B-Instruct</a>,ğŸ“,-@@100,?,81324862720.0,151936.0,262144.0,âœ“,âœ—,-@@100,1.54@@1.54,1.84@@1.84,1.87@@1.87,-@@100,1.60@@1.60
<a href='https://hf.co/Qwen/Qwen3-Next-80B-A3B-Thinking'>Qwen/Qwen3-Next-80B-A3B-Thinking</a>,ğŸ¤”,-@@100,?,81324862720.0,151936.0,262144.0,âœ“,âœ—,-@@100,1.64@@1.64,1.90@@1.90,2.08@@2.08,-@@100,1.78@@1.78
<a href='https://hf.co/RekaAI/reka-flash-3.1'>RekaAI/reka-flash-3.1</a>,ğŸ¤”,-@@100,?,20905482240.0,100352.0,98304.0,âœ“,âœ—,-@@100,1.91@@1.91,2.22@@2.22,2.43@@2.43,-@@100,2.13@@2.13
<a href='https://hf.co/RekaAI/reka-flash-3'>RekaAI/reka-flash-3</a>,ğŸ¤”,-@@100,?,20905482240.0,100352.0,32768.0,âœ“,âœ—,-@@100,1.83@@1.83,2.18@@2.18,2.36@@2.36,-@@100,2.03@@2.03
<a href='https://hf.co/Shekswess/trlm-135m'>Shekswess/trlm-135m</a>,ğŸ“,-@@100,?,134516160.0,49154.0,8192.0,âœ“,âœ—,-@@100,4.26@@4.26,4.57@@4.57,4.53@@4.53,-@@100,4.23@@4.23
<a href='https://hf.co/THUDM/GLM-4.1V-9B-Thinking'>THUDM/GLM-4.1V-9B-Thinking</a>,ğŸ¤”,-@@100,?,10292777472.0,151552.0,65536.0,âœ“,âœ—,-@@100,2.89@@2.89,3.26@@3.26,3.31@@3.31,-@@100,3.04@@3.04
<a href='https://hf.co/ThatsGroes/gemma-2-27b-it-FP8-Dynamic'>ThatsGroes/gemma-2-27b-it-FP8-Dynamic</a>,ğŸ“,-@@100,?,28410968576.0,256000.0,8192.0,âœ“,âœ—,-@@100,1.91@@1.91,2.15@@2.15,2.21@@2.21,-@@100,2.02@@2.02
<a href='https://hf.co/TildeAI/TildeOpen-30b'>TildeAI/TildeOpen-30b#slow-tokenizer</a>,ğŸ§ ,-@@100,N/A,30677882880.0,131072.0,65536.0,âœ“,âœ—,-@@100,2.60@@2.60,2.98@@2.98,3.06@@3.06,-@@100,2.85@@2.85
<a href='https://hf.co/TrustLLMeu/baseline-7-8b_1t-tokens_llama'>TrustLLMeu/baseline-7-8b_1t-tokens_llama</a>,ğŸ§ ,-@@100,N/A,7799574528.0,100096.0,4096.0,âœ“,âœ—,-@@100,2.96@@2.96,3.57@@3.57,3.35@@3.35,-@@100,3.28@@3.28
<a href='https://hf.co/Twitter/twhin-bert-base'>Twitter/twhin-bert-base</a>,ğŸ”,-@@100,N/A,279080594.0,250002.0,512.0,âœ“,âœ—,-@@100,-@@100,-@@100,-@@100,-@@100,-@@100
<a href='https://hf.co/Twitter/twhin-bert-large'>Twitter/twhin-bert-large</a>,ğŸ”,-@@100,N/A,561713298.0,250002.0,512.0,âœ“,âœ—,-@@100,-@@100,-@@100,-@@100,-@@100,-@@100
<a href='https://hf.co/arcee-ai/Trinity-Mini-Base'>arcee-ai/Trinity-Mini-Base</a>,ğŸ“,-@@100,?,26123974400.0,200192.0,131072.0,âœ“,âœ—,2.93@@2.93,-@@100,-@@100,-@@100,-@@100,-@@100
<a href='https://hf.co/arcee-ai/Trinity-Nano-Base'>arcee-ai/Trinity-Nano-Base</a>,ğŸ“,-@@100,0.75,6120003328.0,200192.0,131072.0,âœ“,âœ—,3.38@@3.38,3.23@@3.23,3.69@@3.69,3.51@@3.51,-@@100,-@@100
<a href='https://hf.co/bullerwins/Magistral-Small-2506-fp8'>bullerwins/Magistral-Small-2506-fp8</a>,ğŸ§ ,-@@100,N/A,23575680000.0,131072.0,32768.0,âœ“,âœ—,-@@100,1.67@@1.67,1.94@@1.94,2.01@@2.01,-@@100,1.87@@1.87
<a href='https://hf.co/cardiffnlp/twitter-xlm-roberta-base'>cardiffnlp/twitter-xlm-roberta-base</a>,ğŸ”,-@@100,N/A,278045186.0,250002.0,514.0,âœ“,âœ—,-@@100,-@@100,-@@100,-@@100,-@@100,-@@100
"<a href='https://docs.anthropic.com/en/docs/about-claude'>claude-3-5-haiku-20241022 (zero-shot, val)</a>",ğŸ“,-@@100,1.08,?,?,200000.0,âœ“,âœ—,-@@100,2.27@@2.27,2.30@@2.30,2.38@@2.38,-@@100,2.28@@2.28
<a href='https://hf.co/google/gemma-2-2b'>google/gemma-2-2b</a>,ğŸ§ ,-@@100,N/A,2614341888.0,256000.0,8192.0,âœ“,âœ—,-@@100,2.81@@2.81,3.36@@3.36,-@@100,-@@100,3.22@@3.22
<a href='https://hf.co/answerdotai/ModernBERT-large'>answerdotai/ModernBERT-large</a>,ğŸ”,-@@100,N/A,395881664.0,50368.0,8192.0,âœ“,âœ—,-@@100,-@@100,-@@100,-@@100,-@@100,-@@100
<a href='https://hf.co/allenai/Olmo-3-7B-Think'>allenai/Olmo-3-7B-Think</a>,ğŸ¤”,-@@100,?,7298011136.0,100278.0,65536.0,âœ—,âœ—,2.68@@2.68,-@@100,-@@100,-@@100,-@@100,-@@100
<a href='https://hf.co/allenai/Olmo-3.1-32B-Think'>allenai/Olmo-3.1-32B-Think</a>,ğŸ¤”,-@@100,?,32233522176.0,100278.0,65536.0,âœ—,âœ—,1.96@@1.96,-@@100,-@@100,-@@100,-@@100,-@@100
<a href='https://hf.co/almanach/camembert-base'>almanach/camembert-base</a>,ğŸ”,-@@100,N/A,111246085.0,32005.0,512.0,âœ“,âœ—,-@@100,-@@100,-@@100,-@@100,-@@100,-@@100
<a href='https://hf.co/almanach/camembert-large'>almanach/camembert-large</a>,ğŸ”,-@@100,N/A,336695557.0,32005.0,512.0,âœ“,âœ—,-@@100,-@@100,-@@100,-@@100,-@@100,-@@100
<a href='https://hf.co/almanach/camembertv2-base'>almanach/camembertv2-base</a>,ğŸ”,-@@100,N/A,111635713.0,32768.0,1024.0,âœ“,âœ—,-@@100,-@@100,-@@100,-@@100,-@@100,-@@100
<a href='https://hf.co/answerdotai/ModernBERT-base'>answerdotai/ModernBERT-base</a>,ğŸ”,-@@100,N/A,149655232.0,50368.0,8192.0,âœ“,âœ—,-@@100,-@@100,-@@100,-@@100,-@@100,-@@100
<a href='https://hf.co/zai-org/GLM-4.5-Air'>zai-org/GLM-4.5-Air#thinking</a>,ğŸ¤”,-@@100,?,110468824832.0,151552.0,131072.0,âœ“,âœ—,-@@100,1.96@@1.96,2.31@@2.31,2.33@@2.33,-@@100,2.08@@2.08
