<span style='font-size: 12px; font-weight: normal; opacity: 0.6;'>Task Type</span>,<span style='visibility: hidden;'>dummy</span>,,,,,,,,,,
model,generative_type,rank,french,italian,portuguese,spanish,parameters,vocabulary_size,context,commercial,merge
"<a href='https://ai.google.dev/gemini-api/docs/models#gemini-3-pro-preview'>gemini/gemini-3-pro-preview (zero-shot, val)</a>",🤔,1.34@@1.34,1.15@@1.15,1.23@@1.23,1.68@@1.68,1.30@@1.30,?,?,?,✓,✗
<a href='https://hf.co/meta-llama/Llama-3.1-70B'>meta-llama/Llama-3.1-70B</a>,🧠,1.73@@1.73,1.24@@1.24,1.52@@1.52,1.66@@1.66,2.52@@2.52,70553706496.0,128256.0,131072.0,✓,✗
<a href='https://hf.co/Qwen/Qwen3-235B-A22B-Thinking-2507-FP8'>Qwen/Qwen3-235B-A22B-Thinking-2507-FP8</a>,🤔,1.81@@1.81,1.79@@1.79,1.84@@1.84,1.96@@1.96,1.65@@1.65,235107904512.0,151936.0,262144.0,✓,✗
<a href='https://hf.co/mistralai/Mistral-Small-3.1-24B-Base-2503'>mistralai/Mistral-Small-3.1-24B-Base-2503</a>,🧠,1.82@@1.82,1.31@@1.31,1.73@@1.73,1.67@@1.67,2.58@@2.58,24011361280.0,131072.0,8192.0,✓,✗
<a href='https://hf.co/mistralai/Mistral-Small-3.2-24B-Instruct-2506'>mistralai/Mistral-Small-3.2-24B-Instruct-2506</a>,📝,1.91@@1.91,1.62@@1.62,1.97@@1.97,2.28@@2.28,1.75@@1.75,24011361280.0,131072.0,?,✓,✗
<a href='https://hf.co/mistralai/Voxtral-Small-24B-2507'>mistralai/Voxtral-Small-24B-2507</a>,📝,1.94@@1.94,1.68@@1.68,2.05@@2.05,2.28@@2.28,1.73@@1.73,24261800960.0,131072.0,8192.0,✓,✗
<a href='https://hf.co/meta-llama/Meta-Llama-3-70B'>meta-llama/Meta-Llama-3-70B</a>,🧠,1.96@@1.96,1.64@@1.64,2.13@@2.13,2.27@@2.27,1.79@@1.79,70553706496.0,128256.0,8192.0,✓,✗
<a href='https://hf.co/deepcogito/cogito-v1-preview-qwen-32B'>deepcogito/cogito-v1-preview-qwen-32B</a>,📝,1.99@@1.99,1.69@@1.69,2.12@@2.12,2.39@@2.39,1.75@@1.75,32759790592.0,151665.0,131072.0,✓,✗
<a href='https://hf.co/NovaSky-AI/Sky-T1-32B-Preview'>NovaSky-AI/Sky-T1-32B-Preview</a>,📝,2.02@@2.02,1.74@@1.74,2.09@@2.09,2.39@@2.39,1.86@@1.86,32763876352.0,152064.0,32768.0,✓,✗
<a href='https://hf.co/mistralai/Magistral-Small-2509'>mistralai/Magistral-Small-2509</a>,📝,2.02@@2.02,1.67@@1.67,2.24@@2.24,2.34@@2.34,1.85@@1.85,24011361280.0,131072.0,8192.0,✓,✗
"<a href='https://docs.anthropic.com/en/docs/about-claude'>claude-sonnet-4-5-20250929#thinking (zero-shot, val)</a>",🤔,2.03@@2.03,1.57@@1.57,2.13@@2.13,2.42@@2.42,1.98@@1.98,?,?,?,✓,✗
<a href='https://hf.co/mistralai/Mistral-Small-3.1-24B-Instruct-2503'>mistralai/Mistral-Small-3.1-24B-Instruct-2503</a>,📝,2.03@@2.03,1.74@@1.74,2.10@@2.10,2.48@@2.48,1.78@@1.78,24011361280.0,131072.0,?,✓,✗
<a href='https://hf.co/Qwen/Qwen3-Next-80B-A3B-Instruct'>Qwen/Qwen3-Next-80B-A3B-Instruct</a>,📝,2.04@@2.04,1.72@@1.72,2.20@@2.20,2.45@@2.45,1.78@@1.78,81324862720.0,151936.0,262144.0,✓,✗
<a href='https://hf.co/Qwen/Qwen3-235B-A22B-Instruct-2507-FP8'>Qwen/Qwen3-235B-A22B-Instruct-2507-FP8</a>,📝,2.07@@2.07,1.74@@1.74,2.19@@2.19,2.50@@2.50,1.84@@1.84,235107904512.0,151936.0,262144.0,✓,✗
<a href='https://hf.co/google/gemma-3-27b-pt'>google/gemma-3-27b-pt</a>,🧠,2.07@@2.07,1.65@@1.65,1.95@@1.95,1.87@@1.87,2.83@@2.83,27432406640.0,262144.0,8192.0,✓,✗
<a href='https://hf.co/deepcogito/cogito-v1-preview-llama-70B'>deepcogito/cogito-v1-preview-llama-70B</a>,📝,2.07@@2.07,1.75@@1.75,2.16@@2.16,2.39@@2.39,1.97@@1.97,70553706496.0,128256.0,131072.0,✓,✗
<a href='https://hf.co/deepcogito/cogito-v1-preview-qwen-14B'>deepcogito/cogito-v1-preview-qwen-14B</a>,📝,2.11@@2.11,1.84@@1.84,2.28@@2.28,2.44@@2.44,1.85@@1.85,14765947904.0,151665.0,131072.0,✓,✗
<a href='https://hf.co/meta-llama/Llama-3.1-405B-Instruct-FP8'>meta-llama/Llama-3.1-405B-Instruct-FP8</a>,📝,2.13@@2.13,1.72@@1.72,2.22@@2.22,2.74@@2.74,1.83@@1.83,405868625920.0,128256.0,131072.0,✓,✗
"<a href='https://docs.anthropic.com/en/docs/about-claude'>claude-sonnet-4-5-20250929#no-thinking (zero-shot, val)</a>",📝,2.13@@2.13,1.54@@1.54,2.23@@2.23,2.66@@2.66,2.07@@2.07,?,?,?,✓,✗
<a href='https://hf.co/bullerwins/Magistral-Small-2506-fp8'>bullerwins/Magistral-Small-2506-fp8</a>,🧠,2.14@@2.14,1.71@@1.71,2.26@@2.26,2.57@@2.57,2.05@@2.05,23575680000.0,131072.0,32768.0,✓,✗
<a href='https://hf.co/LumiOpen/Llama-Poro-2-70B-SFT'>LumiOpen/Llama-Poro-2-70B-SFT</a>,📝,2.16@@2.16,1.83@@1.83,2.14@@2.14,2.52@@2.52,2.14@@2.14,70553706496.0,128256.0,8192.0,✓,✗
<a href='https://hf.co/openai/gpt-oss-20b'>openai/gpt-oss-20b#medium</a>,🤔,2.18@@2.18,2.01@@2.01,2.16@@2.16,2.48@@2.48,2.07@@2.07,21511953984.0,201088.0,131072.0,✓,✗
<a href='https://hf.co/meta-llama/Llama-4-Scout-17B-16E-Instruct'>meta-llama/Llama-4-Scout-17B-16E-Instruct</a>,📝,2.18@@2.18,1.86@@1.86,2.31@@2.31,2.55@@2.55,1.99@@1.99,108641793536.0,200000.0,?,✓,✗
<a href='https://hf.co/Qwen/Qwen2.5-72B-Instruct'>Qwen/Qwen2.5-72B-Instruct</a>,📝,2.18@@2.18,1.77@@1.77,2.47@@2.47,2.57@@2.57,1.90@@1.90,72706203648.0,152064.0,32768.0,✓,✗
<a href='https://hf.co/Qwen/Qwen3-32B'>Qwen/Qwen3-32B#no-thinking</a>,📝,2.18@@2.18,1.90@@1.90,2.35@@2.35,2.63@@2.63,1.84@@1.84,32762123264.0,151936.0,40960.0,✓,✗
<a href='https://hf.co/deepcogito/cogito-v2-preview-llama-70B'>deepcogito/cogito-v2-preview-llama-70B</a>,📝,2.19@@2.19,1.78@@1.78,2.32@@2.32,2.70@@2.70,1.96@@1.96,70553706496.0,128256.0,131072.0,✓,✗
<a href='https://hf.co/openai/gpt-oss-20b'>openai/gpt-oss-20b#low</a>,🤔,2.19@@2.19,1.96@@1.96,2.31@@2.31,2.44@@2.44,2.05@@2.05,21511953984.0,201088.0,131072.0,✓,✗
<a href='https://hf.co/Qwen/QwQ-32B'>Qwen/QwQ-32B</a>,🤔,2.19@@2.19,1.83@@1.83,2.29@@2.29,2.64@@2.64,2.00@@2.00,32763876352.0,152064.0,40960.0,✓,✗
<a href='https://hf.co/mistralai/Mistral-Small-24B-Instruct-2501'>mistralai/Mistral-Small-24B-Instruct-2501</a>,📝,2.20@@2.20,1.82@@1.82,2.32@@2.32,2.62@@2.62,2.05@@2.05,23572403200.0,131072.0,32768.0,✓,✗
"<a href='https://platform.openai.com/docs/models/gpt-5'>gpt-5-2025-08-07#high (zero-shot, val)</a>",🤔,2.21@@2.21,1.81@@1.81,2.33@@2.33,2.76@@2.76,1.94@@1.94,?,100256.0,272000.0,✓,✗
<a href='https://hf.co/Qwen/Qwen3-30B-A3B-Instruct-2507'>Qwen/Qwen3-30B-A3B-Instruct-2507</a>,📝,2.21@@2.21,1.91@@1.91,2.41@@2.41,2.52@@2.52,2.01@@2.01,30532122624.0,151936.0,262144.0,✓,✗
<a href='https://hf.co/Qwen/Qwen3-30B-A3B'>Qwen/Qwen3-30B-A3B</a>,🤔,2.22@@2.22,1.79@@1.79,2.28@@2.28,2.75@@2.75,2.04@@2.04,30532122624.0,151936.0,40960.0,✓,✗
<a href='https://hf.co/Qwen/Qwen3-30B-A3B'>Qwen/Qwen3-30B-A3B#no-thinking</a>,📝,2.23@@2.23,1.88@@1.88,2.41@@2.41,2.66@@2.66,1.98@@1.98,30532122624.0,151936.0,40960.0,✓,✗
<a href='https://hf.co/Qwen/Qwen3-14B'>Qwen/Qwen3-14B#no-thinking</a>,📝,2.23@@2.23,1.84@@1.84,2.40@@2.40,2.71@@2.71,1.97@@1.97,14768307200.0,151936.0,40960.0,✓,✗
"<a href='https://docs.anthropic.com/en/docs/about-claude'>claude-3-7-sonnet-20250219#thinking (zero-shot, val)</a>",🤔,2.23@@2.23,1.81@@1.81,2.22@@2.22,2.84@@2.84,2.06@@2.06,?,?,200000.0,✓,✗
<a href='https://hf.co/CohereForAI/c4ai-command-r-08-2024'>CohereForAI/c4ai-command-r-08-2024</a>,📝,2.23@@2.23,1.77@@1.77,2.41@@2.41,2.62@@2.62,2.12@@2.12,32296476672.0,256000.0,131072.0,✗,✗
<a href='https://hf.co/Qwen/Qwen3-14B'>Qwen/Qwen3-14B</a>,🤔,2.23@@2.23,1.79@@1.79,2.38@@2.38,2.76@@2.76,2.00@@2.00,14768307200.0,151936.0,40960.0,✓,✗
"<a href='https://platform.openai.com/docs/models/o3'>o3-2025-04-16 (zero-shot, val)</a>",🤔,2.25@@2.25,1.87@@1.87,2.47@@2.47,2.72@@2.72,1.96@@1.96,?,?,200000.0,✓,✗
<a href='https://hf.co/google/gemma-3-27b-it'>google/gemma-3-27b-it</a>,📝,2.25@@2.25,1.82@@1.82,2.42@@2.42,2.77@@2.77,2.00@@2.00,27432406640.0,262144.0,?,✓,✗
<a href='https://hf.co/Qwen/Qwen3-235B-A22B'>Qwen/Qwen3-235B-A22B</a>,🤔,2.25@@2.25,1.87@@1.87,2.36@@2.36,2.79@@2.79,1.99@@1.99,235093634560.0,151936.0,40960.0,✓,✗
<a href='https://hf.co/LumiOpen/Llama-Poro-2-70B-Instruct'>LumiOpen/Llama-Poro-2-70B-Instruct</a>,📝,2.26@@2.26,1.89@@1.89,2.30@@2.30,2.64@@2.64,2.21@@2.21,70553706496.0,128256.0,8192.0,✓,✗
"<a href='https://platform.openai.com/docs/models/gpt-5'>gpt-5-2025-08-07 (zero-shot, val)</a>",🤔,2.27@@2.27,1.85@@1.85,2.32@@2.32,2.80@@2.80,2.10@@2.10,?,100256.0,272000.0,✓,✗
<a href='https://hf.co/meta-llama/Llama-3.1-70B-Instruct'>meta-llama/Llama-3.1-70B-Instruct</a>,📝,2.28@@2.28,1.79@@1.79,2.57@@2.57,2.78@@2.78,1.99@@1.99,70553706496.0,128256.0,131072.0,✓,✗
<a href='https://hf.co/CohereForAI/aya-expanse-32b'>CohereForAI/aya-expanse-32b</a>,📝,2.28@@2.28,1.93@@1.93,2.30@@2.30,2.72@@2.72,2.16@@2.16,32296476672.0,256000.0,8192.0,✗,✗
<a href='https://hf.co/google/gemma-3-12b-it'>google/gemma-3-12b-it</a>,📝,2.30@@2.30,1.86@@1.86,2.35@@2.35,2.86@@2.86,2.11@@2.11,12187325040.0,262144.0,?,✓,✗
<a href='https://hf.co/Qwen/Qwen3-32B'>Qwen/Qwen3-32B</a>,🤔,2.31@@2.31,1.84@@1.84,2.45@@2.45,2.80@@2.80,2.16@@2.16,32762123264.0,151936.0,40960.0,✓,✗
<a href='https://hf.co/meta-llama/Llama-3.3-70B-Instruct'>meta-llama/Llama-3.3-70B-Instruct</a>,📝,2.31@@2.31,1.80@@1.80,2.58@@2.58,2.82@@2.82,2.05@@2.05,70553706496.0,128256.0,131072.0,✓,✗
"<a href='https://platform.openai.com/docs/models/o4-mini'>o4-mini-2025-04-16 (zero-shot, val)</a>",🤔,2.32@@2.32,1.88@@1.88,2.39@@2.39,2.80@@2.80,2.24@@2.24,?,?,200000.0,✓,✗
<a href='https://hf.co/Qwen/Qwen3-Next-80B-A3B-Thinking'>Qwen/Qwen3-Next-80B-A3B-Thinking</a>,🤔,2.32@@2.32,1.95@@1.95,2.36@@2.36,2.84@@2.84,2.14@@2.14,81324862720.0,151936.0,262144.0,✓,✗
"<a href='https://platform.openai.com/docs/models/gpt-5'>gpt-5-2025-08-07#minimal (zero-shot, val)</a>",🤔,2.32@@2.32,1.81@@1.81,2.57@@2.57,2.82@@2.82,2.09@@2.09,?,100256.0,272000.0,✓,✗
<a href='https://hf.co/RekaAI/reka-flash-3'>RekaAI/reka-flash-3</a>,🤔,2.33@@2.33,1.83@@1.83,2.43@@2.43,2.86@@2.86,2.21@@2.21,20905482240.0,100352.0,32768.0,✓,✗
"<a href='https://docs.anthropic.com/en/docs/about-claude'>claude-haiku-4-5-20251001 (zero-shot, val)</a>",🤔,2.33@@2.33,1.74@@1.74,2.63@@2.63,2.86@@2.86,2.11@@2.11,?,?,200000.0,✓,✗
<a href='https://hf.co/google/gemma-3-12b-pt'>google/gemma-3-12b-pt</a>,🧠,2.34@@2.34,1.61@@1.61,2.52@@2.52,2.18@@2.18,3.06@@3.06,12187325040.0,262144.0,8192.0,✓,✗
<a href='https://hf.co/meta-llama/Meta-Llama-3-70B-Instruct'>meta-llama/Meta-Llama-3-70B-Instruct</a>,📝,2.35@@2.35,1.86@@1.86,2.60@@2.60,2.83@@2.83,2.11@@2.11,70553706496.0,128256.0,8192.0,✓,✗
<a href='https://hf.co/microsoft/phi-4'>microsoft/phi-4</a>,📝,2.35@@2.35,2.20@@2.20,2.42@@2.42,2.46@@2.46,2.30@@2.30,14659507200.0,100352.0,16384.0,✓,✗
"<a href='https://docs.anthropic.com/en/docs/about-claude'>claude-3-7-sonnet-20250219#no-thinking (zero-shot, val)</a>",📝,2.35@@2.35,1.83@@1.83,2.30@@2.30,2.93@@2.93,2.36@@2.36,?,?,200000.0,✓,✗
<a href='https://hf.co/allenai/Llama-3.1-Tulu-3-8B-SFT'>allenai/Llama-3.1-Tulu-3-8B-SFT</a>,📝,2.36@@2.36,1.94@@1.94,2.47@@2.47,2.77@@2.77,2.28@@2.28,8030326784.0,128264.0,131072.0,✓,✗
"<a href='https://ai.google.dev/gemini-api/docs/models#gemini-2.5-flash-lite-preview-06-17'>gemini/gemini-2.5-flash-lite-preview-06-17#thinking (zero-shot, val)</a>",🤔,2.37@@2.37,1.88@@1.88,2.53@@2.53,3.07@@3.07,2.02@@2.02,?,256128.0,1048576.0,✓,✗
<a href='https://hf.co/google/gemma-3n-E4B-it'>google/gemma-3n-E4B-it</a>,📝,2.37@@2.37,1.95@@1.95,2.47@@2.47,2.83@@2.83,2.22@@2.22,7849978192.0,262400.0,?,✓,✗
"<a href='https://ai.google.dev/gemini-api/docs/models#gemini-2.5-flash-lite'>gemini/gemini-2.5-flash-lite#thinking (zero-shot, val)</a>",🤔,2.37@@2.37,1.88@@1.88,2.53@@2.53,3.07@@3.07,2.02@@2.02,?,256128.0,1048576.0,✓,✗
"<a href='https://docs.anthropic.com/en/docs/about-claude'>claude-3-5-sonnet-20241022 (zero-shot, val)</a>",📝,2.39@@2.39,1.82@@1.82,2.37@@2.37,2.95@@2.95,2.41@@2.41,?,?,200000.0,✓,✗
<a href='https://hf.co/Qwen/Qwen3-8B'>Qwen/Qwen3-8B#no-thinking</a>,📝,2.39@@2.39,2.00@@2.00,2.50@@2.50,2.86@@2.86,2.19@@2.19,8190735360.0,151936.0,40960.0,✓,✗
"<a href='https://ai.google.dev/gemini-api/docs/models#gemini-2.5-pro'>gemini/gemini-2.5-pro (zero-shot, val)</a>",🤔,2.39@@2.39,1.80@@1.80,2.46@@2.46,3.06@@3.06,2.22@@2.22,?,256128.0,1048576.0,✓,✗
<a href='https://hf.co/01-ai/Yi-1.5-34B'>01-ai/Yi-1.5-34B</a>,🧠,2.39@@2.39,1.80@@1.80,2.83@@2.83,2.61@@2.61,2.34@@2.34,34388917248.0,64000.0,4096.0,✓,✗
"<a href='https://platform.openai.com/docs/models/gpt-4o'>gpt-4o-2024-05-13 (zero-shot, val)</a>",📝,2.39@@2.39,1.74@@1.74,2.70@@2.70,2.88@@2.88,2.23@@2.23,?,200019.0,128000.0,✓,✗
<a href='https://hf.co/speakleash/Bielik-11B-v2.3-Instruct'>speakleash/Bielik-11B-v2.3-Instruct</a>,📝,2.40@@2.40,1.88@@1.88,2.62@@2.62,2.77@@2.77,2.34@@2.34,11168796672.0,32128.0,32768.0,✓,✓
"<a href='https://platform.openai.com/docs/models/gpt-5-nano'>gpt-5-nano-2025-08-07#high (zero-shot, val)</a>",🤔,2.41@@2.41,1.89@@1.89,2.52@@2.52,3.01@@3.01,2.21@@2.21,?,100256.0,272000.0,✓,✗
"<a href='https://ai.google.dev/gemini-api/docs/models#gemini-2.5-flash'>gemini/gemini-2.5-flash#thinking (zero-shot, val)</a>",🤔,2.41@@2.41,1.79@@1.79,2.55@@2.55,3.14@@3.14,2.14@@2.14,?,256128.0,1048576.0,✓,✗
<a href='https://hf.co/Qwen/Qwen3-8B'>Qwen/Qwen3-8B</a>,🤔,2.41@@2.41,2.23@@2.23,2.51@@2.51,2.77@@2.77,2.12@@2.12,8190735360.0,151936.0,40960.0,✓,✗
"xai/grok-3-beta (zero-shot, val)</a>",📝,2.42@@2.42,1.84@@1.84,2.60@@2.60,2.96@@2.96,2.31@@2.31,?,?,131072.0,✓,✗
<a href='https://hf.co/mistralai/Mixtral-8x7B-Instruct-v0.1'>mistralai/Mixtral-8x7B-Instruct-v0.1</a>,📝,2.42@@2.42,1.92@@1.92,2.73@@2.73,2.85@@2.85,2.20@@2.20,46702792704.0,32000.0,32768.0,✓,✗
"<a href='https://platform.openai.com/docs/models/gpt-5-mini'>gpt-5-mini-2025-08-07#high (zero-shot, val)</a>",🤔,2.43@@2.43,2.03@@2.03,2.41@@2.41,3.10@@3.10,2.15@@2.15,?,100256.0,272000.0,✓,✗
<a href='https://hf.co/google/gemma-2-27b-it'>google/gemma-2-27b-it</a>,📝,2.43@@2.43,2.15@@2.15,2.53@@2.53,2.73@@2.73,2.30@@2.30,27227128320.0,256000.0,8192.0,✓,✗
"<a href='https://ai.google.dev/gemini-api/docs/models#gemini-2.5-pro-preview-03-25'>gemini/gemini-2.5-pro-preview-03-25 (zero-shot, val)</a>",🤔,2.43@@2.43,1.95@@1.95,2.63@@2.63,2.91@@2.91,2.23@@2.23,?,256128.0,1048576.0,✓,✗
<a href='https://hf.co/152334H/miqu-1-70b-sf'>152334H/miqu-1-70b-sf</a>,📝,2.43@@2.43,2.08@@2.08,2.48@@2.48,2.82@@2.82,2.34@@2.34,68976648192.0,32000.0,32764.0,✓,✗
"<a href='https://platform.openai.com/docs/models/gpt-5-nano'>gpt-5-nano-2025-08-07 (zero-shot, val)</a>",🤔,2.44@@2.44,1.99@@1.99,2.56@@2.56,2.94@@2.94,2.28@@2.28,?,100256.0,272000.0,✓,✗
<a href='https://hf.co/upstage/SOLAR-10.7B-v1.0'>upstage/SOLAR-10.7B-v1.0</a>,🧠,2.44@@2.44,2.05@@2.05,2.51@@2.51,2.79@@2.79,2.40@@2.40,10731524096.0,32000.0,4096.0,✓,✗
<a href='https://hf.co/utter-project/EuroLLM-22B-Preview'>utter-project/EuroLLM-22B-Preview</a>,🧠,2.44@@2.44,2.01@@2.01,2.63@@2.63,2.85@@2.85,2.28@@2.28,?,128000.0,4096.0,✓,✗
<a href='https://hf.co/ai21labs/Jamba-v0.1'>ai21labs/Jamba-v0.1</a>,🧠,2.45@@2.45,2.04@@2.04,2.74@@2.74,2.59@@2.59,2.42@@2.42,51570323328.0,65536.0,262144.0,✓,✗
<a href='https://hf.co/allenai/OLMo-2-0325-32B'>allenai/OLMo-2-0325-32B</a>,🧠,2.45@@2.45,1.87@@1.87,2.66@@2.66,2.88@@2.88,2.37@@2.37,32234279936.0,100352.0,4096.0,✓,✗
<a href='https://hf.co/ThatsGroes/gemma-2-27b-it-FP8-Dynamic'>ThatsGroes/gemma-2-27b-it-FP8-Dynamic</a>,📝,2.46@@2.46,2.17@@2.17,2.57@@2.57,2.77@@2.77,2.34@@2.34,28410968576.0,256000.0,8192.0,✓,✗
<a href='https://hf.co/Qwen/Qwen3-4B'>Qwen/Qwen3-4B#no-thinking</a>,📝,2.47@@2.47,2.10@@2.10,2.63@@2.63,2.74@@2.74,2.39@@2.39,4022468096.0,151936.0,40960.0,✓,✗
<a href='https://hf.co/RekaAI/reka-flash-3.1'>RekaAI/reka-flash-3.1</a>,🤔,2.47@@2.47,2.02@@2.02,2.48@@2.48,2.99@@2.99,2.39@@2.39,20905482240.0,100352.0,98304.0,✓,✗
"<a href='https://platform.openai.com/docs/models/gpt-4.1'>gpt-4.1-2025-04-14 (zero-shot, val)</a>",📝,2.48@@2.48,1.88@@1.88,2.68@@2.68,3.07@@3.07,2.27@@2.27,?,?,1047576.0,✓,✗
<a href='https://hf.co/Qwen/Qwen3-4B'>Qwen/Qwen3-4B</a>,🤔,2.48@@2.48,2.10@@2.10,2.63@@2.63,2.93@@2.93,2.23@@2.23,4022468096.0,151936.0,40960.0,✓,✗
<a href='https://hf.co/jhu-clsp/mmBERT-base'>jhu-clsp/mmBERT-base</a>,🔍,2.48@@2.48,1.97@@1.97,2.50@@2.50,2.88@@2.88,2.56@@2.56,307531778.0,256000.0,8192.0,✓,✗
"<a href='https://docs.x.ai/docs/models'>xai/grok-2-1212 (zero-shot, val)</a>",📝,2.48@@2.48,2.12@@2.12,2.68@@2.68,3.00@@3.00,2.12@@2.12,?,?,131072.0,✓,✗
<a href='https://hf.co/swiss-ai/Apertus-70B-Instruct-2509'>swiss-ai/Apertus-70B-Instruct-2509</a>,📝,2.49@@2.49,2.22@@2.22,2.48@@2.48,2.93@@2.93,2.31@@2.31,70599864480.0,131072.0,65536.0,✗,✗
<a href='https://hf.co/allenai/Llama-3.1-Tulu-3.1-8B'>allenai/Llama-3.1-Tulu-3.1-8B</a>,📝,2.49@@2.49,2.04@@2.04,2.54@@2.54,3.00@@3.00,2.40@@2.40,8030326784.0,128264.0,131072.0,✓,✗
"<a href='https://platform.openai.com/docs/models/gpt-4.1-mini'>gpt-4.1-mini-2025-04-14 (zero-shot, val)</a>",📝,2.49@@2.49,1.96@@1.96,2.81@@2.81,2.86@@2.86,2.31@@2.31,?,?,1047576.0,✓,✗
"<a href='https://ai.google.dev/gemini-api/docs/models#gemini-2.0-flash-001'>gemini/gemini-2.0-flash-001 (zero-shot, val)</a>",📝,2.49@@2.49,1.92@@1.92,2.55@@2.55,3.13@@3.13,2.34@@2.34,?,256128.0,1048576.0,✓,✗
<a href='https://hf.co/deepseek-ai/DeepSeek-R1-0528-Qwen3-8B'>deepseek-ai/DeepSeek-R1-0528-Qwen3-8B</a>,🤔,2.49@@2.49,1.94@@1.94,2.62@@2.62,2.98@@2.98,2.40@@2.40,8190735360.0,151936.0,131072.0,✓,✗
"<a href='https://platform.openai.com/docs/models/gpt-5-mini'>gpt-5-mini-2025-08-07 (zero-shot, val)</a>",🤔,2.49@@2.49,2.06@@2.06,2.40@@2.40,3.16@@3.16,2.31@@2.31,?,100256.0,272000.0,✓,✗
<a href='https://hf.co/deepseek-ai/DeepSeek-R1-Distill-Llama-70B'>deepseek-ai/DeepSeek-R1-Distill-Llama-70B</a>,🤔,2.50@@2.50,2.02@@2.02,2.69@@2.69,3.05@@3.05,2.24@@2.24,70553706496.0,128256.0,131072.0,✓,✗
<a href='https://hf.co/mistralai/Mixtral-8x7B-v0.1'>mistralai/Mixtral-8x7B-v0.1</a>,🧠,2.50@@2.50,1.82@@1.82,2.76@@2.76,2.97@@2.97,2.44@@2.44,46702792704.0,32000.0,32768.0,✓,✗
<a href='https://hf.co/nvidia/NVIDIA-Nemotron-Nano-9B-v2'>nvidia/NVIDIA-Nemotron-Nano-9B-v2</a>,🤔,2.50@@2.50,1.99@@1.99,2.71@@2.71,3.04@@3.04,2.26@@2.26,8888227328.0,131072.0,131072.0,✓,✗
<a href='https://hf.co/Qwen/Qwen3-4B-Instruct-2507'>Qwen/Qwen3-4B-Instruct-2507</a>,📝,2.51@@2.51,2.12@@2.12,2.73@@2.73,2.86@@2.86,2.34@@2.34,4022468096.0,151936.0,262144.0,✓,✗
<a href='https://hf.co/CohereForAI/aya-23-35B'>CohereForAI/aya-23-35B</a>,📝,2.51@@2.51,2.13@@2.13,2.71@@2.71,2.85@@2.85,2.37@@2.37,34980831232.0,256000.0,8192.0,✗,✗
<a href='https://hf.co/meta-llama/Llama-3.1-8B'>meta-llama/Llama-3.1-8B</a>,🧠,2.51@@2.51,1.84@@1.84,2.51@@2.51,2.74@@2.74,2.94@@2.94,8030261248.0,128256.0,131072.0,✓,✗
<a href='https://hf.co/deepcogito/cogito-v1-preview-llama-8B'>deepcogito/cogito-v1-preview-llama-8B</a>,📝,2.52@@2.52,2.12@@2.12,2.62@@2.62,2.95@@2.95,2.38@@2.38,8030261248.0,128256.0,131072.0,✓,✗
"xai/grok-3-mini-beta#high (zero-shot, val)</a>",🤔,2.52@@2.52,1.98@@1.98,2.70@@2.70,3.09@@3.09,2.30@@2.30,?,?,131072.0,✓,✗
<a href='https://hf.co/meta-llama/Llama-2-70b-hf'>meta-llama/Llama-2-70b-hf</a>,🧠,2.52@@2.52,1.97@@1.97,2.74@@2.74,2.88@@2.88,2.49@@2.49,68976653312.0,32000.0,4096.0,✓,✗
<a href='https://hf.co/utter-project/EuroLLM-22B-Instruct-Preview'>utter-project/EuroLLM-22B-Instruct-Preview</a>,📝,2.52@@2.52,2.17@@2.17,2.57@@2.57,2.84@@2.84,2.49@@2.49,22637328384.0,128000.0,4096.0,✓,✗
"<a href='https://ai.google.dev/gemini-api/docs/models#gemini-1.5-pro-002'>gemini/gemini-1.5-pro-002 (zero-shot, val)</a>",📝,2.53@@2.53,1.98@@1.98,2.74@@2.74,3.07@@3.07,2.33@@2.33,?,256128.0,2097152.0,✓,✗
<a href='https://hf.co/allenai/Llama-3.1-Tulu-3-8B-DPO'>allenai/Llama-3.1-Tulu-3-8B-DPO</a>,📝,2.54@@2.54,2.01@@2.01,2.68@@2.68,2.91@@2.91,2.54@@2.54,8030326784.0,128264.0,131072.0,✓,✗
<a href='https://hf.co/01-ai/Yi-1.5-9B'>01-ai/Yi-1.5-9B</a>,🧠,2.55@@2.55,2.05@@2.05,2.90@@2.90,2.85@@2.85,2.41@@2.41,8829407232.0,64000.0,4096.0,✓,✗
"<a href='https://ai.google.dev/gemini-api/docs/models#gemini-2.5-flash'>gemini/gemini-2.5-flash#no-thinking (zero-shot, val)</a>",📝,2.55@@2.55,1.87@@1.87,2.56@@2.56,3.04@@3.04,2.75@@2.75,?,256128.0,1048576.0,✓,✗
<a href='https://hf.co/CohereForAI/aya-expanse-8b'>CohereForAI/aya-expanse-8b</a>,📝,2.55@@2.55,2.16@@2.16,2.66@@2.66,2.96@@2.96,2.41@@2.41,8028033024.0,256000.0,8192.0,✗,✗
<a href='https://hf.co/google/gemma-2-27b'>google/gemma-2-27b</a>,🧠,2.56@@2.56,2.31@@2.31,2.86@@2.86,2.71@@2.71,2.37@@2.37,27227128320.0,256000.0,8192.0,✓,✗
"<a href='https://ai.google.dev/gemini-api/docs/models#gemini-1.5-flash-002'>gemini/gemini-1.5-flash-002 (zero-shot, val)</a>",📝,2.56@@2.56,2.03@@2.03,2.67@@2.67,3.15@@3.15,2.39@@2.39,?,256128.0,1048576.0,✓,✗
"<a href='https://platform.openai.com/docs/models/gpt-4o-mini'>gpt-4o-mini-2024-07-18 (zero-shot, val)</a>",📝,2.56@@2.56,2.05@@2.05,2.95@@2.95,2.90@@2.90,2.33@@2.33,?,200019.0,128000.0,✓,✗
<a href='https://hf.co/allenai/Llama-3.1-Tulu-3-8B'>allenai/Llama-3.1-Tulu-3-8B</a>,📝,2.57@@2.57,2.06@@2.06,2.71@@2.71,2.96@@2.96,2.53@@2.53,8030326784.0,128264.0,131072.0,✓,✗
<a href='https://hf.co/CohereForAI/c4ai-command-r7b-12-2024'>CohereForAI/c4ai-command-r7b-12-2024</a>,📝,2.57@@2.57,2.09@@2.09,2.69@@2.69,3.21@@3.21,2.28@@2.28,8028033024.0,256000.0,132096.0,✗,✗
<a href='https://hf.co/CohereForAI/c4ai-command-r-v01'>CohereForAI/c4ai-command-r-v01</a>,📝,2.61@@2.61,2.19@@2.19,2.80@@2.80,2.98@@2.98,2.49@@2.49,34980831232.0,256000.0,8192.0,✗,✗
"<a href='https://platform.openai.com/docs/models/o3-mini'>o3-mini-2025-01-31 (zero-shot, val)</a>",🤔,2.61@@2.61,1.86@@1.86,2.82@@2.82,2.92@@2.92,2.81@@2.81,?,?,200000.0,✓,✗
<a href='https://hf.co/allenai/OLMo-2-0325-32B-Instruct'>allenai/OLMo-2-0325-32B-Instruct</a>,📝,2.61@@2.61,2.43@@2.43,2.90@@2.90,2.66@@2.66,2.46@@2.46,32234279936.0,100352.0,4096.0,✗,✗
<a href='https://hf.co/openai/gpt-oss-20b'>openai/gpt-oss-20b#high</a>,🤔,2.61@@2.61,2.39@@2.39,2.52@@2.52,2.84@@2.84,2.70@@2.70,21511953984.0,201088.0,131072.0,✓,✗
"<a href='https://platform.openai.com/docs/models/gpt-5-mini'>gpt-5-mini-2025-08-07#minimal (zero-shot, val)</a>",🤔,2.62@@2.62,2.31@@2.31,2.81@@2.81,3.07@@3.07,2.27@@2.27,?,100256.0,272000.0,✓,✗
<a href='https://hf.co/intfloat/multilingual-e5-large'>intfloat/multilingual-e5-large</a>,🔍,2.62@@2.62,2.04@@2.04,2.87@@2.87,3.13@@3.13,2.45@@2.45,559890946.0,250002.0,512.0,✓,✗
<a href='https://hf.co/nvidia/mistral-nemo-minitron-8b-base'>nvidia/mistral-nemo-minitron-8b-base</a>,🧠,2.63@@2.63,2.03@@2.03,2.95@@2.95,2.85@@2.85,2.68@@2.68,8414105600.0,131072.0,8192.0,✓,✗
<a href='https://hf.co/nvidia/Mistral-NeMo-Minitron-8B-Base'>nvidia/Mistral-NeMo-Minitron-8B-Base</a>,🧠,2.63@@2.63,2.03@@2.03,2.95@@2.95,2.85@@2.85,2.68@@2.68,8414105600.0,131072.0,8192.0,✓,✗
<a href='https://hf.co/meta-llama/Llama-3.1-8B-Instruct'>meta-llama/Llama-3.1-8B-Instruct</a>,📝,2.64@@2.64,2.27@@2.27,2.83@@2.83,3.04@@3.04,2.44@@2.44,8030261248.0,128256.0,131072.0,✓,✗
<a href='https://hf.co/allenai/OLMo-2-1124-13B-Instruct'>allenai/OLMo-2-1124-13B-Instruct</a>,📝,2.64@@2.64,2.21@@2.21,2.82@@2.82,3.02@@3.02,2.51@@2.51,13716198400.0,100352.0,4096.0,✓,✗
<a href='https://hf.co/zai-org/GLM-4.5-Air'>zai-org/GLM-4.5-Air#thinking</a>,🤔,2.64@@2.64,2.27@@2.27,2.81@@2.81,3.04@@3.04,2.43@@2.43,110468824832.0,151552.0,131072.0,✓,✗
<a href='https://hf.co/Nexusflow/Starling-LM-7B-beta'>Nexusflow/Starling-LM-7B-beta</a>,📝,2.64@@2.64,2.11@@2.11,2.79@@2.79,3.06@@3.06,2.59@@2.59,7241748480.0,32002.0,8192.0,✗,✗
"<a href='https://ai.google.dev/gemini-api/docs/models#gemini-2.5-flash-lite'>gemini/gemini-2.5-flash-lite#no-thinking (zero-shot, val)</a>",📝,2.65@@2.65,2.09@@2.09,2.77@@2.77,3.16@@3.16,2.58@@2.58,?,256128.0,1048576.0,✓,✗
<a href='https://hf.co/meta-llama/Meta-Llama-3-8B-Instruct'>meta-llama/Meta-Llama-3-8B-Instruct</a>,📝,2.66@@2.66,2.24@@2.24,2.85@@2.85,3.04@@3.04,2.51@@2.51,8030261248.0,128256.0,8192.0,✓,✗
<a href='https://hf.co/zai-org/GLM-4.5-Air'>zai-org/GLM-4.5-Air#no-thinking</a>,📝,2.67@@2.67,2.26@@2.26,2.82@@2.82,3.25@@3.25,2.35@@2.35,110468824832.0,151552.0,131072.0,✓,✗
"<a href='https://ai.google.dev/gemini-api/docs/models#gemini-2.0-flash-lite-001'>gemini/gemini-2.0-flash-lite-001 (zero-shot, val)</a>",📝,2.67@@2.67,2.09@@2.09,2.75@@2.75,3.36@@3.36,2.47@@2.47,?,256128.0,1048576.0,✓,✗
<a href='https://hf.co/swiss-ai/Apertus-8B-Instruct-2509'>swiss-ai/Apertus-8B-Instruct-2509</a>,📝,2.67@@2.67,2.27@@2.27,2.90@@2.90,3.03@@3.03,2.50@@2.50,8053338176.0,131072.0,65536.0,✗,✗
<a href='https://hf.co/HuggingFaceTB/SmolLM3-3B'>HuggingFaceTB/SmolLM3-3B</a>,🤔,2.68@@2.68,2.24@@2.24,2.90@@2.90,2.85@@2.85,2.73@@2.73,3075098624.0,128256.0,65536.0,✓,✗
<a href='https://hf.co/mistralai/Ministral-8B-Instruct-2410'>mistralai/Ministral-8B-Instruct-2410</a>,📝,2.69@@2.69,2.39@@2.39,2.90@@2.90,2.99@@2.99,2.48@@2.48,8019808256.0,131072.0,32768.0,✓,✗
<a href='https://hf.co/google/gemma-3-4b-it'>google/gemma-3-4b-it</a>,📝,2.70@@2.70,2.23@@2.23,2.77@@2.77,3.17@@3.17,2.65@@2.65,4300079472.0,262144.0,?,✓,✗
"<a href='https://docs.anthropic.com/en/docs/about-claude'>claude-3-5-haiku-20241022 (zero-shot, val)</a>",📝,2.70@@2.70,2.54@@2.54,2.54@@2.54,3.02@@3.02,2.71@@2.71,?,?,200000.0,✓,✗
<a href='https://hf.co/ibm-granite/granite-3.0-8b-base'>ibm-granite/granite-3.0-8b-base</a>,🧠,2.70@@2.70,2.25@@2.25,2.98@@2.98,3.07@@3.07,2.50@@2.50,8170835968.0,49152.0,4096.0,✓,✗
"<a href='https://ai.google.dev/gemini-api/docs/models#gemini-1.5-flash-8b-001'>gemini/gemini-1.5-flash-8b-001 (zero-shot, val)</a>",📝,2.71@@2.71,2.21@@2.21,2.99@@2.99,3.20@@3.20,2.45@@2.45,?,256128.0,1048576.0,✓,✗
<a href='https://hf.co/NousResearch/DeepHermes-3-Llama-3-8B-Preview'>NousResearch/DeepHermes-3-Llama-3-8B-Preview</a>,📝,2.72@@2.72,2.12@@2.12,2.94@@2.94,3.10@@3.10,2.73@@2.73,8030261248.0,128256.0,131072.0,✓,✗
<a href='https://hf.co/deepseek-ai/DeepSeek-R1-Distill-Qwen-32B'>deepseek-ai/DeepSeek-R1-Distill-Qwen-32B</a>,🤔,2.72@@2.72,2.22@@2.22,2.76@@2.76,3.44@@3.44,2.45@@2.45,32763876352.0,152064.0,131072.0,✓,✗
<a href='https://hf.co/utter-project/EuroLLM-9B'>utter-project/EuroLLM-9B</a>,🧠,2.72@@2.72,2.22@@2.22,2.87@@2.87,3.14@@3.14,2.65@@2.65,9152319488.0,128000.0,4096.0,✓,✗
<a href='https://hf.co/meta-llama/Meta-Llama-3-8B'>meta-llama/Meta-Llama-3-8B</a>,🧠,2.73@@2.73,2.15@@2.15,3.02@@3.02,2.93@@2.93,2.80@@2.80,8030261248.0,128256.0,8192.0,✓,✗
<a href='https://hf.co/tiiuae/Falcon3-7B-Base'>tiiuae/Falcon3-7B-Base</a>,🧠,2.73@@2.73,2.07@@2.07,3.13@@3.13,3.13@@3.13,2.57@@2.57,7455550464.0,131072.0,32768.0,✓,✗
<a href='https://hf.co/jhu-clsp/mmBERT-small'>jhu-clsp/mmBERT-small</a>,🔍,2.73@@2.73,2.01@@2.01,2.92@@2.92,3.22@@3.22,2.75@@2.75,140642306.0,256000.0,8192.0,✓,✗
<a href='https://hf.co/ibm-granite/granite-3.0-8b-instruct'>ibm-granite/granite-3.0-8b-instruct</a>,📝,2.75@@2.75,2.33@@2.33,2.96@@2.96,3.13@@3.13,2.59@@2.59,8170848256.0,49155.0,4096.0,✓,✗
<a href='https://hf.co/google/gemma-3n-E4B'>google/gemma-3n-E4B</a>,🧠,2.78@@2.78,2.22@@2.22,3.08@@3.08,3.12@@3.12,2.69@@2.69,7849978192.0,262400.0,?,✓,✗
<a href='https://hf.co/kurakurai/Luth-1.7B-Instruct'>kurakurai/Luth-1.7B-Instruct</a>,📝,2.79@@2.79,2.37@@2.37,3.01@@3.01,3.16@@3.16,2.62@@2.62,1720574976.0,151936.0,40960.0,✗,✗
<a href='https://hf.co/mistralai/Voxtral-Mini-3B-2507'>mistralai/Voxtral-Mini-3B-2507</a>,📝,2.82@@2.82,2.35@@2.35,3.08@@3.08,3.13@@3.13,2.73@@2.73,4676271104.0,131072.0,?,✓,✗
<a href='https://hf.co/ibm-granite/granite-34b-code-base'>ibm-granite/granite-34b-code-base</a>,🧠,2.82@@2.82,2.28@@2.28,3.05@@3.05,3.19@@3.19,2.75@@2.75,33715603456.0,49152.0,8192.0,✓,✗
<a href='https://hf.co/google/rembert'>google/rembert</a>,🔍,2.83@@2.83,1.93@@1.93,2.92@@2.92,3.60@@3.60,2.89@@2.89,575922690.0,250300.0,512.0,✓,✗
"<a href='https://platform.openai.com/docs/models/gpt-4.1-nano'>gpt-4.1-nano-2025-04-14 (zero-shot, val)</a>",📝,2.83@@2.83,2.41@@2.41,3.10@@3.10,3.24@@3.24,2.57@@2.57,?,?,1047576.0,✓,✗
<a href='https://hf.co/setu4993/LaBSE'>setu4993/LaBSE</a>,🔍,2.84@@2.84,2.25@@2.25,3.06@@3.06,3.26@@3.26,2.80@@2.80,470927360.0,501153.0,512.0,✓,✗
<a href='https://hf.co/intfloat/multilingual-e5-base'>intfloat/multilingual-e5-base</a>,🔍,2.84@@2.84,2.30@@2.30,3.12@@3.12,3.35@@3.35,2.59@@2.59,278044162.0,250002.0,512.0,✓,✗
<a href='https://hf.co/mistralai/Mistral-7B-v0.3'>mistralai/Mistral-7B-v0.3</a>,🧠,2.84@@2.84,2.19@@2.19,3.00@@3.00,3.16@@3.16,2.99@@2.99,7248023552.0,32768.0,32768.0,✓,✗
<a href='https://hf.co/meta-llama/Llama-2-70b-chat-hf'>meta-llama/Llama-2-70b-chat-hf</a>,📝,2.84@@2.84,2.36@@2.36,3.06@@3.06,3.23@@3.23,2.73@@2.73,68976653312.0,32000.0,4096.0,✓,✗
<a href='https://hf.co/mistralai/Mistral-7B-v0.1'>mistralai/Mistral-7B-v0.1</a>,🧠,2.84@@2.84,2.19@@2.19,2.87@@2.87,3.29@@3.29,3.01@@3.01,7241732096.0,32000.0,32768.0,✓,✗
<a href='https://hf.co/microsoft/mdeberta-v3-base'>microsoft/mdeberta-v3-base</a>,🔍,2.84@@2.84,2.12@@2.12,2.83@@2.83,3.81@@3.81,2.60@@2.60,278810882.0,251000.0,512.0,✓,✗
<a href='https://hf.co/utter-project/EuroLLM-9B-Instruct'>utter-project/EuroLLM-9B-Instruct</a>,📝,2.85@@2.85,2.38@@2.38,3.05@@3.05,3.22@@3.22,2.76@@2.76,9152319488.0,128000.0,4096.0,✗,✗
<a href='https://hf.co/Qwen/Qwen3-1.7B'>Qwen/Qwen3-1.7B#no-thinking</a>,📝,2.86@@2.86,2.43@@2.43,3.10@@3.10,3.17@@3.17,2.75@@2.75,2031739904.0,151936.0,40960.0,✓,✗
<a href='https://hf.co/ibm-granite/granite-34b-code-instruct'>ibm-granite/granite-34b-code-instruct</a>,📝,2.86@@2.86,2.48@@2.48,2.99@@2.99,3.19@@3.19,2.79@@2.79,33715603456.0,49152.0,8192.0,✓,✗
<a href='https://hf.co/HuggingFaceTB/SmolLM3-3B-Base'>HuggingFaceTB/SmolLM3-3B-Base</a>,🧠,2.87@@2.87,2.28@@2.28,2.92@@2.92,3.19@@3.19,3.10@@3.10,3075098624.0,128256.0,65536.0,✓,✗
<a href='https://hf.co/LiquidAI/LFM2-2.6B'>LiquidAI/LFM2-2.6B</a>,📝,2.89@@2.89,2.45@@2.45,3.15@@3.15,3.31@@3.31,2.65@@2.65,2569272320.0,65536.0,128000.0,✗,✗
<a href='https://hf.co/Qwen/Qwen3-1.7B'>Qwen/Qwen3-1.7B</a>,🤔,2.89@@2.89,2.43@@2.43,3.10@@3.10,3.33@@3.33,2.70@@2.70,2031739904.0,151936.0,40960.0,✓,✗
<a href='https://hf.co/ibm-granite/granite-20b-code-base'>ibm-granite/granite-20b-code-base</a>,🧠,2.90@@2.90,2.36@@2.36,3.06@@3.06,3.27@@3.27,2.91@@2.91,20066993152.0,49152.0,8192.0,✓,✗
<a href='https://hf.co/deepcogito/cogito-v1-preview-llama-3B'>deepcogito/cogito-v1-preview-llama-3B</a>,📝,2.90@@2.90,2.58@@2.58,3.06@@3.06,3.24@@3.24,2.73@@2.73,3606752256.0,128256.0,131072.0,✓,✗
<a href='https://hf.co/FacebookAI/xlm-roberta-large'>FacebookAI/xlm-roberta-large</a>,🔍,2.91@@2.91,2.16@@2.16,2.92@@2.92,3.55@@3.55,3.00@@3.00,561192082.0,250002.0,512.0,✓,✗
<a href='https://hf.co/tiiuae/falcon-11B'>tiiuae/falcon-11B</a>,📝,2.91@@2.91,2.39@@2.39,3.21@@3.21,3.07@@3.07,2.96@@2.96,11102822400.0,65024.0,8192.0,✓,✗
<a href='https://hf.co/occiglot/occiglot-7b-eu5'>occiglot/occiglot-7b-eu5</a>,🧠,2.92@@2.92,2.36@@2.36,3.07@@3.07,3.30@@3.30,2.95@@2.95,7241732096.0,32000.0,32768.0,✓,✗
<a href='https://hf.co/mistralai/Mistral-7B-Instruct-v0.1'>mistralai/Mistral-7B-Instruct-v0.1</a>,📝,2.93@@2.93,2.51@@2.51,3.05@@3.05,3.36@@3.36,2.80@@2.80,7241732096.0,32000.0,32768.0,✓,✗
<a href='https://hf.co/allenai/OLMo-2-1124-7B-Instruct'>allenai/OLMo-2-1124-7B-Instruct</a>,📝,2.94@@2.94,2.46@@2.46,3.26@@3.26,3.20@@3.20,2.84@@2.84,7298617344.0,100352.0,4096.0,✓,✗
<a href='https://hf.co/nvidia/mistral-nemo-minitron-8b-instruct'>nvidia/mistral-nemo-minitron-8b-instruct</a>,📝,2.97@@2.97,2.55@@2.55,3.27@@3.27,3.29@@3.29,2.77@@2.77,8414105600.0,131072.0,8192.0,✓,✗
<a href='https://hf.co/ibm-granite/granite-8b-code-instruct-4k'>ibm-granite/granite-8b-code-instruct-4k</a>,📝,2.98@@2.98,2.52@@2.52,3.31@@3.31,3.22@@3.22,2.89@@2.89,8054910976.0,49152.0,4096.0,✓,✗
<a href='https://hf.co/meta-llama/Llama-3.2-3B-Instruct'>meta-llama/Llama-3.2-3B-Instruct</a>,📝,2.99@@2.99,2.59@@2.59,3.25@@3.25,3.37@@3.37,2.75@@2.75,3212749824.0,128256.0,131072.0,✓,✗
<a href='https://hf.co/CohereForAI/aya-23-8B'>CohereForAI/aya-23-8B</a>,📝,2.99@@2.99,2.43@@2.43,3.28@@3.28,3.19@@3.19,3.07@@3.07,8028033024.0,256000.0,8192.0,✗,✗
<a href='https://hf.co/meta-llama/Llama-2-13b-hf'>meta-llama/Llama-2-13b-hf</a>,🧠,3.00@@3.00,2.39@@2.39,3.29@@3.29,3.19@@3.19,3.15@@3.15,13015866880.0,32000.0,4096.0,✓,✗
<a href='https://hf.co/ibm-granite/granite-8b-code-base-4k'>ibm-granite/granite-8b-code-base-4k</a>,🧠,3.00@@3.00,2.43@@2.43,3.40@@3.40,3.29@@3.29,2.90@@2.90,8054910976.0,49152.0,4096.0,✓,✗
<a href='https://hf.co/allenai/OLMo-2-1124-13B'>allenai/OLMo-2-1124-13B</a>,🧠,3.00@@3.00,2.30@@2.30,3.05@@3.05,3.52@@3.52,3.13@@3.13,13716198400.0,100352.0,4096.0,✓,✗
<a href='https://hf.co/BSC-LT/salamandra-7b-instruct'>BSC-LT/salamandra-7b-instruct</a>,📝,3.00@@3.00,2.41@@2.41,3.29@@3.29,3.29@@3.29,3.00@@3.00,7768117248.0,256000.0,8192.0,✓,✗
"<a href='https://platform.openai.com/docs/models/gpt-5-nano'>gpt-5-nano-2025-08-07#minimal (zero-shot, val)</a>",🤔,3.00@@3.00,2.37@@2.37,3.37@@3.37,3.56@@3.56,2.69@@2.69,?,100256.0,272000.0,✓,✗
<a href='https://hf.co/google/gemma-3-4b-pt'>google/gemma-3-4b-pt</a>,🧠,3.01@@3.01,2.32@@2.32,3.11@@3.11,3.27@@3.27,3.34@@3.34,4300079472.0,262144.0,8192.0,✓,✗
<a href='https://hf.co/BSC-LT/salamandra-7b'>BSC-LT/salamandra-7b</a>,🧠,3.02@@3.02,2.50@@2.50,3.27@@3.27,3.37@@3.37,2.94@@2.94,7768117248.0,256000.0,8192.0,✓,✗
<a href='https://hf.co/Qwen/Qwen2.5-1.5B-Instruct'>Qwen/Qwen2.5-1.5B-Instruct</a>,📝,3.03@@3.03,2.62@@2.62,3.31@@3.31,3.34@@3.34,2.86@@2.86,1543714304.0,151936.0,32768.0,✓,✗
<a href='https://hf.co/mistralai/Mistral-7B-Instruct-v0.2'>mistralai/Mistral-7B-Instruct-v0.2</a>,📝,3.04@@3.04,2.62@@2.62,3.20@@3.20,3.29@@3.29,3.05@@3.05,7241732096.0,32000.0,32768.0,✗,✗
<a href='https://hf.co/allenai/OLMo-2-1124-7B'>allenai/OLMo-2-1124-7B</a>,🧠,3.05@@3.05,2.29@@2.29,3.17@@3.17,3.45@@3.45,3.27@@3.27,7298617344.0,100352.0,4096.0,✓,✗
<a href='https://hf.co/occiglot/occiglot-7b-eu5-instruct'>occiglot/occiglot-7b-eu5-instruct</a>,📝,3.06@@3.06,2.54@@2.54,3.60@@3.60,3.14@@3.14,2.98@@2.98,7241748480.0,32002.0,32768.0,✗,✗
<a href='https://hf.co/THUDM/GLM-4.1V-9B-Thinking'>THUDM/GLM-4.1V-9B-Thinking</a>,🤔,3.11@@3.11,2.64@@2.64,3.28@@3.28,3.55@@3.55,2.98@@2.98,10292777472.0,151552.0,65536.0,✓,✗
<a href='https://hf.co/deepseek-ai/DeepSeek-R1-Distill-Qwen-14B'>deepseek-ai/DeepSeek-R1-Distill-Qwen-14B</a>,🤔,3.12@@3.12,2.43@@2.43,3.83@@3.83,3.48@@3.48,2.72@@2.72,14770033664.0,152064.0,131072.0,✓,✗
<a href='https://hf.co/TildeAI/TildeOpen-30b'>TildeAI/TildeOpen-30b#slow-tokenizer</a>,🧠,3.13@@3.13,2.60@@2.60,3.37@@3.37,3.51@@3.51,3.04@@3.04,30677882880.0,131072.0,65536.0,✓,✗
<a href='https://hf.co/common-pile/comma-v0.1-2t'>common-pile/comma-v0.1-2t</a>,🧠,3.14@@3.14,2.59@@2.59,3.38@@3.38,3.50@@3.50,3.08@@3.08,7002656768.0,64256.0,16384.0,✓,✗
<a href='https://hf.co/neuralmagic/Sparse-Llama-3.1-8B-2of4'>neuralmagic/Sparse-Llama-3.1-8B-2of4</a>,🧠,3.16@@3.16,2.77@@2.77,3.40@@3.40,3.58@@3.58,2.88@@2.88,8030261248.0,128256.0,131072.0,✓,✗
<a href='https://hf.co/ibm-granite/granite-20b-code-instruct'>ibm-granite/granite-20b-code-instruct</a>,📝,3.17@@3.17,2.77@@2.77,3.37@@3.37,3.43@@3.43,3.12@@3.12,20066993152.0,49152.0,8192.0,✓,✗
<a href='https://hf.co/LumiOpen/Viking-33B'>LumiOpen/Viking-33B</a>,🧠,3.18@@3.18,2.63@@2.63,3.45@@3.45,3.49@@3.49,3.15@@3.15,33119034368.0,131072.0,4096.0,✓,✗
<a href='https://hf.co/TrustLLMeu/baseline-7-8b_2-3t-tokens_llama'>TrustLLMeu/baseline-7-8b_2-3t-tokens_llama</a>,🧠,3.24@@3.24,2.76@@2.76,3.63@@3.63,3.49@@3.49,3.10@@3.10,7799574528.0,100096.0,4096.0,✓,✗
<a href='https://hf.co/swiss-ai/Apertus-70B-2509'>swiss-ai/Apertus-70B-2509</a>,🧠,3.25@@3.25,2.72@@2.72,3.42@@3.42,3.39@@3.39,3.47@@3.47,70599864480.0,131072.0,65536.0,✓,✗
<a href='https://hf.co/Qwen/Qwen2.5-Math-7B'>Qwen/Qwen2.5-Math-7B</a>,📝,3.27@@3.27,3.01@@3.01,3.69@@3.69,3.46@@3.46,2.92@@2.92,7615616512.0,152064.0,4096.0,✓,✗
<a href='https://hf.co/ibm-granite/granite-3.0-3b-a800m-instruct'>ibm-granite/granite-3.0-3b-a800m-instruct</a>,📝,3.29@@3.29,2.70@@2.70,3.53@@3.53,3.78@@3.78,3.14@@3.14,3374295552.0,49155.0,4096.0,✓,✗
<a href='https://hf.co/openGPT-X/Teuken-7B-instruct-research-v0.4'>openGPT-X/Teuken-7B-instruct-research-v0.4</a>,📝,3.29@@3.29,2.78@@2.78,3.41@@3.41,3.67@@3.67,3.28@@3.28,7452725248.0,250680.0,4096.0,✗,✗
<a href='https://hf.co/kurakurai/Luth-0.6B-Instruct'>kurakurai/Luth-0.6B-Instruct</a>,📝,3.30@@3.30,2.70@@2.70,3.70@@3.70,3.52@@3.52,3.27@@3.27,596049920.0,151936.0,40960.0,✗,✗
<a href='https://hf.co/ibm-granite/granite-3.0-3b-a800m-base'>ibm-granite/granite-3.0-3b-a800m-base</a>,🧠,3.32@@3.32,2.80@@2.80,3.72@@3.72,3.42@@3.42,3.35@@3.35,3374286336.0,49152.0,4096.0,✓,✗
<a href='https://hf.co/Twitter/twhin-bert-large'>Twitter/twhin-bert-large</a>,🔍,3.32@@3.32,2.83@@2.83,3.49@@3.49,3.85@@3.85,3.11@@3.11,561713298.0,250002.0,512.0,✓,✗
<a href='https://hf.co/tencent/Hunyuan-7B-Instruct'>tencent/Hunyuan-7B-Instruct</a>,🤔,3.33@@3.33,2.98@@2.98,3.55@@3.55,3.72@@3.72,3.06@@3.06,7504568320.0,128167.0,32768.0,✓,✗
<a href='https://hf.co/ZurichNLP/unsup-simcse-xlm-roberta-base'>ZurichNLP/unsup-simcse-xlm-roberta-base</a>,🔍,3.33@@3.33,2.83@@2.83,3.45@@3.45,3.74@@3.74,3.28@@3.28,277453570.0,250002.0,514.0,✓,✗
<a href='https://hf.co/common-pile/comma-v0.1-1t'>common-pile/comma-v0.1-1t</a>,🧠,3.40@@3.40,2.92@@2.92,3.60@@3.60,3.82@@3.82,3.27@@3.27,7002656768.0,64256.0,16384.0,✓,✗
<a href='https://hf.co/LiquidAI/LFM2-1.2B'>LiquidAI/LFM2-1.2B</a>,📝,3.42@@3.42,2.91@@2.91,3.80@@3.80,3.72@@3.72,3.25@@3.25,1170340608.0,65536.0,128000.0,✗,✗
<a href='https://hf.co/ibm-granite/granite-3b-code-base-2k'>ibm-granite/granite-3b-code-base-2k</a>,🧠,3.42@@3.42,3.36@@3.36,3.61@@3.61,3.52@@3.52,3.18@@3.18,3482503680.0,49152.0,2048.0,✓,✗
<a href='https://hf.co/TrustLLMeu/baseline-7-8b_1t-tokens_llama'>TrustLLMeu/baseline-7-8b_1t-tokens_llama</a>,🧠,3.44@@3.44,2.80@@2.80,3.94@@3.94,3.57@@3.57,3.45@@3.45,7799574528.0,100096.0,4096.0,✓,✗
<a href='https://hf.co/microsoft/xlm-align-base'>microsoft/xlm-align-base</a>,🔍,3.44@@3.44,2.75@@2.75,3.38@@3.38,4.00@@4.00,3.63@@3.63,278045186.0,250002.0,514.0,✓,✗
<a href='https://hf.co/swiss-ai/Apertus-8B-2509'>swiss-ai/Apertus-8B-2509</a>,🧠,3.44@@3.44,2.83@@2.83,3.66@@3.66,3.89@@3.89,3.38@@3.38,8053338176.0,131072.0,65536.0,✓,✗
<a href='https://hf.co/deepseek-ai/DeepSeek-R1-Distill-Llama-8B'>deepseek-ai/DeepSeek-R1-Distill-Llama-8B</a>,🤔,3.45@@3.45,2.98@@2.98,3.82@@3.82,3.79@@3.79,3.22@@3.22,8030261248.0,128256.0,131072.0,✓,✗
<a href='https://hf.co/yulan-team/YuLan-Mini-Instruct'>yulan-team/YuLan-Mini-Instruct</a>,📝,3.45@@3.45,2.91@@2.91,3.73@@3.73,3.69@@3.69,3.47@@3.47,2424375168.0,99000.0,28723.0,✗,✗
<a href='https://hf.co/google/gemma-3-1b-it'>google/gemma-3-1b-it</a>,📝,3.46@@3.46,3.12@@3.12,3.71@@3.71,3.69@@3.69,3.31@@3.31,999885952.0,262144.0,32768.0,✓,✗
<a href='https://hf.co/meta-llama/Llama-3.2-1B-Instruct'>meta-llama/Llama-3.2-1B-Instruct</a>,📝,3.49@@3.49,3.02@@3.02,3.81@@3.81,3.68@@3.68,3.46@@3.46,1235814400.0,128256.0,131072.0,✓,✗
<a href='https://hf.co/AI-Sweden-Models/ModernBERT-large'>AI-Sweden-Models/ModernBERT-large</a>,🔍,3.50@@3.50,2.69@@2.69,3.65@@3.65,4.25@@4.25,3.43@@3.43,395881664.0,50368.0,8192.0,✓,✗
<a href='https://hf.co/sentence-transformers/stsb-xlm-r-multilingual'>sentence-transformers/stsb-xlm-r-multilingual</a>,🔍,3.52@@3.52,3.26@@3.26,3.63@@3.63,3.83@@3.83,3.36@@3.36,278044162.0,250002.0,512.0,✓,✗
<a href='https://hf.co/Qwen/Qwen3-0.6B'>Qwen/Qwen3-0.6B</a>,🤔,3.53@@3.53,3.08@@3.08,3.96@@3.96,3.79@@3.79,3.30@@3.30,751632384.0,151936.0,40960.0,✓,✗
<a href='https://hf.co/Twitter/twhin-bert-base'>Twitter/twhin-bert-base</a>,🔍,3.53@@3.53,3.17@@3.17,3.63@@3.63,3.96@@3.96,3.37@@3.37,279080594.0,250002.0,512.0,✓,✗
<a href='https://hf.co/ibm-granite/granite-3b-code-instruct-2k'>ibm-granite/granite-3b-code-instruct-2k</a>,📝,3.53@@3.53,3.54@@3.54,3.48@@3.48,3.62@@3.62,3.48@@3.48,3482503680.0,49152.0,2048.0,✓,✗
<a href='https://hf.co/sentence-transformers/paraphrase-xlm-r-multilingual-v1'>sentence-transformers/paraphrase-xlm-r-multilingual-v1</a>,🔍,3.54@@3.54,3.24@@3.24,3.69@@3.69,3.89@@3.89,3.35@@3.35,278044162.0,250002.0,512.0,✓,✗
<a href='https://hf.co/LiquidAI/LFM2-700M'>LiquidAI/LFM2-700M</a>,📝,3.55@@3.55,3.03@@3.03,3.98@@3.98,3.80@@3.80,3.39@@3.39,742489344.0,65536.0,128000.0,✗,✗
<a href='https://hf.co/cardiffnlp/twitter-xlm-roberta-base'>cardiffnlp/twitter-xlm-roberta-base</a>,🔍,3.57@@3.57,3.23@@3.23,3.67@@3.67,3.90@@3.90,3.47@@3.47,278045186.0,250002.0,514.0,✓,✗
<a href='https://hf.co/Qwen/Qwen3-0.6B'>Qwen/Qwen3-0.6B#no-thinking</a>,📝,3.60@@3.60,3.26@@3.26,3.90@@3.90,3.78@@3.78,3.46@@3.46,751632384.0,151936.0,40960.0,✓,✗
<a href='https://hf.co/Geotrend/distilbert-base-25lang-cased'>Geotrend/distilbert-base-25lang-cased</a>,🔍,3.60@@3.60,3.08@@3.08,3.64@@3.64,4.11@@4.11,3.57@@3.57,108867577.0,84985.0,512.0,✓,✗
<a href='https://hf.co/OpenLLM-France/Lucie-7B'>OpenLLM-France/Lucie-7B</a>,📝,3.60@@3.60,3.19@@3.19,4.01@@4.01,3.74@@3.74,3.45@@3.45,6706960384.0,65024.0,32000.0,✓,✗
<a href='https://hf.co/deepseek-ai/DeepSeek-R1-Distill-Qwen-7B'>deepseek-ai/DeepSeek-R1-Distill-Qwen-7B</a>,🤔,3.61@@3.61,2.98@@2.98,4.21@@4.21,3.83@@3.83,3.41@@3.41,7615616512.0,152064.0,131072.0,✓,✗
<a href='https://hf.co/sentence-transformers/quora-distilbert-multilingual'>sentence-transformers/quora-distilbert-multilingual</a>,🔍,3.63@@3.63,3.39@@3.39,3.74@@3.74,3.94@@3.94,3.45@@3.45,134734080.0,119547.0,512.0,✓,✗
<a href='https://hf.co/sentence-transformers/distilbert-multilingual-nli-stsb-quora-ranking'>sentence-transformers/distilbert-multilingual-nli-stsb-quora-ranking</a>,🔍,3.63@@3.63,3.39@@3.39,3.74@@3.74,3.94@@3.94,3.45@@3.45,134734080.0,119547.0,512.0,✓,✗
<a href='https://hf.co/LumiOpen/Viking-13B'>LumiOpen/Viking-13B</a>,🧠,3.64@@3.64,3.18@@3.18,4.05@@4.05,3.83@@3.83,3.50@@3.50,14030361600.0,131072.0,4096.0,✓,✗
<a href='https://hf.co/google/gemma-3-1b-pt'>google/gemma-3-1b-pt</a>,🧠,3.64@@3.64,3.17@@3.17,3.96@@3.96,3.85@@3.85,3.57@@3.57,999885952.0,262144.0,32768.0,✓,✗
<a href='https://hf.co/HuggingFaceTB/SmolLM2-1.7B-Instruct'>HuggingFaceTB/SmolLM2-1.7B-Instruct</a>,📝,3.65@@3.65,3.14@@3.14,3.95@@3.95,3.78@@3.78,3.73@@3.73,1711376384.0,49152.0,8192.0,✓,✗
<a href='https://hf.co/openGPT-X/Teuken-7B-instruct-commercial-v0.4'>openGPT-X/Teuken-7B-instruct-commercial-v0.4</a>,📝,3.69@@3.69,3.09@@3.09,4.00@@4.00,4.05@@4.05,3.63@@3.63,7452725248.0,250680.0,4096.0,✓,✗
<a href='https://hf.co/utter-project/EuroLLM-1.7B'>utter-project/EuroLLM-1.7B</a>,🧠,3.72@@3.72,3.35@@3.35,4.09@@4.09,3.84@@3.84,3.58@@3.58,?,128000.0,4096.0,✓,✗
<a href='https://hf.co/meta-llama/Llama-3.2-1B'>meta-llama/Llama-3.2-1B</a>,🧠,3.73@@3.73,3.13@@3.13,4.16@@4.16,3.99@@3.99,3.62@@3.62,1235814400.0,128256.0,131072.0,✓,✗
<a href='https://hf.co/ibm-granite/granite-3.0-1b-a400m-instruct'>ibm-granite/granite-3.0-1b-a400m-instruct</a>,📝,3.74@@3.74,3.31@@3.31,3.96@@3.96,4.15@@4.15,3.53@@3.53,1334628352.0,49155.0,4096.0,✓,✗
<a href='https://hf.co/HuggingFaceTB/SmolLM2-1.7B'>HuggingFaceTB/SmolLM2-1.7B</a>,🧠,3.74@@3.74,3.08@@3.08,4.24@@4.24,3.91@@3.91,3.71@@3.71,1711376384.0,49152.0,8192.0,✓,✗
<a href='https://hf.co/facebook/MobileLLM-R1-950M-base'>facebook/MobileLLM-R1-950M-base</a>,🧠,3.75@@3.75,3.13@@3.13,4.17@@4.17,3.93@@3.93,3.77@@3.77,949685760.0,128256.0,4096.0,✗,✗
<a href='https://hf.co/kyutai/helium-1-2b'>kyutai/helium-1-2b</a>,🧠,3.75@@3.75,2.76@@2.76,4.14@@4.14,4.25@@4.25,3.83@@3.83,2023868416.0,64000.0,4096.0,✓,✗
<a href='https://hf.co/nickprock/multi-sentence-BERTino'>nickprock/multi-sentence-BERTino</a>,🔍,3.80@@3.80,3.54@@3.54,3.30@@3.30,4.55@@4.55,3.82@@3.82,67576320.0,32102.0,512.0,✓,✗
<a href='https://hf.co/tencent/Hunyuan-1.8B-Instruct'>tencent/Hunyuan-1.8B-Instruct</a>,🤔,3.81@@3.81,3.48@@3.48,4.09@@4.09,4.07@@4.07,3.60@@3.60,1791080448.0,120818.0,262144.0,✓,✗
<a href='https://hf.co/sentence-transformers/paraphrase-multilingual-MiniLM-L12-v2'>sentence-transformers/paraphrase-multilingual-MiniLM-L12-v2</a>,🔍,3.82@@3.82,3.45@@3.45,3.97@@3.97,4.26@@4.26,3.59@@3.59,117654272.0,250037.0,512.0,✓,✗
<a href='https://hf.co/LiquidAI/LFM2-350M'>LiquidAI/LFM2-350M</a>,📝,3.85@@3.85,3.48@@3.48,4.15@@4.15,4.12@@4.12,3.64@@3.64,354483968.0,65536.0,128000.0,✗,✗
<a href='https://hf.co/microsoft/phi-2'>microsoft/phi-2</a>,🧠,3.85@@3.85,3.59@@3.59,4.15@@4.15,3.99@@3.99,3.67@@3.67,2779683840.0,51200.0,2048.0,✓,✗
<a href='https://hf.co/utter-project/EuroMoE-2.6B-A0.6B-Preview'>utter-project/EuroMoE-2.6B-A0.6B-Preview</a>,🧠,3.86@@3.86,3.37@@3.37,4.20@@4.20,4.15@@4.15,3.70@@3.70,2611528704.0,128000.0,4096.0,✓,✗
<a href='https://hf.co/PleIAs/Pleias-1.2b-Preview'>PleIAs/Pleias-1.2b-Preview</a>,🧠,3.87@@3.87,3.49@@3.49,4.06@@4.06,4.14@@4.14,3.80@@3.80,1195468800.0,65536.0,2048.0,✓,✗
<a href='https://hf.co/microsoft/Phi-4-reasoning'>microsoft/Phi-4-reasoning</a>,🤔,3.87@@3.87,3.49@@3.49,4.11@@4.11,4.48@@4.48,3.39@@3.39,14659507200.0,100352.0,32768.0,✓,✗
<a href='https://hf.co/ibm-granite/granite-3.0-1b-a400m-base'>ibm-granite/granite-3.0-1b-a400m-base</a>,🧠,3.88@@3.88,3.46@@3.46,4.31@@4.31,4.15@@4.15,3.61@@3.61,1384956928.0,49152.0,4096.0,✓,✗
<a href='https://hf.co/dbmdz/bert-base-historic-multilingual-cased'>dbmdz/bert-base-historic-multilingual-cased</a>,🔍,3.89@@3.89,2.93@@2.93,3.85@@3.85,4.71@@4.71,4.06@@4.06,111243522.0,32000.0,512.0,✓,✗
<a href='https://hf.co/answerdotai/ModernBERT-large'>answerdotai/ModernBERT-large</a>,🔍,3.91@@3.91,3.45@@3.45,3.97@@3.97,4.48@@4.48,3.75@@3.75,395881664.0,50368.0,8192.0,✓,✗
<a href='https://hf.co/utter-project/EuroLLM-1.7B-Instruct'>utter-project/EuroLLM-1.7B-Instruct</a>,📝,3.91@@3.91,3.44@@3.44,4.18@@4.18,4.00@@4.00,4.02@@4.02,1656850432.0,128000.0,4096.0,✓,✗
<a href='https://hf.co/EuropeanParliament/EUBERT'>EuropeanParliament/EUBERT</a>,🔍,3.98@@3.98,3.51@@3.51,4.00@@4.00,4.54@@4.54,3.88@@3.88,93990500.0,65636.0,512.0,✓,✗
<a href='https://hf.co/answerdotai/ModernBERT-base'>answerdotai/ModernBERT-base</a>,🔍,4.09@@4.09,3.64@@3.64,4.05@@4.05,4.69@@4.69,3.98@@3.98,149655232.0,50368.0,8192.0,✓,✗
<a href='https://hf.co/DiscoResearch/DiscoLM-70b'>DiscoResearch/DiscoLM-70b</a>,🧠,4.10@@4.10,3.55@@3.55,4.17@@4.17,4.63@@4.63,4.07@@4.07,68977172480.0,32032.0,8192.0,✗,✗
<a href='https://hf.co/PleIAs/Pleias-Nano'>PleIAs/Pleias-Nano</a>,🧠,4.13@@4.13,3.95@@3.95,4.45@@4.45,4.31@@4.31,3.82@@3.82,1195468800.0,65536.0,2048.0,✓,✗
<a href='https://hf.co/nvidia/NVIDIA-Nemotron-Nano-9B-v2'>nvidia/NVIDIA-Nemotron-Nano-9B-v2#no-thinking</a>,📝,4.14@@4.14,3.60@@3.60,4.53@@4.53,4.26@@4.26,4.17@@4.17,8888227328.0,131072.0,131072.0,✓,✗
<a href='https://hf.co/utter-project/EuroMoE-2.6B-A0.6B-Instruct-Preview'>utter-project/EuroMoE-2.6B-A0.6B-Instruct-Preview</a>,📝,4.15@@4.15,3.56@@3.56,4.55@@4.55,4.53@@4.53,3.97@@3.97,2611528704.0,128000.0,4096.0,✓,✗
<a href='https://hf.co/HuggingFaceTB/SmolLM2-360M'>HuggingFaceTB/SmolLM2-360M</a>,🧠,4.16@@4.16,3.77@@3.77,4.42@@4.42,4.34@@4.34,4.10@@4.10,361821120.0,49152.0,8192.0,✓,✗
<a href='https://hf.co/microsoft/Phi-4-mini-reasoning'>microsoft/Phi-4-mini-reasoning</a>,🤔,4.17@@4.17,3.70@@3.70,4.48@@4.48,4.49@@4.49,4.01@@4.01,3836021760.0,200064.0,131072.0,✓,✗
<a href='https://hf.co/sentence-transformers/distiluse-base-multilingual-cased-v1'>sentence-transformers/distiluse-base-multilingual-cased-v1</a>,🔍,4.18@@4.18,4.36@@4.36,4.14@@4.14,4.33@@4.33,3.88@@3.88,134734080.0,119547.0,512.0,✓,✗
<a href='https://hf.co/Qwen/Qwen1.5-0.5B-Chat'>Qwen/Qwen1.5-0.5B-Chat</a>,📝,4.28@@4.28,3.96@@3.96,4.53@@4.53,4.49@@4.49,4.13@@4.13,619570176.0,151936.0,32768.0,✗,✗
<a href='https://hf.co/PleIAs/Pleias-350m-Preview'>PleIAs/Pleias-350m-Preview</a>,🧠,4.44@@4.44,4.12@@4.12,4.55@@4.55,4.84@@4.84,4.25@@4.25,353424384.0,65536.0,2048.0,✓,✗
<a href='https://hf.co/HPLT/hplt2c_spa_checkpoints'>HPLT/hplt2c_spa_checkpoints</a>,🧠,4.46@@4.46,4.16@@4.16,4.55@@4.55,4.58@@4.58,4.57@@4.57,?,262272.0,2048.0,✓,✗
<a href='https://hf.co/Qwen/Qwen2.5-Math-1.5B'>Qwen/Qwen2.5-Math-1.5B</a>,📝,4.46@@4.46,3.87@@3.87,4.80@@4.80,4.97@@4.97,4.21@@4.21,1543714304.0,151936.0,4096.0,✓,✗
<a href='https://hf.co/facebook/MobileLLM-R1-360M-base'>facebook/MobileLLM-R1-360M-base</a>,🧠,4.47@@4.47,3.91@@3.91,4.81@@4.81,4.97@@4.97,4.20@@4.20,359431168.0,128256.0,4096.0,✗,✗
<a href='https://hf.co/deepseek-ai/DeepSeek-R1-Distill-Qwen-1.5B'>deepseek-ai/DeepSeek-R1-Distill-Qwen-1.5B</a>,🤔,4.47@@4.47,3.97@@3.97,4.71@@4.71,4.81@@4.81,4.37@@4.37,1777088000.0,151936.0,131072.0,✓,✗
<a href='https://hf.co/HuggingFaceTB/SmolLM2-360M-Instruct'>HuggingFaceTB/SmolLM2-360M-Instruct</a>,📝,4.51@@4.51,4.05@@4.05,4.73@@4.73,4.91@@4.91,4.34@@4.34,361821120.0,49152.0,8192.0,✓,✗
<a href='https://hf.co/PleIAs/Pleias-Pico'>PleIAs/Pleias-Pico</a>,🧠,4.53@@4.53,4.19@@4.19,4.68@@4.68,4.87@@4.87,4.40@@4.40,353424384.0,65536.0,2048.0,✓,✗
<a href='https://hf.co/google/gemma-3-270m'>google/gemma-3-270m</a>,🧠,4.55@@4.55,4.12@@4.12,4.87@@4.87,4.91@@4.91,4.31@@4.31,268098176.0,262144.0,32768.0,✓,✗
<a href='https://hf.co/HPLT/hplt2c_por_checkpoints'>HPLT/hplt2c_por_checkpoints</a>,🧠,4.55@@4.55,4.48@@4.48,4.81@@4.81,4.49@@4.49,4.41@@4.41,?,262272.0,2048.0,✓,✗
<a href='https://hf.co/google/gemma-3-270m-it'>google/gemma-3-270m-it</a>,📝,4.56@@4.56,4.29@@4.29,4.70@@4.70,4.78@@4.78,4.47@@4.47,268098176.0,262144.0,32768.0,✓,✗
<a href='https://hf.co/Qwen/Qwen1.5-0.5B'>Qwen/Qwen1.5-0.5B</a>,📝,4.63@@4.63,4.37@@4.37,4.98@@4.98,4.82@@4.82,4.36@@4.36,619570176.0,151936.0,32768.0,✓,✗
<a href='https://hf.co/HuggingFaceTB/SmolLM2-135M'>HuggingFaceTB/SmolLM2-135M</a>,🧠,4.66@@4.66,4.26@@4.26,4.92@@4.92,4.97@@4.97,4.51@@4.51,134515008.0,49152.0,8192.0,✓,✗
<a href='https://hf.co/croissantllm/CroissantLLMChat-v0.1'>croissantllm/CroissantLLMChat-v0.1</a>,📝,4.67@@4.67,4.27@@4.27,4.79@@4.79,5.00@@5.00,4.62@@4.62,1345431552.0,32002.0,2048.0,✗,✗
<a href='https://hf.co/HPLT/hplt2c_ita_checkpoints'>HPLT/hplt2c_ita_checkpoints</a>,🧠,4.75@@4.75,4.49@@4.49,4.71@@4.71,5.08@@5.08,4.71@@4.71,?,262272.0,2048.0,✓,✗
<a href='https://hf.co/HPLT/hplt2c_fra_checkpoints'>HPLT/hplt2c_fra_checkpoints</a>,🧠,4.76@@4.76,3.86@@3.86,4.97@@4.97,5.31@@5.31,4.91@@4.91,?,262272.0,2048.0,✓,✗
fresh-xlm-roberta-base,🔍,4.80@@4.80,4.50@@4.50,5.01@@5.01,5.04@@5.04,4.66@@4.66,278885778.0,250002.0,512.0,✓,✗
<a href='https://hf.co/HuggingFaceTB/SmolLM2-135M-Instruct'>HuggingFaceTB/SmolLM2-135M-Instruct</a>,📝,4.82@@4.82,4.33@@4.33,5.05@@5.05,5.18@@5.18,4.71@@4.71,134515008.0,49152.0,8192.0,✓,✗
<a href='https://hf.co/facebook/MobileLLM-R1-950M'>facebook/MobileLLM-R1-950M</a>,📝,4.85@@4.85,4.48@@4.48,4.91@@4.91,5.19@@5.19,4.83@@4.83,949685760.0,128256.0,32768.0,✗,✗
<a href='https://hf.co/facebook/MobileLLM-R1-140M-base'>facebook/MobileLLM-R1-140M-base</a>,🧠,4.90@@4.90,4.48@@4.48,5.19@@5.19,5.14@@5.14,4.80@@4.80,140248512.0,128256.0,4096.0,✗,✗
fresh-electra-small,🔍,4.92@@4.92,4.53@@4.53,5.13@@5.13,5.15@@5.15,4.89@@4.89,13738755.0,32000.0,128.0,✓,✗
<a href='https://hf.co/Shekswess/trlm-135m'>Shekswess/trlm-135m</a>,📝,4.93@@4.93,4.52@@4.52,5.09@@5.09,5.25@@5.25,4.84@@4.84,134516160.0,49154.0,8192.0,✓,✗
<a href='https://hf.co/openai-community/gpt2-medium'>openai-community/gpt2-medium</a>,🧠,5.04@@5.04,4.82@@4.82,5.16@@5.16,5.24@@5.24,4.95@@4.95,379988992.0,50257.0,1024.0,✓,✗
<a href='https://hf.co/openai-community/gpt2-large'>openai-community/gpt2-large</a>,🧠,5.04@@5.04,4.83@@4.83,5.13@@5.13,5.20@@5.20,5.01@@5.01,811778816.0,50257.0,1024.0,✓,✗
<a href='https://hf.co/dbmdz/bert-tiny-historic-multilingual-cased'>dbmdz/bert-tiny-historic-multilingual-cased</a>,🔍,5.09@@5.09,4.78@@4.78,5.22@@5.22,5.38@@5.38,4.97@@4.97,4624642.0,32000.0,512.0,✓,✗
<a href='https://hf.co/openai-community/gpt2'>openai-community/gpt2</a>,🧠,5.11@@5.11,4.84@@4.84,5.17@@5.17,5.30@@5.30,5.11@@5.11,137022720.0,50257.0,1024.0,✓,✗
<a href='https://hf.co/facebook/MobileLLM-R1-360M'>facebook/MobileLLM-R1-360M</a>,📝,5.15@@5.15,4.83@@4.83,5.27@@5.27,5.40@@5.40,5.12@@5.12,359431168.0,128256.0,32768.0,✗,✗
<a href='https://hf.co/facebook/MobileLLM-R1-140M'>facebook/MobileLLM-R1-140M</a>,🤔,5.21@@5.21,4.92@@4.92,5.35@@5.35,5.41@@5.41,5.14@@5.14,140248512.0,128256.0,32768.0,✗,✗
<a href='https://hf.co/sentence-transformers/distiluse-base-multilingual-cased-v2'>sentence-transformers/distiluse-base-multilingual-cased-v2</a>,🔍,-@@100,3.63@@3.63,4.15@@4.15,4.33@@4.33,-@@100,134734080.0,119547.0,512.0,✓,✗
<a href='https://hf.co/sentence-transformers/distiluse-base-multilingual-cased'>sentence-transformers/distiluse-base-multilingual-cased</a>,🔍,-@@100,3.63@@3.63,4.15@@4.15,4.33@@4.33,-@@100,134734080.0,119547.0,512.0,✓,✗
<a href='https://hf.co/distilbert/distilbert-base-cased'>distilbert/distilbert-base-cased</a>,🔍,-@@100,-@@100,-@@100,4.64@@4.64,-@@100,65812036.0,28996.0,512.0,✓,✗
<a href='https://hf.co/sentence-transformers/paraphrase-multilingual-mpnet-base-v2'>sentence-transformers/paraphrase-multilingual-mpnet-base-v2</a>,🔍,-@@100,-@@100,-@@100,3.96@@3.96,-@@100,278044162.0,250002.0,512.0,✓,✗
<a href='https://hf.co/intfloat/multilingual-e5-large-instruct'>intfloat/multilingual-e5-large-instruct</a>,🔍,-@@100,-@@100,-@@100,-@@100,-@@100,559890432.0,250002.0,512.0,✓,✗
<a href='https://hf.co/PleIAs/Pleias-3b-Preview'>PleIAs/Pleias-3b-Preview</a>,🧠,-@@100,-@@100,-@@100,4.39@@4.39,-@@100,3211926528.0,65536.0,4096.0,✓,✗
<a href='https://hf.co/Qwen/Qwen1.5-1.8B-Chat'>Qwen/Qwen1.5-1.8B-Chat</a>,📝,-@@100,-@@100,-@@100,3.93@@3.93,-@@100,1836828672.0,151936.0,32768.0,✗,✗
<a href='https://hf.co/sentence-transformers/use-cmlm-multilingual'>sentence-transformers/use-cmlm-multilingual</a>,🔍,-@@100,-@@100,-@@100,3.49@@3.49,-@@100,472022179.0,501153.0,512.0,✓,✗
<a href='https://hf.co/dbmdz/bert-mini-historic-multilingual-cased'>dbmdz/bert-mini-historic-multilingual-cased</a>,🔍,-@@100,-@@100,-@@100,5.31@@5.31,-@@100,11648258.0,32000.0,512.0,✓,✗
<a href='https://hf.co/dbmdz/bert-medium-historic-multilingual-cased'>dbmdz/bert-medium-historic-multilingual-cased</a>,🔍,-@@100,-@@100,-@@100,4.82@@4.82,-@@100,42427138.0,32000.0,512.0,✓,✗
<a href='https://hf.co/ssmits/Falcon2-5.5B-multilingual'>ssmits/Falcon2-5.5B-multilingual</a>,📝,-@@100,-@@100,-@@100,5.41@@5.41,-@@100,5465415680.0,65024.0,8192.0,✓,✓
<a href='https://hf.co/stabilityai/stablelm-2-1_6b'>stabilityai/stablelm-2-1_6b</a>,🧠,-@@100,-@@100,-@@100,3.71@@3.71,-@@100,1644515328.0,100352.0,4096.0,✓,✗
<a href='https://hf.co/distilbert/distilbert-base-multilingual-cased'>distilbert/distilbert-base-multilingual-cased</a>,🔍,-@@100,-@@100,-@@100,4.11@@4.11,-@@100,135445755.0,119547.0,512.0,✓,✗
<a href='https://hf.co/distilbert/distilroberta-base'>distilbert/distilroberta-base</a>,🔍,-@@100,-@@100,-@@100,4.42@@4.42,-@@100,82760793.0,50265.0,512.0,✓,✗
<a href='https://hf.co/pere/roberta-base-exp-8'>pere/roberta-base-exp-8</a>,🔍,-@@100,-@@100,-@@100,3.98@@3.98,-@@100,278045186.0,250002.0,514.0,✓,✗
<a href='https://hf.co/sarnikowski/electra-small-discriminator-da-256-cased'>sarnikowski/electra-small-discriminator-da-256-cased</a>,🔍,-@@100,-@@100,-@@100,5.16@@5.16,-@@100,13353858.0,28995.0,512.0,✓,✗
<a href='https://hf.co/stabilityai/stablelm-3b-4e1t'>stabilityai/stablelm-3b-4e1t</a>,🧠,-@@100,-@@100,-@@100,3.54@@3.54,-@@100,2795443200.0,50304.0,4096.0,✓,✗
<a href='https://hf.co/pere/roberta-base-exp-32'>pere/roberta-base-exp-32</a>,🔍,-@@100,-@@100,-@@100,4.22@@4.22,-@@100,278045186.0,250002.0,514.0,✓,✗
<a href='https://hf.co/AI-Sweden-Models/gpt-sw3-126m-instruct'>AI-Sweden-Models/gpt-sw3-126m-instruct</a>,📝,-@@100,4.59@@4.59,5.14@@5.14,-@@100,4.90@@4.90,186112512.0,64000.0,2048.0,✓,✗
<a href='https://hf.co/AI-Sweden-Models/gpt-sw3-126m'>AI-Sweden-Models/gpt-sw3-126m</a>,🧠,-@@100,4.80@@4.80,5.22@@5.22,-@@100,4.98@@4.98,186112512.0,64000.0,2048.0,✓,✗
<a href='https://hf.co/AI-Sweden-Models/gpt-sw3-356m-instruct'>AI-Sweden-Models/gpt-sw3-356m-instruct</a>,📝,-@@100,4.63@@4.63,4.96@@4.96,-@@100,4.74@@4.74,470607872.0,64000.0,2048.0,✓,✗
<a href='https://ollama.com/library/phi4:14b-q4_K_M'>ollama_chat/phi4:14b-q4_K_M (val)</a>,📝,-@@100,1.75@@1.75,2.05@@2.05,-@@100,-@@100,14700000000.0,100352.0,16384.0,✓,✗
<a href='https://ollama.com/library/hf.co'>ollama_chat/hf.co/google/gemma-3-4b-it-qat-q4_0-gguf</a>,📝,-@@100,2.20@@2.20,2.85@@2.85,-@@100,2.61@@2.61,3880099328.0,?,131072.0,✓,✗
<a href='https://ollama.com/library/gemma3:4b-it-q4_K_M'>ollama_chat/gemma3:4b-it-q4_K_M</a>,📝,-@@100,2.26@@2.26,2.92@@2.92,-@@100,-@@100,?,?,?,✓,✗
<a href='https://ollama.com/library/gemma3:27b-it-q4_K_M'>ollama_chat/gemma3:27b-it-q4_K_M (val)</a>,📝,-@@100,1.78@@1.78,2.44@@2.44,-@@100,-@@100,27400000000.0,262144.0,128000.0,✓,✗
<a href='https://ollama.com/library/gemma3:27b-it-fp16'>ollama_chat/gemma3:27b-it-fp16</a>,📝,-@@100,1.73@@1.73,2.36@@2.36,-@@100,-@@100,?,?,?,✓,✗
<a href='https://ollama.com/library/gemma3:1b'>ollama_chat/gemma3:1b</a>,📝,-@@100,3.17@@3.17,3.65@@3.65,-@@100,-@@100,1000000000.0,262144.0,32768.0,✓,✗
<a href='https://ollama.com/library/gemma3:12b-it-q4_K_M'>ollama_chat/gemma3:12b-it-q4_K_M (val)</a>,📝,-@@100,1.86@@1.86,2.56@@2.56,-@@100,-@@100,12200000000.0,262144.0,128000.0,✓,✗
<a href='https://ollama.com/library/gemma3:12b-it-fp16'>ollama_chat/gemma3:12b-it-fp16 (val)</a>,📝,-@@100,1.79@@1.79,2.61@@2.61,-@@100,-@@100,12187325040.0,262144.0,128000.0,✓,✗
<a href='https://hf.co/senseable/WestLake-7B-v2'>senseable/WestLake-7B-v2</a>,🧠,-@@100,2.11@@2.11,2.74@@2.74,-@@100,2.66@@2.66,7241732096.0,32000.0,4096.0,✗,✗
<a href='https://hf.co/facebook/xlm-v-base'>facebook/xlm-v-base</a>,🔍,-@@100,-@@100,-@@100,3.60@@3.60,-@@100,778494722.0,901629.0,514.0,✓,✗
<a href='https://hf.co/stabilityai/stablelm-zephyr-3b'>stabilityai/stablelm-zephyr-3b</a>,📝,-@@100,-@@100,-@@100,3.37@@3.37,-@@100,2795443200.0,50304.0,4096.0,✗,✗
<a href='https://hf.co/croissantllm/CroissantLLMBase'>croissantllm/CroissantLLMBase</a>,🧠,-@@100,3.83@@3.83,4.54@@4.54,-@@100,4.33@@4.33,?,32000.0,2048.0,✓,✗
<a href='https://hf.co/timpal0l/dolphin-2.9-llama3-8b-flashback'>timpal0l/dolphin-2.9-llama3-8b-flashback</a>,🧠,-@@100,-@@100,-@@100,2.89@@2.89,-@@100,8030261248.0,128256.0,8192.0,✗,✓
<a href='https://hf.co/AI-Sweden-Models/Llama-3-8B'>AI-Sweden-Models/Llama-3-8B54a1b6f</a>,🧠,-@@100,-@@100,-@@100,3.47@@3.47,-@@100,8030261248.0,128256.0,8192.0,✓,✗
<a href='https://hf.co/Qwen/Qwen1.5-7B'>Qwen/Qwen1.5-7B</a>,📝,-@@100,-@@100,-@@100,3.44@@3.44,-@@100,7721324544.0,151936.0,32768.0,✓,✗
<a href='https://hf.co/almanach/camembertv2-base'>almanach/camembertv2-base</a>,🔍,-@@100,1.55@@1.55,-@@100,-@@100,-@@100,111635713.0,32768.0,1024.0,✓,✗
<a href='https://hf.co/AI-Sweden-Models/Llama-3-8B'>AI-Sweden-Models/Llama-3-8B19e0e3c</a>,🧠,-@@100,-@@100,-@@100,3.47@@3.47,-@@100,8030261248.0,128256.0,8192.0,✓,✗
<a href='https://hf.co/AI-Sweden-Models/Llama-3-8B-instruct'>AI-Sweden-Models/Llama-3-8B-instruct</a>,📝,-@@100,-@@100,-@@100,3.26@@3.26,-@@100,8030261248.0,128256.0,8192.0,✓,✗
<a href='https://hf.co/almanach/camembert-large'>almanach/camembert-large</a>,🔍,-@@100,1.39@@1.39,-@@100,-@@100,-@@100,336695557.0,32005.0,512.0,✓,✗
<a href='https://hf.co/almanach/camembert-base'>almanach/camembert-base</a>,🔍,-@@100,3.36@@3.36,-@@100,-@@100,-@@100,111246085.0,32005.0,512.0,✓,✗
<a href='https://hf.co/allenai/Olmo-3-7B-Instruct'>allenai/Olmo-3-7B-Instruct</a>,📝,-@@100,2.25@@2.25,3.05@@3.05,2.84@@2.84,-@@100,528384.0,100278.0,65536.0,✓,✗
<a href='https://hf.co/alea-institute/kl3m-003-3.7b'>alea-institute/kl3m-003-3.7b</a>,🧠,-@@100,4.93@@4.93,5.26@@5.26,-@@100,5.08@@5.08,3691382784.0,32768.0,4096.0,✓,✗
<a href='https://hf.co/utter-project/EuroVLM-1.7B-Preview'>utter-project/EuroVLM-1.7B-Preview</a>,📝,-@@100,4.25@@4.25,4.29@@4.29,-@@100,3.99@@3.99,2061162016.0,128000.0,?,✓,✗
<a href='https://hf.co/01-ai/Yi-6B'>01-ai/Yi-6B</a>,🧠,-@@100,-@@100,-@@100,3.60@@3.60,-@@100,6061035520.0,64000.0,4096.0,✓,✗
<a href='https://hf.co/01-ai/Yi-6B-Chat'>01-ai/Yi-6B-Chat</a>,📝,-@@100,-@@100,-@@100,3.81@@3.81,-@@100,6061035520.0,64000.0,4096.0,✗,✗
<a href='https://hf.co/01-ai/Yi-1.5-6B'>01-ai/Yi-1.5-6B</a>,🧠,-@@100,-@@100,-@@100,3.40@@3.40,-@@100,6061035520.0,64000.0,4096.0,✓,✗
<a href='https://hf.co/Qwen/Qwen3-4B-Thinking-2507'>Qwen/Qwen3-4B-Thinking-2507</a>,🤔,-@@100,1.75@@1.75,2.54@@2.54,3.01@@3.01,-@@100,4022468096.0,151936.0,262144.0,✓,✗
<a href='https://hf.co/timpal0l/Mistral-7B-v0.1-flashback-v2'>timpal0l/Mistral-7B-v0.1-flashback-v2</a>,📝,-@@100,3.42@@3.42,4.42@@4.42,-@@100,4.05@@4.05,7241732096.0,32000.0,32768.0,✓,✗
<a href='https://hf.co/state-spaces/mamba-2.8b-hf'>state-spaces/mamba-2.8b-hf</a>,🧠,-@@100,-@@100,-@@100,4.33@@4.33,-@@100,2768345600.0,50280.0,?,✓,✗
<a href='https://hf.co/timpal0l/Llama-3-8B-flashback-v1'>timpal0l/Llama-3-8B-flashback-v1</a>,🧠,-@@100,-@@100,-@@100,3.35@@3.35,-@@100,8030261248.0,128256.0,8192.0,✓,✗
<a href='https://hf.co/timpal0l/BeagleCatMunin2'>timpal0l/BeagleCatMunin2</a>,🧠,-@@100,-@@100,-@@100,3.21@@3.21,-@@100,7241732096.0,32000.0,32768.0,✗,✓
<a href='https://hf.co/AI-Sweden-Models/Llama-3-8B'>AI-Sweden-Models/Llama-3-8B</a>,🧠,-@@100,-@@100,-@@100,3.44@@3.44,-@@100,8030261248.0,128256.0,8192.0,✓,✗
<a href='https://hf.co/Qwen/Qwen1.5-1.8B'>Qwen/Qwen1.5-1.8B</a>,📝,-@@100,-@@100,-@@100,4.34@@4.34,-@@100,1836828672.0,151936.0,32768.0,✓,✗
<a href='https://hf.co/Qwen/Qwen1.5-14B-Chat'>Qwen/Qwen1.5-14B-Chat</a>,📝,-@@100,1.99@@1.99,2.90@@2.90,2.72@@2.72,-@@100,14167290880.0,152064.0,32768.0,✗,✗
<a href='https://hf.co/Qwen/Qwen1.5-14B'>Qwen/Qwen1.5-14B</a>,📝,-@@100,2.84@@2.84,3.71@@3.71,3.06@@3.06,-@@100,14167290880.0,152064.0,32768.0,✓,✗
<a href='https://hf.co/Qwen/Qwen1.5-4B-Chat'>Qwen/Qwen1.5-4B-Chat</a>,📝,-@@100,-@@100,-@@100,3.28@@3.28,-@@100,3950369280.0,151936.0,32768.0,✗,✗
<a href='https://hf.co/thenlper/gte-base'>thenlper/gte-base</a>,🔍,-@@100,-@@100,-@@100,-@@100,-@@100,109482752.0,30522.0,512.0,✓,✗
<a href='https://hf.co/thenlper/gte-large'>thenlper/gte-large</a>,🔍,-@@100,-@@100,-@@100,-@@100,-@@100,335142400.0,30522.0,512.0,✓,✗
<a href='https://hf.co/tiiuae/Falcon3-10B-Base'>tiiuae/Falcon3-10B-Base</a>,🧠,-@@100,2.04@@2.04,-@@100,2.84@@2.84,-@@100,10305653760.0,131072.0,32768.0,✓,✗
<a href='https://hf.co/tiiuae/Falcon3-10B-Instruct'>tiiuae/Falcon3-10B-Instruct</a>,📝,-@@100,2.01@@2.01,-@@100,2.93@@2.93,-@@100,10305653760.0,131072.0,32768.0,✓,✗
<a href='https://hf.co/tiiuae/Falcon3-1B-Instruct'>tiiuae/Falcon3-1B-Instruct</a>,📝,-@@100,-@@100,-@@100,4.10@@4.10,-@@100,1669408768.0,131072.0,8192.0,✓,✗
<a href='https://hf.co/tiiuae/Falcon3-3B-Base'>tiiuae/Falcon3-3B-Base</a>,🧠,-@@100,-@@100,-@@100,3.54@@3.54,-@@100,3227655168.0,131072.0,32768.0,✓,✗
<a href='https://hf.co/tiiuae/Falcon3-3B-Instruct'>tiiuae/Falcon3-3B-Instruct</a>,📝,-@@100,-@@100,-@@100,3.12@@3.12,-@@100,3227655168.0,131072.0,32768.0,✓,✗
<a href='https://hf.co/Qwen/Qwen1.5-4B'>Qwen/Qwen1.5-4B</a>,📝,-@@100,-@@100,-@@100,3.68@@3.68,-@@100,3950369280.0,151936.0,32768.0,✓,✗
<a href='https://hf.co/tiiuae/Falcon3-7B-Instruct'>tiiuae/Falcon3-7B-Instruct</a>,📝,-@@100,-@@100,-@@100,2.97@@2.97,-@@100,7455550464.0,131072.0,32768.0,✓,✗
<a href='https://hf.co/Qwen/Qwen1.5-7B-Chat'>Qwen/Qwen1.5-7B-Chat</a>,📝,-@@100,-@@100,-@@100,3.11@@3.11,-@@100,7721324544.0,151936.0,32768.0,✗,✗
<a href='https://hf.co/timpal0l/BeagleCatMunin'>timpal0l/BeagleCatMunin</a>,🧠,-@@100,-@@100,-@@100,3.38@@3.38,-@@100,7241732096.0,32000.0,32768.0,✗,✓
<a href='https://hf.co/four-two-labs/lynx-micro'>four-two-labs/lynx-micro</a>,📝,-@@100,-@@100,-@@100,3.83@@3.83,-@@100,2506172416.0,256000.0,8192.0,✗,✗
<a href='https://hf.co/AI-Sweden-Models/gpt-sw3-356m'>AI-Sweden-Models/gpt-sw3-356m</a>,🧠,-@@100,4.54@@4.54,4.90@@4.90,-@@100,4.52@@4.52,470607872.0,64000.0,2048.0,✓,✗
<a href='https://platform.openai.com/docs/models/o3-mini'>o3-mini-2025-01-31</a>,🤔,-@@100,-@@100,-@@100,2.76@@2.76,-@@100,?,?,200000.0,✓,✗
<a href='https://hf.co/Geotrend/bert-base-da-cased'>Geotrend/bert-base-da-cased</a>,🔍,-@@100,-@@100,-@@100,4.14@@4.14,-@@100,103822082.0,23150.0,512.0,✓,✗
<a href='https://hf.co/ibm-granite/granite-8b-code-base'>ibm-granite/granite-8b-code-base</a>,🧠,-@@100,-@@100,-@@100,3.29@@3.29,-@@100,8054910976.0,49152.0,4096.0,✓,✗
<a href='https://hf.co/ibm-granite/granite-7b-instruct'>ibm-granite/granite-7b-instruct</a>,📝,-@@100,-@@100,-@@100,4.24@@4.24,-@@100,6738481152.0,32008.0,4096.0,✓,✗
<a href='https://hf.co/ibm-granite/granite-7b-base'>ibm-granite/granite-7b-base</a>,🧠,-@@100,-@@100,-@@100,3.67@@3.67,-@@100,6738415616.0,32000.0,4096.0,✓,✗
<a href='https://hf.co/meta-llama/Llama-3.2-3B'>meta-llama/Llama-3.2-3B</a>,🧠,-@@100,-@@100,-@@100,3.32@@3.32,-@@100,3212749824.0,128256.0,131072.0,✓,✗
<a href='https://hf.co/Geotrend/bert-base-25lang-cased'>Geotrend/bert-base-25lang-cased</a>,🔍,-@@100,-@@100,-@@100,3.65@@3.65,-@@100,151311362.0,84985.0,512.0,✓,✗
<a href='https://hf.co/ibm-granite/granite-3.0-2b-instruct'>ibm-granite/granite-3.0-2b-instruct</a>,📝,-@@100,-@@100,-@@100,3.37@@3.37,-@@100,2634201088.0,49155.0,4096.0,✓,✗
<a href='https://hf.co/meta-llama/Llama-4-Scout-17B-16E'>meta-llama/Llama-4-Scout-17B-16E</a>,📝,-@@100,2.55@@2.55,3.20@@3.20,-@@100,3.03@@3.03,108641793536.0,200000.0,?,✓,✗
<a href='https://hf.co/FacebookAI/xlm-mlm-17-1280'>FacebookAI/xlm-mlm-17-1280</a>,🔍,-@@100,-@@100,-@@100,-@@100,-@@100,571499522.0,200000.0,512.0,✓,✗
<a href='https://hf.co/FacebookAI/xlm-mlm-100-1280'>FacebookAI/xlm-mlm-100-1280</a>,🔍,-@@100,-@@100,-@@100,-@@100,-@@100,571499522.0,200000.0,512.0,✓,✗
<a href='https://hf.co/ibm-granite/granite-3.0-2b-base'>ibm-granite/granite-3.0-2b-base</a>,🧠,-@@100,-@@100,-@@100,3.53@@3.53,-@@100,2533525504.0,49152.0,4096.0,✓,✗
"<a href='https://platform.openai.com/docs/models/gpt-4-turbo'>gpt-4-1106-preview (zero-shot, val)</a>",📝,-@@100,1.97@@1.97,2.66@@2.66,2.94@@2.94,-@@100,?,100256.0,128000.0,✓,✗
<a href='https://hf.co/microsoft/Phi-3-mini-128k-instruct'>microsoft/Phi-3-mini-128k-instruct</a>,📝,-@@100,-@@100,-@@100,3.39@@3.39,-@@100,3821079552.0,32064.0,131072.0,✓,✗
<a href='https://hf.co/microsoft/Phi-3-mini-4k-instruct'>microsoft/Phi-3-mini-4k-instruct</a>,📝,-@@100,-@@100,-@@100,3.34@@3.34,-@@100,3821079552.0,32064.0,4096.0,✓,✗
"<a href='https://platform.openai.com/docs/models/gpt-4'>gpt-4-0613 (zero-shot, val)</a>",📝,-@@100,2.02@@2.02,-@@100,-@@100,-@@100,?,?,8191.0,✓,✗
<a href='https://hf.co/Geotrend/bert-base-en-fr-de-no-da-cased'>Geotrend/bert-base-en-fr-de-no-da-cased</a>,🔍,-@@100,-@@100,-@@100,4.02@@4.02,-@@100,118118382.0,41710.0,512.0,✓,✗
<a href='https://hf.co/microsoft/Phi-4-reasoning-plus'>microsoft/Phi-4-reasoning-plus</a>,🤔,-@@100,-@@100,-@@100,4.99@@4.99,-@@100,14659507200.0,100352.0,32768.0,✓,✗
<a href='https://hf.co/Geotrend/bert-base-en-no-cased'>Geotrend/bert-base-en-no-cased</a>,🔍,-@@100,-@@100,-@@100,3.99@@3.99,-@@100,111441410.0,33071.0,512.0,✓,✗
<a href='https://hf.co/meta-llama/Llama-3.1-405B'>meta-llama/Llama-3.1-405B</a>,🧠,-@@100,1.70@@1.70,2.06@@2.06,-@@100,1.79@@1.79,405853388800.0,128256.0,131072.0,✓,✗
<a href='https://hf.co/intfloat/e5-base-v2'>intfloat/e5-base-v2</a>,🔍,-@@100,-@@100,-@@100,4.47@@4.47,-@@100,109482752.0,30522.0,512.0,✓,✗
<a href='https://hf.co/infly/OpenCoder-8B-Instruct'>infly/OpenCoder-8B-Instruct</a>,📝,-@@100,2.67@@2.67,-@@100,-@@100,-@@100,7771262976.0,96640.0,8192.0,✓,✗
<a href='https://hf.co/lightonai/alfred-40b-1023'>lightonai/alfred-40b-1023</a>,📝,-@@100,2.10@@2.10,2.70@@2.70,-@@100,3.14@@3.14,?,65024.0,?,✓,✗
<a href='https://hf.co/marksverdhei/modern-norbert3-base'>marksverdhei/modern-norbert3-base</a>,🔍,-@@100,-@@100,-@@100,5.35@@5.35,-@@100,123994448.0,50000.0,512.0,✓,✗
<a href='https://hf.co/marksverdhei/modern-norbert3-large'>marksverdhei/modern-norbert3-large</a>,🔍,-@@100,-@@100,-@@100,4.99@@4.99,-@@100,354290512.0,50000.0,512.0,✓,✗
<a href='https://hf.co/marksverdhei/modern-norbert3-small'>marksverdhei/modern-norbert3-small</a>,🔍,-@@100,-@@100,-@@100,5.41@@5.41,-@@100,40641104.0,50000.0,512.0,✓,✗
<a href='https://hf.co/merge-crew/da-sv-ties'>merge-crew/da-sv-ties</a>,🧠,-@@100,-@@100,-@@100,-@@100,-@@100,7241732096.0,32000.0,32768.0,✓,✓
<a href='https://hf.co/merge-crew/scandi-merge'>merge-crew/scandi-merge</a>,🧠,-@@100,-@@100,-@@100,3.48@@3.48,-@@100,7241732096.0,32000.0,32768.0,✓,✓
<a href='https://hf.co/meta-llama/Llama-2-13b-chat-hf'>meta-llama/Llama-2-13b-chat-hf</a>,📝,-@@100,2.61@@2.61,3.23@@3.23,3.39@@3.39,-@@100,13015866880.0,32000.0,4096.0,✓,✗
<a href='https://hf.co/infly/OpenCoder-8B-Base'>infly/OpenCoder-8B-Base</a>,📝,-@@100,3.08@@3.08,-@@100,-@@100,-@@100,7771263040.0,96640.0,8192.0,✓,✗
<a href='https://hf.co/infly/OpenCoder-1.5B-Instruct'>infly/OpenCoder-1.5B-Instruct</a>,📝,-@@100,3.86@@3.86,-@@100,-@@100,-@@100,1905650880.0,96640.0,4096.0,✗,✗
<a href='https://hf.co/HPLT/gpt-13b-nordic-prerelease'>HPLT/gpt-13b-nordic-prerelease</a>,🧠,-@@100,-@@100,-@@100,-@@100,-@@100,14030361600.0,131072.0,4096.0,✓,✗
<a href='https://hf.co/meta-llama/Llama-2-7b-chat-hf'>meta-llama/Llama-2-7b-chat-hf</a>,📝,-@@100,2.79@@2.79,3.48@@3.48,3.53@@3.53,-@@100,6738417664.0,32000.0,4096.0,✓,✗
<a href='https://hf.co/meta-llama/Llama-2-7b-hf'>meta-llama/Llama-2-7b-hf</a>,🧠,-@@100,-@@100,-@@100,3.41@@3.41,-@@100,6738417664.0,32000.0,4096.0,✓,✗
<a href='https://hf.co/Geotrend/distilbert-base-en-fr-de-no-da-cased'>Geotrend/distilbert-base-en-fr-de-no-da-cased</a>,🔍,-@@100,-@@100,-@@100,4.20@@4.20,-@@100,75547394.0,41710.0,512.0,✓,✗
<a href='https://hf.co/infly/OpenCoder-1.5B-Base'>infly/OpenCoder-1.5B-Base</a>,📝,-@@100,4.70@@4.70,-@@100,-@@100,-@@100,1905650960.0,96640.0,4096.0,✓,✗
<a href='https://hf.co/google/gemma-7b'>google/gemma-7b</a>,🧠,-@@100,2.59@@2.59,3.14@@3.14,-@@100,2.92@@2.92,8537680896.0,256000.0,8192.0,✓,✗
<a href='https://hf.co/microsoft/deberta-v3-base'>microsoft/deberta-v3-base</a>,🔍,-@@100,-@@100,-@@100,3.13@@3.13,-@@100,184423682.0,128100.0,512.0,✓,✗
<a href='https://hf.co/microsoft/deberta-v3-large'>microsoft/deberta-v3-large</a>,🔍,-@@100,-@@100,-@@100,2.61@@2.61,-@@100,435063810.0,128100.0,512.0,✓,✗
<a href='https://hf.co/MoritzLaurer/mDeBERTa-v3-base-xnli-multilingual-nli-2mil7'>MoritzLaurer/mDeBERTa-v3-base-xnli-multilingual-nli-2mil7</a>,🔍,-@@100,-@@100,-@@100,-@@100,-@@100,278812163.0,251000.0,512.0,✓,✗
<a href='https://hf.co/model-garden-lms/bert-base-finewebs-951k'>model-garden-lms/bert-base-finewebs-951k</a>,🔍,-@@100,-@@100,-@@100,4.15@@4.15,-@@100,135849472.0,64000.0,512.0,✓,✗
"<a href='https://ai.google.dev/gemini-api/docs/models#gemini-2.5-flash-preview-04-17'>gemini/gemini-2.5-flash-preview-04-17 (zero-shot, val)</a>",🤔,-@@100,1.79@@1.79,2.56@@2.56,-@@100,2.50@@2.50,?,256128.0,1048576.0,✓,✗
"<a href='https://ai.google.dev/gemini-api/docs/models#gemini-2.5-flash-lite-preview-06-17'>gemini/gemini-2.5-flash-lite-preview-06-17#no-thinking (zero-shot, val)</a>",📝,-@@100,2.09@@2.09,2.77@@2.77,3.16@@3.16,-@@100,?,256128.0,1048576.0,✓,✗
<a href='https://hf.co/norallm/normistral-11b-warm'>norallm/normistral-11b-warm</a>,🧠,-@@100,2.52@@2.52,3.38@@3.38,-@@100,-@@100,11429893120.0,51200.0,1024000.0,✓,✗
<a href='https://hf.co/numind/generic-sentiment-multi-v1'>numind/generic-sentiment-multi-v1</a>,🔍,-@@100,-@@100,-@@100,3.50@@3.50,-@@100,278043648.0,250002.0,512.0,✓,✗
<a href='https://hf.co/numind/generic-sentiment-v1'>numind/generic-sentiment-v1</a>,🔍,-@@100,-@@100,-@@100,4.41@@4.41,-@@100,109482752.0,30522.0,512.0,✓,✗
<a href='https://hf.co/nvidia/Llama-3.1-Nemotron-70B-Instruct-HF'>nvidia/Llama-3.1-Nemotron-70B-Instruct-HF</a>,📝,-@@100,1.97@@1.97,2.69@@2.69,-@@100,2.16@@2.16,70553706496.0,128256.0,131072.0,✓,✗
<a href='https://hf.co/NorwAI/NorwAI-Mistral-7B'>NorwAI/NorwAI-Mistral-7B</a>,🧠,-@@100,-@@100,-@@100,3.93@@3.93,-@@100,7536586752.0,67993.0,32768.0,✓,✗
<a href='https://hf.co/NorwAI/NorwAI-Mixtral-8x7B-instruct'>NorwAI/NorwAI-Mixtral-8x7B-instruct</a>,🧠,-@@100,2.04@@2.04,3.05@@3.05,-@@100,2.81@@2.81,46997647360.0,67993.0,32768.0,✓,✗
<a href='https://hf.co/BSC-LT/salamandra-2b'>BSC-LT/salamandra-2b</a>,🧠,-@@100,3.13@@3.13,-@@100,-@@100,-@@100,2253490176.0,256000.0,8192.0,✓,✗
<a href='https://hf.co/BSC-LT/salamandra-2b-instruct'>BSC-LT/salamandra-2b-instruct</a>,📝,-@@100,3.05@@3.05,-@@100,-@@100,-@@100,2253490176.0,256000.0,8192.0,✓,✗
<a href='https://hf.co/NorwAI/NorwAI-Mixtral-8x7B'>NorwAI/NorwAI-Mixtral-8x7B</a>,🧠,-@@100,2.08@@2.08,3.08@@3.08,-@@100,2.79@@2.79,46997647360.0,67993.0,32768.0,✓,✗
<a href='https://hf.co/BAAI/bge-large-en'>BAAI/bge-large-en</a>,🔍,-@@100,-@@100,-@@100,4.37@@4.37,-@@100,335142400.0,30522.0,512.0,✓,✗
<a href='https://hf.co/BAAI/bge-base-en'>BAAI/bge-base-en</a>,🔍,-@@100,-@@100,-@@100,4.54@@4.54,-@@100,109482752.0,30522.0,512.0,✓,✗
<a href='https://hf.co/MaLA-LM/emma-500-llama2-7b'>MaLA-LM/emma-500-llama2-7b</a>,🧠,-@@100,2.66@@2.66,-@@100,3.57@@3.57,-@@100,6738415616.0,32000.0,4096.0,✓,✗
<a href='https://hf.co/LumiOpen/Viking-7B'>LumiOpen/Viking-7B</a>,🧠,-@@100,-@@100,-@@100,4.14@@4.14,-@@100,7550013440.0,131072.0,4096.0,✓,✗
<a href='https://hf.co/google/gemma-2-2b-it'>google/gemma-2-2b-it</a>,📝,-@@100,2.54@@2.54,3.30@@3.30,-@@100,2.95@@2.95,2614341888.0,256000.0,8192.0,✓,✗
<a href='https://hf.co/EuroBERT/EuroBERT-2.1B'>EuroBERT/EuroBERT-2.1B</a>,🔍,-@@100,-@@100,-@@100,-@@100,-@@100,2403092736.0,128256.0,8192.0,✓,✗
<a href='https://hf.co/microsoft/infoxlm-base'>microsoft/infoxlm-base</a>,🔍,-@@100,-@@100,-@@100,4.12@@4.12,-@@100,278045186.0,250002.0,514.0,✓,✗
<a href='https://hf.co/microsoft/infoxlm-large'>microsoft/infoxlm-large</a>,🔍,-@@100,-@@100,-@@100,3.87@@3.87,-@@100,559892482.0,250002.0,514.0,✓,✗
<a href='https://hf.co/google/gemma-7b-it'>google/gemma-7b-it</a>,📝,-@@100,3.30@@3.30,4.11@@4.11,-@@100,3.99@@3.99,8537680896.0,256000.0,8192.0,✗,✗
<a href='https://hf.co/LumiOpen/Llama-Poro-2-8B-Instruct'>LumiOpen/Llama-Poro-2-8B-Instruct</a>,📝,-@@100,-@@100,-@@100,3.00@@3.00,-@@100,8030261248.0,128256.0,8192.0,✓,✗
<a href='https://hf.co/FacebookAI/roberta-large'>FacebookAI/roberta-large</a>,🔍,-@@100,-@@100,-@@100,3.92@@3.92,-@@100,355412571.0,50265.0,512.0,✓,✗
<a href='https://hf.co/google/gemma-3-27b-it'>google/gemma-3-27b-it (zero-shot)</a>,📝,-@@100,2.50@@2.50,2.98@@2.98,-@@100,2.63@@2.63,27432406640.0,262144.0,?,✓,✗
<a href='https://hf.co/FacebookAI/roberta-base'>FacebookAI/roberta-base</a>,🔍,-@@100,-@@100,-@@100,4.29@@4.29,-@@100,124697947.0,50265.0,512.0,✓,✗
<a href='https://hf.co/jhu-clsp/bernice'>jhu-clsp/bernice</a>,🔍,-@@100,-@@100,-@@100,3.76@@3.76,-@@100,278839328.0,250000.0,130.0,✓,✗
<a href='https://hf.co/LumiOpen/Llama-Poro-2-8B-SFT'>LumiOpen/Llama-Poro-2-8B-SFT</a>,📝,-@@100,-@@100,-@@100,2.96@@2.96,-@@100,8030261248.0,128256.0,8192.0,✓,✗
<a href='https://hf.co/google/gemma-2b-it'>google/gemma-2b-it</a>,📝,-@@100,3.22@@3.22,4.28@@4.28,-@@100,3.80@@3.80,2506172416.0,256000.0,8192.0,✗,✗
<a href='https://hf.co/google/gemma-2-9b'>google/gemma-2-9b</a>,🧠,-@@100,2.28@@2.28,2.90@@2.90,-@@100,2.54@@2.54,9241705984.0,256000.0,8192.0,✓,✗
<a href='https://hf.co/google/gemma-2-9b-it'>google/gemma-2-9b-it</a>,📝,-@@100,2.29@@2.29,2.80@@2.80,-@@100,2.49@@2.49,9241705984.0,256000.0,8192.0,✓,✗
<a href='https://hf.co/mistralai/Mistral-Nemo-Instruct-2407'>mistralai/Mistral-Nemo-Instruct-2407</a>,📝,-@@100,1.92@@1.92,2.44@@2.44,2.83@@2.83,-@@100,12247782400.0,131072.0,131072.0,✓,✗
<a href='https://hf.co/google/gemma-2-2b'>google/gemma-2-2b</a>,🧠,-@@100,2.83@@2.83,3.83@@3.83,-@@100,3.53@@3.53,2614341888.0,256000.0,8192.0,✓,✗
<a href='https://hf.co/EuroBERT/EuroBERT-610m'>EuroBERT/EuroBERT-610m</a>,🔍,-@@100,-@@100,-@@100,-@@100,-@@100,755625600.0,128256.0,8192.0,✓,✗
<a href='https://hf.co/EuroBERT/EuroBERT-210m'>EuroBERT/EuroBERT-210m</a>,🔍,-@@100,-@@100,-@@100,-@@100,-@@100,310266624.0,128256.0,8192.0,✓,✗
<a href='https://hf.co/LumiOpen/Llama-Poro-2-8B-base'>LumiOpen/Llama-Poro-2-8B-base</a>,🧠,-@@100,-@@100,-@@100,3.01@@3.01,-@@100,8030261248.0,128256.0,8192.0,✓,✗
<a href='https://hf.co/google/gemma-2b'>google/gemma-2b</a>,🧠,-@@100,3.24@@3.24,4.03@@4.03,-@@100,3.75@@3.75,2506172416.0,256000.0,8192.0,✓,✗
