<span style='font-size: 12px; font-weight: normal; opacity: 0.6;'>Task Type</span>,<span style='visibility: hidden;'>dummy</span>,,,,,,,,,,,,,,,,
Model,Type,Rank,"<a href=""https://euroeval.com/tasks/european-values"">European Values</a>",Parameters,Vocabulary,Context,Commercial,Merge,Bosnian,Bulgarian,Croatian,Czech,Polish,Serbian,Slovak,Slovene,Ukrainian
"<a href='https://ai.google.dev/gemini-api/docs/models#gemini-3-pro-preview'>gemini/gemini-3-pro-preview (zero-shot, val)</a>",ğŸ¤”,1.28@@1.28,?,?,256128.0,1048576.0,âœ“,âœ—,1.32@@1.32,1.15@@1.15,1.32@@1.32,1.33@@1.33,1.37@@1.37,1.20@@1.20,1.28@@1.28,1.35@@1.35,1.21@@1.21
"<a href='https://platform.openai.com/docs/models/gpt-5'>gpt-5-2025-08-07 (zero-shot, val)</a>",ğŸ¤”,1.33@@1.33,?,?,100256.0,272000.0,âœ“,âœ—,1.36@@1.36,1.22@@1.22,1.53@@1.53,1.39@@1.39,1.37@@1.37,1.20@@1.20,1.36@@1.36,1.34@@1.34,1.23@@1.23
"<a href='https://docs.anthropic.com/en/docs/about-claude'>claude-sonnet-4-5-20250929#thinking (zero-shot, val)</a>",ğŸ¤”,1.33@@1.33,?,?,?,200000.0,âœ“,âœ—,1.35@@1.35,1.28@@1.28,1.44@@1.44,1.33@@1.33,1.44@@1.44,1.22@@1.22,1.36@@1.36,1.31@@1.31,1.27@@1.27
"<a href='https://ai.google.dev/gemini-api/docs/models#gemini-2.5-flash'>gemini/gemini-2.5-flash#thinking (zero-shot, val)</a>",ğŸ¤”,1.38@@1.38,?,?,256128.0,1048576.0,âœ“,âœ—,1.31@@1.31,1.27@@1.27,1.51@@1.51,1.40@@1.40,1.51@@1.51,1.30@@1.30,1.40@@1.40,1.31@@1.31,1.37@@1.37
"<a href='https://ai.google.dev/gemini-api/docs/models#gemini-3-flash-preview'>gemini/gemini-3-flash-preview#thinking (zero-shot, val)</a>",ğŸ¤”,1.39@@1.39,83.23,?,256128.0,1048576.0,âœ“,âœ—,1.38@@1.38,1.20@@1.20,1.40@@1.40,1.24@@1.24,1.52@@1.52,1.29@@1.29,1.50@@1.50,1.52@@1.52,1.50@@1.50
"<a href='https://ai.google.dev/gemini-api/docs/models#gemini-2.5-pro'>gemini/gemini-2.5-pro (zero-shot, val)</a>",ğŸ¤”,1.40@@1.40,?,?,256128.0,1048576.0,âœ“,âœ—,1.36@@1.36,1.26@@1.26,1.54@@1.54,1.34@@1.34,1.53@@1.53,1.36@@1.36,1.44@@1.44,1.40@@1.40,1.37@@1.37
"<a href='https://ai.google.dev/gemini-api/docs/models#gemini-3-flash-preview'>gemini/gemini-3-flash-preview#no-thinking (zero-shot, val)</a>",ğŸ“,1.43@@1.43,?,?,256128.0,1048576.0,âœ“,âœ—,1.44@@1.44,1.20@@1.20,1.61@@1.61,1.42@@1.42,1.44@@1.44,1.38@@1.38,1.48@@1.48,1.43@@1.43,1.46@@1.46
"<a href='https://platform.openai.com/docs/models/gpt-5-mini'>gpt-5-mini-2025-08-07 (zero-shot, val)</a>",ğŸ¤”,1.55@@1.55,?,?,100256.0,272000.0,âœ“,âœ—,1.41@@1.41,1.40@@1.40,1.71@@1.71,1.55@@1.55,1.74@@1.74,1.42@@1.42,1.60@@1.60,1.63@@1.63,1.49@@1.49
"<a href='https://platform.openai.com/docs/models/gpt-5.2'>gpt-5.2-2025-12-11 (zero-shot, val)</a>",ğŸ¤”,1.62@@1.62,88.74,?,?,?,âœ“,âœ—,1.36@@1.36,1.46@@1.46,1.75@@1.75,1.67@@1.67,1.74@@1.74,1.58@@1.58,1.81@@1.81,1.55@@1.55,1.64@@1.64
"<a href='https://ai.google.dev/gemini-api/docs/models#gemini-2.5-flash-lite'>gemini/gemini-2.5-flash-lite#thinking (zero-shot, val)</a>",ğŸ¤”,1.64@@1.64,?,?,256128.0,1048576.0,âœ“,âœ—,1.53@@1.53,1.47@@1.47,1.79@@1.79,1.54@@1.54,1.75@@1.75,1.62@@1.62,1.82@@1.82,1.73@@1.73,1.51@@1.51
"<a href='https://platform.openai.com/docs/models/gpt-4.1'>gpt-4.1-2025-04-14 (zero-shot, val)</a>",ğŸ“,1.67@@1.67,97.47,?,?,1047576.0,âœ“,âœ—,1.43@@1.43,1.42@@1.42,1.70@@1.70,1.55@@1.55,1.85@@1.85,1.61@@1.61,1.88@@1.88,1.88@@1.88,1.69@@1.69
"<a href='https://docs.anthropic.com/en/docs/about-claude'>claude-sonnet-4-5-20250929#no-thinking (zero-shot, val)</a>",ğŸ“,1.70@@1.70,2.69,?,?,200000.0,âœ“,âœ—,1.40@@1.40,1.53@@1.53,2.02@@2.02,1.67@@1.67,1.66@@1.66,1.62@@1.62,1.82@@1.82,1.90@@1.90,1.71@@1.71
<a href='https://hf.co/mistralai/Mistral-Small-3.2-24B-Instruct-2506'>mistralai/Mistral-Small-3.2-24B-Instruct-2506</a>,ğŸ“,1.75@@1.75,?,24011361280.0,131072.0,8192.0,âœ“,âœ—,1.34@@1.34,2.29@@2.29,1.95@@1.95,1.56@@1.56,1.82@@1.82,1.65@@1.65,1.71@@1.71,1.92@@1.92,1.51@@1.51
<a href='https://hf.co/mistralai/Mistral-Small-3.1-24B-Instruct-2503'>mistralai/Mistral-Small-3.1-24B-Instruct-2503</a>,ğŸ“,1.78@@1.78,?,24011361280.0,131072.0,8192.0,âœ“,âœ—,1.42@@1.42,2.37@@2.37,1.97@@1.97,1.58@@1.58,1.82@@1.82,1.67@@1.67,1.70@@1.70,1.91@@1.91,1.55@@1.55
<a href='https://hf.co/mistralai/Voxtral-Small-24B-2507'>mistralai/Voxtral-Small-24B-2507</a>,ğŸ“,1.78@@1.78,?,24261800960.0,131072.0,8192.0,âœ“,âœ—,1.46@@1.46,2.25@@2.25,2.02@@2.02,1.57@@1.57,1.82@@1.82,1.78@@1.78,1.67@@1.67,1.90@@1.90,1.53@@1.53
<a href='https://hf.co/google/gemma-3-27b-pt'>google/gemma-3-27b-pt</a>,ğŸ§ ,1.79@@1.79,N/A,27432406640.0,262144.0,8192.0,âœ“,âœ—,1.43@@1.43,2.27@@2.27,1.96@@1.96,1.47@@1.47,1.84@@1.84,1.65@@1.65,2.06@@2.06,1.82@@1.82,1.59@@1.59
"<a href='https://platform.openai.com/docs/models/gpt-5-nano'>gpt-5-nano-2025-08-07 (zero-shot, val)</a>",ğŸ¤”,1.79@@1.79,?,?,100256.0,272000.0,âœ“,âœ—,1.38@@1.38,1.66@@1.66,1.99@@1.99,1.74@@1.74,1.90@@1.90,1.74@@1.74,1.94@@1.94,2.09@@2.09,1.64@@1.64
<a href='https://hf.co/Qwen/Qwen3-32B'>Qwen/Qwen3-32B#no-thinking</a>,ğŸ“,1.80@@1.80,7.52,32762123264.0,151936.0,40960.0,âœ“,âœ—,1.49@@1.49,2.25@@2.25,1.89@@1.89,1.64@@1.64,1.82@@1.82,1.69@@1.69,1.77@@1.77,1.98@@1.98,1.65@@1.65
<a href='https://hf.co/google/gemma-3-27b-it'>google/gemma-3-27b-it</a>,ğŸ“,1.82@@1.82,0.1,27432406640.0,262144.0,8192.0,âœ“,âœ—,1.49@@1.49,2.27@@2.27,1.91@@1.91,1.63@@1.63,1.97@@1.97,1.69@@1.69,1.77@@1.77,1.94@@1.94,1.69@@1.69
<a href='https://hf.co/meta-llama/Llama-3.1-70B'>meta-llama/Llama-3.1-70B</a>,ğŸ§ ,1.82@@1.82,N/A,70553706496.0,128256.0,131072.0,âœ“,âœ—,1.43@@1.43,2.32@@2.32,1.92@@1.92,1.58@@1.58,1.80@@1.80,1.70@@1.70,2.05@@2.05,1.90@@1.90,1.64@@1.64
<a href='https://hf.co/mistralai/Mistral-Small-3.1-24B-Base-2503'>mistralai/Mistral-Small-3.1-24B-Base-2503</a>,ğŸ§ ,1.85@@1.85,N/A,24011361280.0,131072.0,8192.0,âœ“,âœ—,1.46@@1.46,2.40@@2.40,1.99@@1.99,1.53@@1.53,1.88@@1.88,1.72@@1.72,2.04@@2.04,2.00@@2.00,1.66@@1.66
<a href='https://hf.co/deepcogito/cogito-v1-preview-qwen-32B'>deepcogito/cogito-v1-preview-qwen-32B</a>,ğŸ“,1.87@@1.87,34.66,32759790592.0,151665.0,131072.0,âœ“,âœ—,1.91@@1.91,2.54@@2.54,2.21@@2.21,1.60@@1.60,1.75@@1.75,1.62@@1.62,1.60@@1.60,2.17@@2.17,1.42@@1.42
"<a href='https://ai.google.dev/gemini-api/docs/models#gemini-2.5-flash'>gemini/gemini-2.5-flash#no-thinking (zero-shot, val)</a>",ğŸ“,1.89@@1.89,?,?,256128.0,1048576.0,âœ“,âœ—,1.38@@1.38,1.68@@1.68,1.85@@1.85,2.31@@2.31,3.06@@3.06,1.60@@1.60,1.81@@1.81,1.73@@1.73,1.60@@1.60
"<a href='https://platform.openai.com/docs/models/gpt-4.1-mini'>gpt-4.1-mini-2025-04-14 (zero-shot, val)</a>",ğŸ“,1.92@@1.92,88.65,?,?,1047576.0,âœ“,âœ—,1.34@@1.34,1.84@@1.84,2.06@@2.06,1.71@@1.71,2.07@@2.07,1.84@@1.84,2.42@@2.42,2.20@@2.20,1.80@@1.80
"<a href='https://docs.anthropic.com/en/docs/about-claude'>claude-haiku-4-5-20251001 (zero-shot, val)</a>",ğŸ¤”,1.92@@1.92,?,?,?,200000.0,âœ“,âœ—,1.50@@1.50,1.83@@1.83,2.03@@2.03,1.92@@1.92,2.10@@2.10,1.92@@1.92,1.97@@1.97,2.21@@2.21,1.81@@1.81
<a href='https://hf.co/Qwen/Qwen2.5-72B-Instruct'>Qwen/Qwen2.5-72B-Instruct</a>,ğŸ“,1.93@@1.93,14.49,72706203648.0,152064.0,32768.0,âœ“,âœ—,1.93@@1.93,2.54@@2.54,2.16@@2.16,1.58@@1.58,1.79@@1.79,1.89@@1.89,1.70@@1.70,2.24@@2.24,1.53@@1.53
<a href='https://hf.co/Qwen/Qwen3-14B'>Qwen/Qwen3-14B#no-thinking</a>,ğŸ“,1.95@@1.95,2.02,14768307200.0,151936.0,40960.0,âœ“,âœ—,1.46@@1.46,2.40@@2.40,2.13@@2.13,1.74@@1.74,2.04@@2.04,1.91@@1.91,1.91@@1.91,2.19@@2.19,1.82@@1.82
<a href='https://hf.co/deepcogito/cogito-v2-preview-llama-70B'>deepcogito/cogito-v2-preview-llama-70B</a>,ğŸ“,1.96@@1.96,84.04,70553706496.0,128256.0,131072.0,âœ“,âœ—,2.02@@2.02,2.64@@2.64,2.14@@2.14,1.56@@1.56,1.83@@1.83,1.88@@1.88,1.88@@1.88,2.18@@2.18,1.56@@1.56
<a href='https://hf.co/meta-llama/Llama-3.3-70B-Instruct'>meta-llama/Llama-3.3-70B-Instruct</a>,ğŸ“,1.96@@1.96,6.57,70553706496.0,128256.0,131072.0,âœ“,âœ—,2.00@@2.00,2.60@@2.60,2.22@@2.22,1.62@@1.62,1.86@@1.86,1.85@@1.85,1.74@@1.74,2.19@@2.19,1.52@@1.52
<a href='https://hf.co/deepcogito/cogito-v1-preview-llama-70B'>deepcogito/cogito-v1-preview-llama-70B</a>,ğŸ“,2.00@@2.00,?,70553706496.0,128256.0,131072.0,âœ“,âœ—,2.09@@2.09,2.67@@2.67,2.21@@2.21,1.62@@1.62,1.87@@1.87,1.93@@1.93,1.83@@1.83,2.27@@2.27,1.50@@1.50
<a href='https://hf.co/google/gemma-3-12b-it'>google/gemma-3-12b-it</a>,ğŸ“,2.02@@2.02,8.37,12187325040.0,262144.0,8192.0,âœ“,âœ—,1.49@@1.49,2.39@@2.39,2.18@@2.18,1.68@@1.68,2.15@@2.15,1.88@@1.88,1.95@@1.95,2.65@@2.65,1.84@@1.84
<a href='https://hf.co/openai/gpt-oss-20b'>openai/gpt-oss-20b#medium</a>,ğŸ¤”,2.02@@2.02,?,21511953984.0,201088.0,131072.0,âœ“,âœ—,1.66@@1.66,2.56@@2.56,2.13@@2.13,1.79@@1.79,2.06@@2.06,1.97@@1.97,1.96@@1.96,2.15@@2.15,1.87@@1.87
<a href='https://hf.co/google/gemma-3-12b-pt'>google/gemma-3-12b-pt</a>,ğŸ§ ,2.04@@2.04,N/A,12187325040.0,262144.0,8192.0,âœ“,âœ—,1.58@@1.58,2.35@@2.35,2.19@@2.19,1.67@@1.67,2.12@@2.12,1.91@@1.91,2.18@@2.18,2.55@@2.55,1.86@@1.86
<a href='https://hf.co/Qwen/Qwen3-30B-A3B-Instruct-2507'>Qwen/Qwen3-30B-A3B-Instruct-2507</a>,ğŸ“,2.10@@2.10,1.33,30532122624.0,151936.0,262144.0,âœ“,âœ—,1.96@@1.96,2.66@@2.66,2.37@@2.37,1.72@@1.72,2.06@@2.06,1.86@@1.86,1.98@@1.98,2.44@@2.44,1.84@@1.84
"<a href='https://ai.google.dev/gemini-api/docs/models#gemini-2.5-flash-lite'>gemini/gemini-2.5-flash-lite#no-thinking (zero-shot, val)</a>",ğŸ“,2.10@@2.10,?,?,256128.0,1048576.0,âœ“,âœ—,1.39@@1.39,1.90@@1.90,2.09@@2.09,2.39@@2.39,2.80@@2.80,1.98@@1.98,2.20@@2.20,2.27@@2.27,1.87@@1.87
<a href='https://hf.co/deepcogito/cogito-v1-preview-qwen-14B'>deepcogito/cogito-v1-preview-qwen-14B</a>,ğŸ“,2.14@@2.14,85.49,14765947904.0,151665.0,131072.0,âœ“,âœ—,2.00@@2.00,2.79@@2.79,2.52@@2.52,1.71@@1.71,2.03@@2.03,1.93@@1.93,1.92@@1.92,2.53@@2.53,1.78@@1.78
<a href='https://hf.co/ibm-granite/granite-4.0-h-small'>ibm-granite/granite-4.0-h-small</a>,ğŸ“,2.15@@2.15,3.24,32207337984.0,100352.0,131072.0,âœ“,âœ—,1.57@@1.57,2.69@@2.69,2.36@@2.36,2.02@@2.02,2.24@@2.24,2.10@@2.10,2.10@@2.10,2.32@@2.32,1.99@@1.99
<a href='https://hf.co/speakleash/Bielik-11B-v3.0-Instruct'>speakleash/Bielik-11B-v3.0-Instruct</a>,ğŸ“,2.16@@2.16,22.65,11168796672.0,32128.0,32768.0,âœ“,âœ—,1.84@@1.84,2.60@@2.60,2.33@@2.33,1.97@@1.97,2.12@@2.12,2.04@@2.04,2.22@@2.22,2.30@@2.30,2.04@@2.04
<a href='https://hf.co/openai/gpt-oss-20b'>openai/gpt-oss-20b#low</a>,ğŸ¤”,2.16@@2.16,?,21511953984.0,201088.0,131072.0,âœ“,âœ—,1.73@@1.73,2.72@@2.72,2.36@@2.36,1.83@@1.83,2.12@@2.12,2.13@@2.13,2.14@@2.14,2.40@@2.40,1.99@@1.99
<a href='https://hf.co/INSAIT-Institute/MamayLM-Gemma-3-12B-IT-v1.0'>INSAIT-Institute/MamayLM-Gemma-3-12B-IT-v1.0</a>,ğŸ“,2.18@@2.18,2.39,12187325040.0,262144.0,8192.0,âœ—,âœ—,1.96@@1.96,2.63@@2.63,2.33@@2.33,1.94@@1.94,2.31@@2.31,2.06@@2.06,2.15@@2.15,2.32@@2.32,1.96@@1.96
<a href='https://hf.co/Qwen/Qwen3-8B'>Qwen/Qwen3-8B#no-thinking</a>,ğŸ“,2.18@@2.18,3.47,8190735360.0,151936.0,40960.0,âœ“,âœ—,1.65@@1.65,2.63@@2.63,2.38@@2.38,1.95@@1.95,2.28@@2.28,2.13@@2.13,2.24@@2.24,2.48@@2.48,1.92@@1.92
<a href='https://hf.co/google/gemma-3n-E4B-it'>google/gemma-3n-E4B-it</a>,ğŸ“,2.20@@2.20,0.81,7849978192.0,262400.0,8192.0,âœ“,âœ—,1.61@@1.61,2.61@@2.61,2.43@@2.43,1.87@@1.87,2.32@@2.32,2.14@@2.14,2.24@@2.24,2.48@@2.48,2.09@@2.09
<a href='https://hf.co/swiss-ai/Apertus-70B-2509'>swiss-ai/Apertus-70B-2509</a>,ğŸ§ ,2.23@@2.23,N/A,70599864480.0,131072.0,65536.0,âœ“,âœ—,1.73@@1.73,2.50@@2.50,2.40@@2.40,1.78@@1.78,2.63@@2.63,2.13@@2.13,2.47@@2.47,2.37@@2.37,2.03@@2.03
<a href='https://hf.co/utter-project/EuroLLM-22B-Instruct-Preview'>utter-project/EuroLLM-22B-Instruct-Preview</a>,ğŸ“,2.26@@2.26,2.38,22637328384.0,128000.0,4096.0,âœ“,âœ—,1.66@@1.66,2.77@@2.77,2.52@@2.52,1.81@@1.81,2.39@@2.39,2.37@@2.37,2.22@@2.22,2.43@@2.43,2.17@@2.17
<a href='https://hf.co/swiss-ai/Apertus-70B-Instruct-2509'>swiss-ai/Apertus-70B-Instruct-2509</a>,ğŸ“,2.28@@2.28,1.77,70599864480.0,131072.0,65536.0,âœ—,âœ—,1.82@@1.82,2.73@@2.73,2.49@@2.49,1.93@@1.93,2.39@@2.39,2.28@@2.28,2.23@@2.23,2.61@@2.61,2.06@@2.06
<a href='https://hf.co/speakleash/Bielik-11B-v3-Base-20250730'>speakleash/Bielik-11B-v3-Base-20250730</a>,ğŸ§ ,2.31@@2.31,N/A,11168796672.0,32128.0,32768.0,âœ“,âœ—,1.71@@1.71,2.56@@2.56,2.59@@2.59,2.21@@2.21,2.46@@2.46,2.36@@2.36,2.13@@2.13,2.68@@2.68,2.12@@2.12
<a href='https://hf.co/utter-project/EuroLLM-22B-Instruct-2512'>utter-project/EuroLLM-22B-Instruct-2512</a>,ğŸ“,2.33@@2.33,6.4,22637328384.0,128000.0,32768.0,âœ“,âœ—,2.16@@2.16,2.78@@2.78,2.51@@2.51,1.89@@1.89,2.27@@2.27,2.35@@2.35,2.33@@2.33,2.42@@2.42,2.25@@2.25
<a href='https://hf.co/Qwen/Qwen3-4B'>Qwen/Qwen3-4B#no-thinking</a>,ğŸ“,2.34@@2.34,23.47,4022468096.0,151936.0,40960.0,âœ“,âœ—,1.76@@1.76,2.77@@2.77,2.57@@2.57,2.10@@2.10,2.47@@2.47,2.27@@2.27,2.40@@2.40,2.60@@2.60,2.16@@2.16
<a href='https://hf.co/lapa-llm/lapa-v0.1.2-instruct'>lapa-llm/lapa-v0.1.2-instruct</a>,ğŸ“,2.37@@2.37,0.5,12187325040.0,262144.0,8192.0,âœ—,âœ—,2.18@@2.18,2.82@@2.82,2.47@@2.47,2.15@@2.15,2.39@@2.39,2.30@@2.30,2.29@@2.29,2.54@@2.54,2.20@@2.20
<a href='https://hf.co/allenai/OLMo-2-0325-32B-Instruct'>allenai/OLMo-2-0325-32B-Instruct</a>,ğŸ“,2.37@@2.37,1.86,32234279936.0,100352.0,4096.0,âœ—,âœ—,1.77@@1.77,2.86@@2.86,2.51@@2.51,2.12@@2.12,2.50@@2.50,2.25@@2.25,2.43@@2.43,2.62@@2.62,2.28@@2.28
<a href='https://hf.co/nvidia/NVIDIA-Nemotron-3-Nano-30B-A3B-BF16'>nvidia/NVIDIA-Nemotron-3-Nano-30B-A3B-BF16#no-thinking</a>,ğŸ“,2.41@@2.41,4.16,31577937344.0,131072.0,262144.0,âœ“,âœ—,1.80@@1.80,2.94@@2.94,2.72@@2.72,1.86@@1.86,2.27@@2.27,2.54@@2.54,2.45@@2.45,2.85@@2.85,2.27@@2.27
<a href='https://hf.co/speakleash/Bielik-11B-v2.6-Instruct'>speakleash/Bielik-11B-v2.6-Instruct</a>,ğŸ“,2.42@@2.42,0.03,11168796672.0,32128.0,32768.0,âœ“,âœ—,1.98@@1.98,3.09@@3.09,2.60@@2.60,2.21@@2.21,2.17@@2.17,2.34@@2.34,2.65@@2.65,2.62@@2.62,2.15@@2.15
<a href='https://hf.co/utter-project/EuroLLM-22B-2512'>utter-project/EuroLLM-22B-2512</a>,ğŸ§ ,2.44@@2.44,N/A,22637328384.0,128000.0,32768.0,âœ“,âœ—,2.08@@2.08,2.69@@2.69,2.86@@2.86,1.87@@1.87,2.73@@2.73,2.60@@2.60,2.29@@2.29,2.72@@2.72,2.12@@2.12
<a href='https://hf.co/allenai/Olmo-3.1-32B-Instruct-SFT'>allenai/Olmo-3.1-32B-Instruct-SFT</a>,ğŸ“,2.44@@2.44,7.21,32233522176.0,100278.0,65536.0,âœ—,âœ—,1.69@@1.69,2.78@@2.78,2.61@@2.61,2.36@@2.36,2.46@@2.46,2.39@@2.39,2.54@@2.54,2.82@@2.82,2.28@@2.28
<a href='https://hf.co/allenai/Olmo-3.1-32B-Instruct-DPO'>allenai/Olmo-3.1-32B-Instruct-DPO</a>,ğŸ“,2.48@@2.48,22.14,32233522176.0,100278.0,65536.0,âœ—,âœ—,1.79@@1.79,2.75@@2.75,2.66@@2.66,2.42@@2.42,2.51@@2.51,2.42@@2.42,2.55@@2.55,2.85@@2.85,2.36@@2.36
<a href='https://hf.co/openai/gpt-oss-20b'>openai/gpt-oss-20b#high</a>,ğŸ¤”,2.49@@2.49,?,21511953984.0,201088.0,131072.0,âœ“,âœ—,2.32@@2.32,2.90@@2.90,2.31@@2.31,2.28@@2.28,2.53@@2.53,2.78@@2.78,2.17@@2.17,2.44@@2.44,2.69@@2.69
<a href='https://hf.co/utter-project/EuroLLM-22B-Preview'>utter-project/EuroLLM-22B-Preview</a>,ğŸ§ ,2.49@@2.49,N/A,?,128000.0,4096.0,âœ“,âœ—,2.26@@2.26,2.65@@2.65,2.93@@2.93,1.96@@1.96,2.38@@2.38,2.59@@2.59,2.47@@2.47,2.98@@2.98,2.16@@2.16
<a href='https://hf.co/meta-llama/Llama-3.1-8B'>meta-llama/Llama-3.1-8B</a>,ğŸ§ ,2.50@@2.50,N/A,8030261248.0,128256.0,131072.0,âœ“,âœ—,1.76@@1.76,2.82@@2.82,2.81@@2.81,2.14@@2.14,2.57@@2.57,2.53@@2.53,2.68@@2.68,2.79@@2.79,2.43@@2.43
"<a href='https://platform.openai.com/docs/models/gpt-4.1-nano'>gpt-4.1-nano-2025-04-14 (zero-shot, val)</a>",ğŸ“,2.50@@2.50,72.39,?,?,1047576.0,âœ“,âœ—,1.66@@1.66,2.39@@2.39,2.67@@2.67,2.08@@2.08,2.69@@2.69,2.60@@2.60,3.16@@3.16,2.93@@2.93,2.38@@2.38
<a href='https://hf.co/upstage/SOLAR-10.7B-v1.0'>upstage/SOLAR-10.7B-v1.0</a>,ğŸ§ ,2.51@@2.51,N/A,10731524096.0,32000.0,4096.0,âœ“,âœ—,1.84@@1.84,2.84@@2.84,2.70@@2.70,2.45@@2.45,2.45@@2.45,2.38@@2.38,2.83@@2.83,2.72@@2.72,2.36@@2.36
<a href='https://hf.co/BSC-LT/ALIA-40b'>BSC-LT/ALIA-40b</a>,ğŸ§ ,2.51@@2.51,N/A,40433885184.0,256000.0,32768.0,âœ“,âœ—,2.07@@2.07,2.74@@2.74,2.87@@2.87,2.01@@2.01,2.74@@2.74,2.71@@2.71,2.46@@2.46,2.70@@2.70,2.29@@2.29
<a href='https://hf.co/allenai/Olmo-3.1-32B-Instruct'>allenai/Olmo-3.1-32B-Instruct</a>,ğŸ“,2.52@@2.52,11.58,32233522176.0,100278.0,65536.0,âœ—,âœ—,1.81@@1.81,2.79@@2.79,2.71@@2.71,2.41@@2.41,2.56@@2.56,2.47@@2.47,2.61@@2.61,2.88@@2.88,2.43@@2.43
<a href='https://hf.co/allenai/Llama-3.1-Tulu-3-8B-SFT'>allenai/Llama-3.1-Tulu-3-8B-SFT</a>,ğŸ“,2.53@@2.53,6.39,8030326784.0,128264.0,131072.0,âœ“,âœ—,1.85@@1.85,2.99@@2.99,2.84@@2.84,2.27@@2.27,2.70@@2.70,2.48@@2.48,2.53@@2.53,2.81@@2.81,2.35@@2.35
<a href='https://hf.co/meta-llama/Llama-3.1-8B-Instruct'>meta-llama/Llama-3.1-8B-Instruct</a>,ğŸ“,2.59@@2.59,5.2,8030261248.0,128256.0,131072.0,âœ“,âœ—,2.05@@2.05,3.28@@3.28,2.93@@2.93,2.08@@2.08,2.47@@2.47,2.69@@2.69,2.56@@2.56,2.88@@2.88,2.34@@2.34
<a href='https://hf.co/deepcogito/cogito-v1-preview-llama-8B'>deepcogito/cogito-v1-preview-llama-8B</a>,ğŸ“,2.59@@2.59,28.78,8030261248.0,128256.0,131072.0,âœ“,âœ—,2.10@@2.10,3.18@@3.18,2.80@@2.80,2.20@@2.20,2.62@@2.62,2.48@@2.48,2.74@@2.74,2.84@@2.84,2.34@@2.34
<a href='https://hf.co/ibm-granite/granite-4.0-micro'>ibm-granite/granite-4.0-micro</a>,ğŸ“,2.60@@2.60,0.69,3402836480.0,100352.0,131072.0,âœ“,âœ—,1.84@@1.84,3.06@@3.06,2.88@@2.88,2.39@@2.39,2.64@@2.64,2.56@@2.56,2.64@@2.64,2.99@@2.99,2.41@@2.41
<a href='https://hf.co/baidu/ERNIE-4.5-21B-A3B-PT'>baidu/ERNIE-4.5-21B-A3B-PT</a>,ğŸ“,2.62@@2.62,0.0,21948655808.0,103424.0,131072.0,âœ“,âœ—,1.78@@1.78,3.06@@3.06,2.78@@2.78,2.42@@2.42,2.73@@2.73,2.59@@2.59,2.68@@2.68,2.99@@2.99,2.58@@2.58
<a href='https://hf.co/utter-project/EuroLLM-9B-Instruct'>utter-project/EuroLLM-9B-Instruct</a>,ğŸ“,2.62@@2.62,0.38,9152319488.0,128000.0,4096.0,âœ—,âœ—,2.19@@2.19,3.20@@3.20,2.98@@2.98,1.97@@1.97,2.50@@2.50,2.76@@2.76,2.50@@2.50,2.97@@2.97,2.50@@2.50
<a href='https://hf.co/swiss-ai/Apertus-8B-2509'>swiss-ai/Apertus-8B-2509</a>,ğŸ§ ,2.64@@2.64,N/A,8053338176.0,131072.0,65536.0,âœ“,âœ—,2.04@@2.04,3.08@@3.08,2.81@@2.81,2.11@@2.11,2.98@@2.98,2.68@@2.68,2.70@@2.70,2.80@@2.80,2.54@@2.54
<a href='https://hf.co/ibm-granite/granite-4.0-h-micro'>ibm-granite/granite-4.0-h-micro</a>,ğŸ“,2.64@@2.64,3.49,3191396096.0,100352.0,131072.0,âœ“,âœ—,1.73@@1.73,3.08@@3.08,2.84@@2.84,2.39@@2.39,2.87@@2.87,2.61@@2.61,2.73@@2.73,3.00@@3.00,2.50@@2.50
<a href='https://hf.co/allenai/Olmo-3-1125-32B'>allenai/Olmo-3-1125-32B</a>,ğŸ§ ,2.65@@2.65,N/A,32233522176.0,100278.0,65536.0,âœ“,âœ—,1.98@@1.98,2.82@@2.82,2.92@@2.92,2.63@@2.63,2.84@@2.84,2.61@@2.61,2.75@@2.75,2.97@@2.97,2.32@@2.32
<a href='https://hf.co/google/gemma-3-4b-pt'>google/gemma-3-4b-pt</a>,ğŸ§ ,2.66@@2.66,N/A,4300079472.0,262144.0,8192.0,âœ“,âœ—,1.89@@1.89,3.09@@3.09,3.10@@3.10,2.17@@2.17,2.76@@2.76,2.64@@2.64,2.75@@2.75,3.00@@3.00,2.49@@2.49
<a href='https://hf.co/google/gemma-3-4b-it'>google/gemma-3-4b-it</a>,ğŸ“,2.68@@2.68,0.0,4300079472.0,262144.0,8192.0,âœ“,âœ—,2.11@@2.11,2.88@@2.88,2.90@@2.90,2.40@@2.40,2.77@@2.77,2.53@@2.53,2.84@@2.84,3.10@@3.10,2.57@@2.57
<a href='https://hf.co/utter-project/EuroLLM-9B'>utter-project/EuroLLM-9B</a>,ğŸ§ ,2.68@@2.68,N/A,9152319488.0,128000.0,4096.0,âœ“,âœ—,2.13@@2.13,2.92@@2.92,3.18@@3.18,2.19@@2.19,2.69@@2.69,2.79@@2.79,2.78@@2.78,3.07@@3.07,2.40@@2.40
<a href='https://hf.co/occiglot/occiglot-7b-eu5-instruct'>occiglot/occiglot-7b-eu5-instruct</a>,ğŸ“,2.81@@2.81,21.04,7241748480.0,32002.0,32768.0,âœ—,âœ—,1.86@@1.86,3.35@@3.35,3.01@@3.01,2.58@@2.58,2.85@@2.85,2.81@@2.81,2.90@@2.90,3.16@@3.16,2.77@@2.77
<a href='https://hf.co/Qwen/Qwen3-1.7B'>Qwen/Qwen3-1.7B#no-thinking</a>,ğŸ“,2.83@@2.83,10.53,2031739904.0,151936.0,40960.0,âœ“,âœ—,1.93@@1.93,3.37@@3.37,3.07@@3.07,2.52@@2.52,2.95@@2.95,2.77@@2.77,2.95@@2.95,3.19@@3.19,2.67@@2.67
<a href='https://hf.co/ibm-granite/granite-4.0-h-tiny'>ibm-granite/granite-4.0-h-tiny</a>,ğŸ“,2.84@@2.84,0.0,6939037248.0,100352.0,131072.0,âœ“,âœ—,2.13@@2.13,3.35@@3.35,3.17@@3.17,2.51@@2.51,2.97@@2.97,2.76@@2.76,2.85@@2.85,3.17@@3.17,2.67@@2.67
<a href='https://hf.co/allenai/Olmo-3-1025-7B'>allenai/Olmo-3-1025-7B</a>,ğŸ§ ,2.89@@2.89,N/A,7298011136.0,100278.0,65536.0,âœ“,âœ—,1.91@@1.91,3.42@@3.42,3.03@@3.03,2.68@@2.68,2.99@@2.99,2.90@@2.90,3.08@@3.08,3.30@@3.30,2.73@@2.73
<a href='https://hf.co/swiss-ai/Apertus-8B-Instruct-2509'>swiss-ai/Apertus-8B-Instruct-2509</a>,ğŸ“,2.91@@2.91,?,8053338176.0,131072.0,65536.0,âœ—,âœ—,2.25@@2.25,3.39@@3.39,3.12@@3.12,2.71@@2.71,2.60@@2.60,2.98@@2.98,3.04@@3.04,3.25@@3.25,2.83@@2.83
<a href='https://hf.co/HuggingFaceTB/SmolLM3-3B-Base'>HuggingFaceTB/SmolLM3-3B-Base</a>,ğŸ§ ,2.96@@2.96,N/A,3075098624.0,128256.0,65536.0,âœ“,âœ—,2.02@@2.02,3.44@@3.44,3.11@@3.11,2.81@@2.81,3.08@@3.08,2.91@@2.91,3.12@@3.12,3.33@@3.33,2.85@@2.85
<a href='https://hf.co/occiglot/occiglot-7b-eu5'>occiglot/occiglot-7b-eu5</a>,ğŸ§ ,3.07@@3.07,N/A,7241732096.0,32000.0,32768.0,âœ“,âœ—,2.11@@2.11,3.50@@3.50,3.29@@3.29,2.78@@2.78,3.07@@3.07,3.07@@3.07,3.21@@3.21,3.61@@3.61,2.99@@2.99
<a href='https://hf.co/Qwen/Qwen2.5-1.5B-Instruct'>Qwen/Qwen2.5-1.5B-Instruct</a>,ğŸ“,3.07@@3.07,0.32,1543714304.0,151936.0,32768.0,âœ“,âœ—,2.63@@2.63,3.61@@3.61,3.41@@3.41,2.62@@2.62,2.99@@2.99,2.88@@2.88,3.09@@3.09,3.58@@3.58,2.85@@2.85
<a href='https://hf.co/allenai/Olmo-3-7B-Instruct'>allenai/Olmo-3-7B-Instruct</a>,ğŸ“,3.07@@3.07,0.12,7298011136.0,100278.0,65536.0,âœ—,âœ—,2.14@@2.14,3.51@@3.51,3.39@@3.39,2.92@@2.92,3.10@@3.10,3.07@@3.07,3.17@@3.17,3.49@@3.49,2.89@@2.89
<a href='https://hf.co/allenai/Olmo-3-7B-Instruct-DPO'>allenai/Olmo-3-7B-Instruct-DPO</a>,ğŸ“,3.10@@3.10,0.04,7298011136.0,100278.0,65536.0,âœ—,âœ—,2.15@@2.15,3.54@@3.54,3.37@@3.37,2.94@@2.94,3.16@@3.16,3.11@@3.11,3.19@@3.19,3.53@@3.53,2.94@@2.94
<a href='https://hf.co/meta-llama/Llama-3.2-3B-Instruct'>meta-llama/Llama-3.2-3B-Instruct</a>,ğŸ“,3.11@@3.11,5.25,3212749824.0,128256.0,131072.0,âœ“,âœ—,2.55@@2.55,3.70@@3.70,3.51@@3.51,2.59@@2.59,2.88@@2.88,3.13@@3.13,3.10@@3.10,3.54@@3.54,2.96@@2.96
<a href='https://hf.co/deepcogito/cogito-v1-preview-llama-3B'>deepcogito/cogito-v1-preview-llama-3B</a>,ğŸ“,3.14@@3.14,14.14,3606752256.0,128256.0,131072.0,âœ“,âœ—,2.38@@2.38,3.59@@3.59,3.38@@3.38,2.92@@2.92,3.13@@3.13,3.06@@3.06,3.37@@3.37,3.46@@3.46,2.96@@2.96
<a href='https://hf.co/arcee-ai/AFM-4.5B-Base'>arcee-ai/AFM-4.5B-Base</a>,ğŸ§ ,3.18@@3.18,N/A,4619184640.0,128004.0,65536.0,âœ“,âœ—,2.37@@2.37,3.63@@3.63,3.45@@3.45,2.92@@2.92,3.12@@3.12,3.20@@3.20,3.39@@3.39,3.59@@3.59,2.94@@2.94
<a href='https://hf.co/arcee-ai/Trinity-Nano-Preview'>arcee-ai/Trinity-Nano-Preview</a>,ğŸ“,3.18@@3.18,0.27,6120003328.0,200192.0,131072.0,âœ“,âœ—,2.38@@2.38,3.61@@3.61,3.47@@3.47,2.81@@2.81,3.19@@3.19,3.12@@3.12,3.43@@3.43,3.45@@3.45,3.21@@3.21
<a href='https://hf.co/allenai/Olmo-3-7B-Instruct-SFT'>allenai/Olmo-3-7B-Instruct-SFT</a>,ğŸ“,3.21@@3.21,1.72,7298011136.0,100278.0,65536.0,âœ—,âœ—,2.38@@2.38,3.63@@3.63,3.43@@3.43,3.01@@3.01,3.32@@3.32,3.29@@3.29,3.27@@3.27,3.57@@3.57,3.00@@3.00
<a href='https://hf.co/BSC-LT/salamandra-7b-instruct'>BSC-LT/salamandra-7b-instruct</a>,ğŸ“,3.24@@3.24,0.03,7768117248.0,256000.0,8192.0,âœ“,âœ—,2.67@@2.67,3.55@@3.55,3.53@@3.53,3.03@@3.03,3.24@@3.24,3.17@@3.17,3.21@@3.21,3.59@@3.59,3.16@@3.16
<a href='https://hf.co/TrustLLMeu/baseline-7-8b_2-3t-tokens_llama'>TrustLLMeu/baseline-7-8b_2-3t-tokens_llama</a>,ğŸ§ ,3.28@@3.28,N/A,7799574528.0,100096.0,4096.0,âœ“,âœ—,2.55@@2.55,3.48@@3.48,3.75@@3.75,3.11@@3.11,3.30@@3.30,3.23@@3.23,3.29@@3.29,3.68@@3.68,3.12@@3.12
<a href='https://hf.co/arcee-ai/AFM-4.5B'>arcee-ai/AFM-4.5B</a>,ğŸ“,3.28@@3.28,0.03,4619189760.0,128005.0,65536.0,âœ“,âœ—,2.54@@2.54,3.68@@3.68,3.49@@3.49,3.10@@3.10,3.27@@3.27,3.24@@3.24,3.43@@3.43,3.72@@3.72,3.04@@3.04
<a href='https://hf.co/LiquidAI/LFM2-2.6B'>LiquidAI/LFM2-2.6B</a>,ğŸ“,3.29@@3.29,10.43,2569272320.0,65536.0,128000.0,âœ—,âœ—,2.63@@2.63,3.96@@3.96,3.62@@3.62,2.78@@2.78,3.13@@3.13,3.18@@3.18,3.36@@3.36,3.74@@3.74,3.19@@3.19
<a href='https://hf.co/BSC-LT/salamandra-7b'>BSC-LT/salamandra-7b</a>,ğŸ§ ,3.33@@3.33,N/A,7768117248.0,256000.0,8192.0,âœ“,âœ—,2.79@@2.79,3.26@@3.26,3.78@@3.78,2.98@@2.98,3.59@@3.59,3.48@@3.48,3.24@@3.24,3.86@@3.86,2.99@@2.99
<a href='https://hf.co/Qwen/Qwen3-0.6B'>Qwen/Qwen3-0.6B#no-thinking</a>,ğŸ“,3.38@@3.38,7.82,751632384.0,151936.0,40960.0,âœ“,âœ—,2.61@@2.61,3.74@@3.74,3.66@@3.66,3.14@@3.14,3.44@@3.44,3.38@@3.38,3.50@@3.50,3.79@@3.79,3.16@@3.16
<a href='https://hf.co/google/gemma-3-1b-it'>google/gemma-3-1b-it</a>,ğŸ“,3.47@@3.47,0.0,999885952.0,262144.0,32768.0,âœ“,âœ—,2.86@@2.86,3.84@@3.84,3.79@@3.79,3.15@@3.15,3.42@@3.42,3.49@@3.49,3.61@@3.61,3.86@@3.86,3.19@@3.19
<a href='https://hf.co/yulan-team/YuLan-Mini-Instruct'>yulan-team/YuLan-Mini-Instruct</a>,ğŸ“,3.49@@3.49,0.01,2424375168.0,99000.0,28723.0,âœ—,âœ—,2.70@@2.70,3.81@@3.81,3.71@@3.71,3.29@@3.29,3.49@@3.49,3.43@@3.43,3.64@@3.64,3.93@@3.93,3.36@@3.36
<a href='https://hf.co/google/gemma-3-1b-pt'>google/gemma-3-1b-pt</a>,ğŸ§ ,3.54@@3.54,N/A,999885952.0,262144.0,32768.0,âœ“,âœ—,3.04@@3.04,3.75@@3.75,4.01@@4.01,3.24@@3.24,3.63@@3.63,3.60@@3.60,3.46@@3.46,3.81@@3.81,3.29@@3.29
<a href='https://hf.co/meta-llama/Llama-3.2-1B'>meta-llama/Llama-3.2-1B</a>,ğŸ§ ,3.55@@3.55,N/A,1235814400.0,128256.0,131072.0,âœ“,âœ—,3.01@@3.01,3.90@@3.90,3.91@@3.91,3.23@@3.23,3.49@@3.49,3.59@@3.59,3.59@@3.59,3.91@@3.91,3.34@@3.34
<a href='https://hf.co/PleIAs/Pleias-1.2b-Preview'>PleIAs/Pleias-1.2b-Preview</a>,ğŸ§ ,3.73@@3.73,N/A,1195468800.0,65536.0,2048.0,âœ“,âœ—,3.02@@3.02,3.84@@3.84,3.91@@3.91,3.41@@3.41,3.83@@3.83,3.85@@3.85,3.85@@3.85,3.88@@3.88,3.98@@3.98
<a href='https://hf.co/utter-project/EuroMoE-2.6B-A0.6B-Instruct-Preview'>utter-project/EuroMoE-2.6B-A0.6B-Instruct-Preview</a>,ğŸ“,3.75@@3.75,0.02,2611528704.0,128000.0,4096.0,âœ“,âœ—,3.26@@3.26,3.91@@3.91,4.17@@4.17,3.33@@3.33,3.66@@3.66,3.85@@3.85,3.90@@3.90,4.15@@4.15,3.50@@3.50
<a href='https://hf.co/PleIAs/Pleias-3b-Preview'>PleIAs/Pleias-3b-Preview</a>,ğŸ§ ,3.82@@3.82,N/A,3211926528.0,65536.0,4096.0,âœ“,âœ—,3.47@@3.47,4.10@@4.10,4.14@@4.14,3.48@@3.48,3.88@@3.88,4.00@@4.00,3.86@@3.86,3.96@@3.96,3.54@@3.54
<a href='https://hf.co/baidu/ERNIE-4.5-0.3B-PT'>baidu/ERNIE-4.5-0.3B-PT</a>,ğŸ“,3.83@@3.83,0.05,?,103424.0,131072.0,âœ“,âœ—,3.20@@3.20,4.12@@4.12,4.11@@4.11,3.58@@3.58,3.95@@3.95,3.72@@3.72,3.98@@3.98,4.18@@4.18,3.68@@3.68
<a href='https://hf.co/meta-llama/Llama-3.2-1B-Instruct'>meta-llama/Llama-3.2-1B-Instruct</a>,ğŸ“,3.84@@3.84,0.83,1235814400.0,128256.0,131072.0,âœ“,âœ—,3.37@@3.37,4.18@@4.18,4.04@@4.04,3.51@@3.51,3.83@@3.83,3.78@@3.78,3.85@@3.85,4.14@@4.14,3.81@@3.81
<a href='https://hf.co/lapa-llm/lapa-12b-pt'>lapa-llm/lapa-12b-pt</a>,ğŸ“,3.86@@3.86,12.74,12187325040.0,262144.0,8192.0,âœ“,âœ—,3.47@@3.47,4.17@@4.17,3.89@@3.89,3.57@@3.57,3.90@@3.90,4.06@@4.06,3.84@@3.84,3.98@@3.98,3.84@@3.84
<a href='https://hf.co/LiquidAI/LFM2.5-1.2B-Base'>LiquidAI/LFM2.5-1.2B-Base</a>,ğŸ“,3.90@@3.90,8.87,1170340608.0,65536.0,128000.0,âœ—,âœ—,3.23@@3.23,4.41@@4.41,4.18@@4.18,3.59@@3.59,3.56@@3.56,3.77@@3.77,3.94@@3.94,4.24@@4.24,4.14@@4.14
<a href='https://hf.co/LiquidAI/LFM2.5-1.2B-Instruct'>LiquidAI/LFM2.5-1.2B-Instruct</a>,ğŸ“,3.92@@3.92,0.0,1170340608.0,65536.0,128000.0,âœ—,âœ—,3.46@@3.46,4.25@@4.25,4.28@@4.28,3.56@@3.56,3.56@@3.56,3.92@@3.92,4.07@@4.07,4.31@@4.31,3.84@@3.84
<a href='https://hf.co/google/gemma-3-270m'>google/gemma-3-270m</a>,ğŸ§ ,3.97@@3.97,N/A,268098176.0,262144.0,32768.0,âœ“,âœ—,3.65@@3.65,4.28@@4.28,4.20@@4.20,3.70@@3.70,4.07@@4.07,3.97@@3.97,4.02@@4.02,4.20@@4.20,3.64@@3.64
<a href='https://hf.co/google/gemma-3-270m-it'>google/gemma-3-270m-it</a>,ğŸ“,3.99@@3.99,1.34,268098176.0,262144.0,32768.0,âœ“,âœ—,3.55@@3.55,4.14@@4.14,4.19@@4.19,3.71@@3.71,4.15@@4.15,4.04@@4.04,4.15@@4.15,4.33@@4.33,3.68@@3.68
<a href='https://hf.co/PleIAs/Pleias-350m-Preview'>PleIAs/Pleias-350m-Preview</a>,ğŸ§ ,4.00@@4.00,N/A,353424384.0,65536.0,2048.0,âœ“,âœ—,3.49@@3.49,4.12@@4.12,4.21@@4.21,3.77@@3.77,4.11@@4.11,3.93@@3.93,4.11@@4.11,4.22@@4.22,4.05@@4.05
<a href='https://hf.co/LiquidAI/LFM2-700M'>LiquidAI/LFM2-700M</a>,ğŸ“,4.01@@4.01,0.1,742489344.0,65536.0,128000.0,âœ—,âœ—,3.42@@3.42,4.37@@4.37,4.18@@4.18,3.70@@3.70,4.03@@4.03,3.89@@3.89,4.23@@4.23,4.28@@4.28,3.99@@3.99
<a href='https://hf.co/LiquidAI/LFM2-1.2B'>LiquidAI/LFM2-1.2B</a>,ğŸ“,4.02@@4.02,0.0,1170340608.0,65536.0,128000.0,âœ—,âœ—,3.51@@3.51,4.39@@4.39,4.17@@4.17,3.72@@3.72,3.94@@3.94,3.95@@3.95,4.20@@4.20,4.28@@4.28,3.99@@3.99
<a href='https://hf.co/LiquidAI/LFM2.5-1.2B-Thinking'>LiquidAI/LFM2.5-1.2B-Thinking</a>,ğŸ¤”,4.05@@4.05,?,1170340608.0,65536.0,128000.0,âœ—,âœ—,3.77@@3.77,4.50@@4.50,4.30@@4.30,3.86@@3.86,3.54@@3.54,4.13@@4.13,4.08@@4.08,4.29@@4.29,3.96@@3.96
<a href='https://hf.co/HuggingFaceTB/SmolLM2-360M-Instruct'>HuggingFaceTB/SmolLM2-360M-Instruct</a>,ğŸ“,4.06@@4.06,0.3,361821120.0,49152.0,8192.0,âœ“,âœ—,3.51@@3.51,4.32@@4.32,4.18@@4.18,3.81@@3.81,4.14@@4.14,4.00@@4.00,4.14@@4.14,4.27@@4.27,4.19@@4.19
<a href='https://hf.co/HuggingFaceTB/SmolLM2-360M'>HuggingFaceTB/SmolLM2-360M</a>,ğŸ§ ,4.07@@4.07,N/A,361821120.0,49152.0,8192.0,âœ“,âœ—,3.62@@3.62,4.27@@4.27,4.36@@4.36,3.84@@3.84,4.21@@4.21,3.94@@3.94,4.16@@4.16,4.33@@4.33,3.88@@3.88
<a href='https://hf.co/LiquidAI/LFM2-350M'>LiquidAI/LFM2-350M</a>,ğŸ“,4.13@@4.13,0.12,354483968.0,65536.0,128000.0,âœ—,âœ—,3.84@@3.84,4.36@@4.36,4.23@@4.23,3.80@@3.80,4.19@@4.19,4.12@@4.12,4.14@@4.14,4.34@@4.34,4.17@@4.17
<a href='https://hf.co/HuggingFaceTB/SmolLM2-135M'>HuggingFaceTB/SmolLM2-135M</a>,ğŸ§ ,4.13@@4.13,N/A,134515008.0,49152.0,8192.0,âœ“,âœ—,3.76@@3.76,4.41@@4.41,4.31@@4.31,3.90@@3.90,4.28@@4.28,4.08@@4.08,4.20@@4.20,4.35@@4.35,3.92@@3.92
<a href='https://hf.co/HuggingFaceTB/SmolLM2-135M-Instruct'>HuggingFaceTB/SmolLM2-135M-Instruct</a>,ğŸ“,4.14@@4.14,14.14,134515008.0,49152.0,8192.0,âœ“,âœ—,3.66@@3.66,4.43@@4.43,4.35@@4.35,3.90@@3.90,4.25@@4.25,4.10@@4.10,4.25@@4.25,4.36@@4.36,3.98@@3.98
<a href='https://hf.co/PleIAs/Baguettotron'>PleIAs/Baguettotron@refs/pr/6#no-thinking</a>,ğŸ“,4.49@@4.49,2.07,320956992.0,65536.0,4096.0,âœ“,âœ—,4.54@@4.54,4.56@@4.56,4.62@@4.62,4.24@@4.24,4.20@@4.20,4.69@@4.69,4.42@@4.42,4.46@@4.46,4.64@@4.64
<a href='https://hf.co/PleIAs/Monad'>PleIAs/Monad</a>,ğŸ§ ,4.54@@4.54,N/A,56656128.0,8192.0,2048.0,âœ“,âœ—,4.68@@4.68,4.60@@4.60,4.57@@4.57,4.24@@4.24,4.60@@4.60,4.70@@4.70,4.43@@4.43,4.49@@4.49,4.55@@4.55
<a href='https://hf.co/AI-Sweden-Models/ModernBERT-large'>AI-Sweden-Models/ModernBERT-large</a>,ğŸ”,-@@100,N/A,395881664.0,50368.0,8192.0,âœ“,âœ—,-@@100,-@@100,-@@100,-@@100,-@@100,-@@100,-@@100,-@@100,-@@100
fresh-xlm-roberta-base,ğŸ”,-@@100,N/A,278885778.0,250002.0,512.0,âœ“,âœ—,-@@100,-@@100,-@@100,-@@100,-@@100,-@@100,-@@100,-@@100,-@@100
<a href='https://hf.co/google/rembert'>google/rembert</a>,ğŸ”,-@@100,N/A,574602505.0,250300.0,512.0,âœ“,âœ—,-@@100,-@@100,-@@100,-@@100,-@@100,-@@100,-@@100,-@@100,-@@100
<a href='https://hf.co/speakleash/Bielik-4.5B-v3'>speakleash/Bielik-4.5B-v3</a>,ğŸ“,-@@100,?,4757260288.0,32000.0,32768.0,âœ“,âœ—,-@@100,-@@100,-@@100,-@@100,2.48@@2.48,-@@100,-@@100,-@@100,-@@100
<a href='https://hf.co/speakleash/Bielik-4.5B-v3.0-Instruct'>speakleash/Bielik-4.5B-v3.0-Instruct</a>,ğŸ“,-@@100,?,4757260288.0,32000.0,32768.0,âœ“,âœ—,-@@100,-@@100,-@@100,-@@100,2.43@@2.43,-@@100,-@@100,-@@100,-@@100
<a href='https://hf.co/speakleash/Bielik-11B-v2'>speakleash/Bielik-11B-v2</a>,ğŸ§ ,-@@100,N/A,11168796672.0,32128.0,32768.0,âœ“,âœ—,-@@100,-@@100,-@@100,-@@100,2.30@@2.30,-@@100,-@@100,-@@100,-@@100
<a href='https://hf.co/speakleash/Bielik-11B-v2.5-Instruct'>speakleash/Bielik-11B-v2.5-Instruct</a>,ğŸ“,-@@100,?,11168796672.0,32128.0,32768.0,âœ“,âœ—,-@@100,-@@100,-@@100,-@@100,1.98@@1.98,-@@100,-@@100,-@@100,-@@100
<a href='https://hf.co/speakleash/Bielik-11B-v2.3-Instruct'>speakleash/Bielik-11B-v2.3-Instruct</a>,ğŸ“,-@@100,?,11168796672.0,32128.0,32768.0,âœ“,âœ“,-@@100,-@@100,-@@100,-@@100,1.94@@1.94,-@@100,-@@100,-@@100,-@@100
<a href='https://hf.co/speakleash/Bielik-11B-v2.2-Instruct'>speakleash/Bielik-11B-v2.2-Instruct</a>,ğŸ“,-@@100,?,11168796672.0,32128.0,32768.0,âœ“,âœ—,-@@100,-@@100,-@@100,-@@100,1.96@@1.96,-@@100,-@@100,-@@100,-@@100
<a href='https://hf.co/speakleash/Bielik-11B-v2.1-Instruct'>speakleash/Bielik-11B-v2.1-Instruct</a>,ğŸ“,-@@100,?,11168796672.0,32128.0,32768.0,âœ“,âœ—,-@@100,-@@100,-@@100,-@@100,1.95@@1.95,-@@100,-@@100,-@@100,-@@100
<a href='https://hf.co/speakleash/Bielik-11B-v2.0-Instruct'>speakleash/Bielik-11B-v2.0-Instruct</a>,ğŸ“,-@@100,?,11168796672.0,32128.0,32768.0,âœ“,âœ—,-@@100,-@@100,-@@100,-@@100,2.03@@2.03,-@@100,-@@100,-@@100,-@@100
<a href='https://hf.co/speakleash/Bielik-1.5B-v3'>speakleash/Bielik-1.5B-v3</a>,ğŸ“,-@@100,?,1596507648.0,32000.0,8192.0,âœ“,âœ—,-@@100,-@@100,-@@100,-@@100,3.03@@3.03,-@@100,-@@100,-@@100,-@@100
<a href='https://hf.co/speakleash/Bielik-1.5B-v3'>speakleash/Bielik-1.5B-v3 (zero-shot)</a>,ğŸ“,-@@100,?,1596507648.0,32000.0,8192.0,âœ“,âœ—,-@@100,-@@100,-@@100,-@@100,-@@100,-@@100,-@@100,-@@100,-@@100
<a href='https://hf.co/speakleash/Bielik-1.5B-v3.0-Instruct'>speakleash/Bielik-1.5B-v3.0-Instruct</a>,ğŸ“,-@@100,?,1596507648.0,32000.0,8192.0,âœ“,âœ—,-@@100,-@@100,-@@100,-@@100,2.79@@2.79,-@@100,-@@100,-@@100,-@@100
<a href='https://hf.co/setu4993/LaBSE'>setu4993/LaBSE</a>,ğŸ”,-@@100,N/A,470927360.0,501153.0,512.0,âœ“,âœ—,-@@100,-@@100,-@@100,-@@100,-@@100,-@@100,-@@100,-@@100,-@@100
<a href='https://hf.co/sentence-transformers/paraphrase-multilingual-MiniLM-L12-v2'>sentence-transformers/paraphrase-multilingual-MiniLM-L12-v2</a>,ğŸ”,-@@100,N/A,117654272.0,250037.0,512.0,âœ“,âœ—,-@@100,-@@100,-@@100,-@@100,-@@100,-@@100,-@@100,-@@100,-@@100
<a href='https://hf.co/speakleash/Bielik-7B-Instruct-v0.1'>speakleash/Bielik-7B-Instruct-v0.1</a>,ğŸ“,-@@100,?,7241732096.0,32000.0,4096.0,âœ“,âœ—,-@@100,-@@100,-@@100,-@@100,4.69@@4.69,-@@100,-@@100,-@@100,-@@100
<a href='https://hf.co/speakleash/Bielik-7B-v0.1'>speakleash/Bielik-7B-v0.1</a>,ğŸ§ ,-@@100,N/A,7241732096.0,32000.0,8192.0,âœ“,âœ—,-@@100,-@@100,-@@100,-@@100,3.10@@3.10,-@@100,-@@100,-@@100,-@@100
<a href='https://hf.co/utter-project/EuroMoE-2.6B-A0.6B-Preview'>utter-project/EuroMoE-2.6B-A0.6B-Preview</a>,ğŸ§ ,-@@100,N/A,2611528704.0,128000.0,4096.0,âœ“,âœ—,3.15@@3.15,3.56@@3.56,4.07@@4.07,3.57@@3.57,3.88@@3.88,3.81@@3.81,3.98@@3.98,4.16@@4.16,-@@100
<a href='https://hf.co/tencent/Hunyuan-7B-Instruct'>tencent/Hunyuan-7B-Instruct</a>,ğŸ¤”,-@@100,?,7504568320.0,128167.0,32768.0,âœ“,âœ—,-@@100,-@@100,-@@100,3.20@@3.20,3.25@@3.25,-@@100,-@@100,-@@100,-@@100
<a href='https://hf.co/tencent/Hunyuan-1.8B-Instruct'>tencent/Hunyuan-1.8B-Instruct</a>,ğŸ¤”,-@@100,?,1791080448.0,120818.0,262144.0,âœ“,âœ—,-@@100,-@@100,-@@100,-@@100,3.80@@3.80,-@@100,-@@100,-@@100,-@@100
<a href='https://hf.co/nvidia/NVIDIA-Nemotron-Nano-9B-v2'>nvidia/NVIDIA-Nemotron-Nano-9B-v2</a>,ğŸ¤”,-@@100,?,8888227328.0,131072.0,131072.0,âœ“,âœ—,-@@100,2.92@@2.92,-@@100,2.25@@2.25,2.29@@2.29,2.36@@2.36,2.45@@2.45,-@@100,2.12@@2.12
<a href='https://hf.co/kyutai/helium-1-2b'>kyutai/helium-1-2b</a>,ğŸ§ ,-@@100,N/A,2023868416.0,64000.0,4096.0,âœ“,âœ—,-@@100,-@@100,-@@100,3.01@@3.01,3.36@@3.36,-@@100,-@@100,-@@100,-@@100
<a href='https://hf.co/kurakurai/Luth-1.7B-Instruct'>kurakurai/Luth-1.7B-Instruct</a>,ğŸ“,-@@100,6.31,1720574976.0,151936.0,40960.0,âœ—,âœ—,1.85@@1.85,3.30@@3.30,2.95@@2.95,-@@100,-@@100,2.72@@2.72,2.89@@2.89,3.18@@3.18,2.55@@2.55
<a href='https://hf.co/jhu-clsp/mmBERT-small'>jhu-clsp/mmBERT-small</a>,ğŸ”,-@@100,N/A,140645001.0,256000.0,8192.0,âœ“,âœ—,-@@100,-@@100,-@@100,-@@100,-@@100,-@@100,-@@100,-@@100,-@@100
<a href='https://hf.co/jhu-clsp/mmBERT-base'>jhu-clsp/mmBERT-base</a>,ğŸ”,-@@100,N/A,307537161.0,256000.0,8192.0,âœ“,âœ—,-@@100,-@@100,-@@100,-@@100,-@@100,-@@100,-@@100,-@@100,-@@100
<a href='https://hf.co/intfloat/multilingual-e5-large'>intfloat/multilingual-e5-large</a>,ğŸ”,-@@100,N/A,559890946.0,250002.0,512.0,âœ“,âœ—,-@@100,-@@100,-@@100,-@@100,-@@100,-@@100,-@@100,-@@100,-@@100
<a href='https://hf.co/intfloat/multilingual-e5-base'>intfloat/multilingual-e5-base</a>,ğŸ”,-@@100,N/A,278044162.0,250002.0,512.0,âœ“,âœ—,-@@100,-@@100,-@@100,-@@100,-@@100,-@@100,-@@100,-@@100,-@@100
fresh-electra-small,ğŸ”,-@@100,N/A,13738755.0,32000.0,128.0,âœ“,âœ—,-@@100,-@@100,-@@100,-@@100,-@@100,-@@100,-@@100,-@@100,-@@100
<a href='https://hf.co/nvidia/NVIDIA-Nemotron-Nano-9B-v2'>nvidia/NVIDIA-Nemotron-Nano-9B-v2#no-thinking</a>,ğŸ“,-@@100,?,8888227328.0,131072.0,131072.0,âœ“,âœ—,-@@100,-@@100,-@@100,3.25@@3.25,3.77@@3.77,-@@100,-@@100,-@@100,-@@100
<a href='https://hf.co/mistralai/Voxtral-Mini-3B-2507'>mistralai/Voxtral-Mini-3B-2507</a>,ğŸ“,-@@100,?,4676271104.0,131072.0,8192.0,âœ“,âœ—,-@@100,-@@100,-@@100,2.65@@2.65,3.16@@3.16,-@@100,-@@100,-@@100,-@@100
<a href='https://hf.co/mistralai/Magistral-Small-2509'>mistralai/Magistral-Small-2509</a>,ğŸ“,-@@100,?,24011361280.0,131072.0,8192.0,âœ“,âœ—,-@@100,-@@100,-@@100,1.59@@1.59,1.91@@1.91,-@@100,1.77@@1.77,-@@100,-@@100
<a href='https://hf.co/mii-llm/nesso-4B'>mii-llm/nesso-4B</a>,ğŸ“,-@@100,8.73,4022468096.0,151936.0,262144.0,âœ—,âœ—,1.66@@1.66,2.80@@2.80,2.57@@2.57,2.05@@2.05,2.35@@2.35,2.28@@2.28,-@@100,-@@100,-@@100
<a href='https://hf.co/microsoft/mdeberta-v3-base'>microsoft/mdeberta-v3-base</a>,ğŸ”,-@@100,N/A,278225673.0,251000.0,512.0,âœ“,âœ—,-@@100,-@@100,-@@100,-@@100,-@@100,-@@100,-@@100,-@@100,-@@100
<a href='https://hf.co/facebook/MobileLLM-R1-950M'>facebook/MobileLLM-R1-950M</a>,ğŸ“,-@@100,?,949685760.0,128256.0,32768.0,âœ—,âœ—,-@@100,-@@100,-@@100,4.14@@4.14,4.35@@4.35,-@@100,-@@100,-@@100,-@@100
<a href='https://hf.co/facebook/MobileLLM-R1-360M'>facebook/MobileLLM-R1-360M</a>,ğŸ“,-@@100,?,359431168.0,128256.0,32768.0,âœ—,âœ—,-@@100,-@@100,-@@100,4.09@@4.09,4.42@@4.42,-@@100,-@@100,-@@100,-@@100
<a href='https://hf.co/HuggingFaceTB/SmolLM3-3B'>HuggingFaceTB/SmolLM3-3B</a>,ğŸ¤”,-@@100,?,3075098624.0,128256.0,65536.0,âœ“,âœ—,-@@100,-@@100,-@@100,-@@100,-@@100,-@@100,-@@100,-@@100,-@@100
<a href='https://hf.co/HuggingFaceTB/SmolLM3-3B'>HuggingFaceTB/SmolLM3-3B#no-thinking</a>,ğŸ“,-@@100,2.14,3075098624.0,128256.0,65536.0,âœ“,âœ—,2.36@@2.36,3.50@@3.50,3.51@@3.51,2.96@@2.96,-@@100,-@@100,-@@100,3.56@@3.56,-@@100
<a href='https://hf.co/Qwen/Qwen3-0.6B'>Qwen/Qwen3-0.6B</a>,ğŸ¤”,-@@100,?,751632384.0,151936.0,40960.0,âœ“,âœ—,-@@100,-@@100,-@@100,-@@100,3.37@@3.37,-@@100,-@@100,-@@100,-@@100
<a href='https://hf.co/PleIAs/Baguettotron'>PleIAs/Baguettotron@refs/pr/6</a>,ğŸ¤”,-@@100,?,320956992.0,65536.0,4096.0,âœ“,âœ—,-@@100,4.59@@4.59,4.62@@4.62,4.39@@4.39,-@@100,-@@100,-@@100,-@@100,-@@100
<a href='https://hf.co/PleIAs/Baguettotron'>PleIAs/Baguettotron@refs/pr/6#thinking</a>,ğŸ¤”,-@@100,?,320956992.0,65536.0,4096.0,âœ“,âœ—,5.81@@5.81,4.57@@4.57,4.58@@4.58,4.75@@4.75,-@@100,-@@100,-@@100,-@@100,-@@100
<a href='https://hf.co/FacebookAI/xlm-roberta-large'>FacebookAI/xlm-roberta-large</a>,ğŸ”,-@@100,N/A,561192082.0,250002.0,512.0,âœ“,âœ—,-@@100,-@@100,-@@100,-@@100,-@@100,-@@100,-@@100,-@@100,-@@100
<a href='https://hf.co/CYFRAGOVPL/Llama-PLLuM-70B-base'>CYFRAGOVPL/Llama-PLLuM-70B-base</a>,ğŸ§ ,-@@100,N/A,70553706496.0,128256.0,131072.0,âœ“,âœ—,-@@100,-@@100,-@@100,-@@100,2.07@@2.07,-@@100,-@@100,-@@100,-@@100
<a href='https://hf.co/CYFRAGOVPL/Llama-PLLuM-70B-base-250801'>CYFRAGOVPL/Llama-PLLuM-70B-base-250801</a>,ğŸ§ ,-@@100,N/A,70553706496.0,128256.0,131072.0,âœ“,âœ—,-@@100,-@@100,-@@100,-@@100,2.20@@2.20,-@@100,-@@100,-@@100,-@@100
<a href='https://hf.co/CYFRAGOVPL/Llama-PLLuM-70B-chat-250801'>CYFRAGOVPL/Llama-PLLuM-70B-chat-250801</a>,ğŸ“,-@@100,?,70553788416.0,128261.0,131072.0,âœ“,âœ—,-@@100,-@@100,-@@100,-@@100,1.86@@1.86,-@@100,-@@100,-@@100,-@@100
<a href='https://hf.co/Geotrend/distilbert-base-25lang-cased'>Geotrend/distilbert-base-25lang-cased</a>,ğŸ”,-@@100,N/A,108867577.0,84985.0,512.0,âœ“,âœ—,-@@100,-@@100,-@@100,-@@100,-@@100,-@@100,-@@100,-@@100,-@@100
<a href='https://hf.co/CYFRAGOVPL/Llama-PLLuM-70B-chat'>CYFRAGOVPL/Llama-PLLuM-70B-chat</a>,ğŸ“,-@@100,?,70553739264.0,128258.0,131072.0,âœ“,âœ—,-@@100,-@@100,-@@100,-@@100,1.80@@1.80,-@@100,-@@100,-@@100,-@@100
<a href='https://hf.co/CYFRAGOVPL/Llama-PLLuM-70B-instruct'>CYFRAGOVPL/Llama-PLLuM-70B-instruct</a>,ğŸ“,-@@100,?,70553739264.0,128258.0,131072.0,âœ“,âœ—,-@@100,-@@100,-@@100,-@@100,1.80@@1.80,-@@100,-@@100,-@@100,-@@100
<a href='https://hf.co/EuropeanParliament/EUBERT'>EuropeanParliament/EUBERT</a>,ğŸ”,-@@100,N/A,93990500.0,65636.0,512.0,âœ“,âœ—,-@@100,-@@100,-@@100,-@@100,-@@100,-@@100,-@@100,-@@100,-@@100
<a href='https://hf.co/EuroBERT/EuroBERT-610m'>EuroBERT/EuroBERT-610m</a>,ğŸ”,-@@100,N/A,755625600.0,128256.0,8192.0,âœ“,âœ—,-@@100,-@@100,-@@100,-@@100,-@@100,-@@100,-@@100,-@@100,-@@100
<a href='https://hf.co/EuroBERT/EuroBERT-210m'>EuroBERT/EuroBERT-210m</a>,ğŸ”,-@@100,N/A,310266624.0,128256.0,8192.0,âœ“,âœ—,-@@100,-@@100,-@@100,-@@100,-@@100,-@@100,-@@100,-@@100,-@@100
<a href='https://hf.co/EuroBERT/EuroBERT-2.1B'>EuroBERT/EuroBERT-2.1B</a>,ğŸ”,-@@100,N/A,2403092736.0,128256.0,8192.0,âœ“,âœ—,-@@100,-@@100,-@@100,-@@100,-@@100,-@@100,-@@100,-@@100,-@@100
<a href='https://hf.co/CYFRAGOVPL/PLLuM-8x7B-nc-instruct'>CYFRAGOVPL/PLLuM-8x7B-nc-instruct</a>,ğŸ“,-@@100,?,46702817280.0,32003.0,32768.0,âœ—,âœ—,-@@100,-@@100,-@@100,-@@100,2.17@@2.17,-@@100,-@@100,-@@100,-@@100
<a href='https://hf.co/CYFRAGOVPL/PLLuM-8x7B-nc-chat'>CYFRAGOVPL/PLLuM-8x7B-nc-chat</a>,ğŸ“,-@@100,?,46702817280.0,32003.0,32768.0,âœ—,âœ—,-@@100,-@@100,-@@100,-@@100,2.13@@2.13,-@@100,-@@100,-@@100,-@@100
<a href='https://hf.co/CYFRAGOVPL/PLLuM-8x7B-nc-base'>CYFRAGOVPL/PLLuM-8x7B-nc-base</a>,ğŸ§ ,-@@100,N/A,46702792704.0,32000.0,32768.0,âœ—,âœ—,-@@100,-@@100,-@@100,-@@100,2.74@@2.74,-@@100,-@@100,-@@100,-@@100
<a href='https://hf.co/CYFRAGOVPL/PLLuM-8x7B-instruct'>CYFRAGOVPL/PLLuM-8x7B-instruct</a>,ğŸ“,-@@100,?,46702817280.0,32003.0,32768.0,âœ“,âœ—,-@@100,-@@100,-@@100,-@@100,2.20@@2.20,-@@100,-@@100,-@@100,-@@100
<a href='https://hf.co/CYFRAGOVPL/PLLuM-8x7B-chat'>CYFRAGOVPL/PLLuM-8x7B-chat</a>,ğŸ“,-@@100,?,46702817280.0,32003.0,32768.0,âœ“,âœ—,-@@100,-@@100,-@@100,-@@100,2.19@@2.19,-@@100,-@@100,-@@100,-@@100
<a href='https://hf.co/CYFRAGOVPL/PLLuM-8x7B-base'>CYFRAGOVPL/PLLuM-8x7B-base</a>,ğŸ§ ,-@@100,N/A,46702792704.0,32000.0,32768.0,âœ“,âœ—,-@@100,-@@100,-@@100,-@@100,2.57@@2.57,-@@100,-@@100,-@@100,-@@100
<a href='https://hf.co/CYFRAGOVPL/PLLuM-12B-nc-instruct'>CYFRAGOVPL/PLLuM-12B-nc-instruct</a>,ğŸ“,-@@100,?,12247782400.0,131072.0,1024000.0,âœ—,âœ—,-@@100,-@@100,-@@100,-@@100,2.18@@2.18,-@@100,-@@100,-@@100,-@@100
<a href='https://hf.co/CYFRAGOVPL/PLLuM-12B-nc-chat'>CYFRAGOVPL/PLLuM-12B-nc-chat</a>,ğŸ“,-@@100,?,12247782400.0,131072.0,1024000.0,âœ—,âœ—,-@@100,-@@100,-@@100,-@@100,2.21@@2.21,-@@100,-@@100,-@@100,-@@100
<a href='https://hf.co/CYFRAGOVPL/PLLuM-12B-nc-base'>CYFRAGOVPL/PLLuM-12B-nc-base</a>,ğŸ§ ,-@@100,N/A,12247782400.0,131072.0,1024000.0,âœ—,âœ—,-@@100,-@@100,-@@100,-@@100,2.85@@2.85,-@@100,-@@100,-@@100,-@@100
<a href='https://hf.co/CYFRAGOVPL/PLLuM-12B-instruct'>CYFRAGOVPL/PLLuM-12B-instruct</a>,ğŸ“,-@@100,?,12247782400.0,131072.0,131072.0,âœ“,âœ—,-@@100,-@@100,-@@100,-@@100,2.25@@2.25,-@@100,-@@100,-@@100,-@@100
<a href='https://hf.co/CYFRAGOVPL/PLLuM-12B-chat'>CYFRAGOVPL/PLLuM-12B-chat</a>,ğŸ“,-@@100,?,12247782400.0,131072.0,131072.0,âœ“,âœ—,-@@100,-@@100,-@@100,-@@100,2.31@@2.31,-@@100,-@@100,-@@100,-@@100
<a href='https://hf.co/CYFRAGOVPL/PLLuM-12B-base'>CYFRAGOVPL/PLLuM-12B-base</a>,ğŸ§ ,-@@100,N/A,12247782400.0,131072.0,1024000.0,âœ“,âœ—,-@@100,-@@100,-@@100,-@@100,2.81@@2.81,-@@100,-@@100,-@@100,-@@100
<a href='https://hf.co/CYFRAGOVPL/PLLuM-12B-base-250801'>CYFRAGOVPL/PLLuM-12B-base-250801</a>,ğŸ§ ,-@@100,N/A,12247782400.0,131072.0,131072.0,âœ“,âœ—,-@@100,-@@100,-@@100,-@@100,3.28@@3.28,-@@100,-@@100,-@@100,-@@100
<a href='https://hf.co/CYFRAGOVPL/Llama-PLLuM-8B-instruct'>CYFRAGOVPL/Llama-PLLuM-8B-instruct</a>,ğŸ“,-@@100,?,8030277632.0,128258.0,131072.0,âœ“,âœ—,-@@100,-@@100,-@@100,-@@100,2.44@@2.44,-@@100,-@@100,-@@100,-@@100
<a href='https://hf.co/CYFRAGOVPL/Llama-PLLuM-8B-chat'>CYFRAGOVPL/Llama-PLLuM-8B-chat</a>,ğŸ“,-@@100,?,8030277632.0,128258.0,131072.0,âœ“,âœ—,-@@100,-@@100,-@@100,-@@100,2.52@@2.52,-@@100,-@@100,-@@100,-@@100
<a href='https://hf.co/CYFRAGOVPL/Llama-PLLuM-8B-base'>CYFRAGOVPL/Llama-PLLuM-8B-base</a>,ğŸ§ ,-@@100,N/A,8030261248.0,128256.0,131072.0,âœ“,âœ—,-@@100,-@@100,-@@100,-@@100,2.78@@2.78,-@@100,-@@100,-@@100,-@@100
<a href='https://hf.co/CYFRAGOVPL/Llama-PLLuM-8B-base-250801'>CYFRAGOVPL/Llama-PLLuM-8B-base-250801</a>,ğŸ§ ,-@@100,N/A,8030261248.0,128256.0,131072.0,âœ“,âœ—,-@@100,-@@100,-@@100,-@@100,3.06@@3.06,-@@100,-@@100,-@@100,-@@100
<a href='https://hf.co/CYFRAGOVPL/Llama-PLLuM-70B-instruct-250801'>CYFRAGOVPL/Llama-PLLuM-70B-instruct-250801</a>,ğŸ“,-@@100,?,70553788416.0,128261.0,131072.0,âœ“,âœ—,-@@100,-@@100,-@@100,-@@100,1.78@@1.78,-@@100,-@@100,-@@100,-@@100
<a href='https://hf.co/facebook/MobileLLM-R1-950M-base'>facebook/MobileLLM-R1-950M-base</a>,ğŸ§ ,-@@100,N/A,949685760.0,128256.0,4096.0,âœ—,âœ—,-@@100,-@@100,-@@100,3.48@@3.48,4.01@@4.01,-@@100,-@@100,-@@100,-@@100
"<a href='https://docs.anthropic.com/en/docs/about-claude'>claude-3-7-sonnet-20250219#no-thinking (zero-shot, val)</a>",ğŸ“,-@@100,?,?,?,200000.0,âœ“,âœ—,-@@100,-@@100,-@@100,-@@100,1.83@@1.83,-@@100,-@@100,-@@100,-@@100
"<a href='https://docs.anthropic.com/en/docs/about-claude'>claude-3-5-haiku-20241022 (zero-shot, val)</a>",ğŸ“,-@@100,?,?,?,200000.0,âœ“,âœ—,-@@100,-@@100,-@@100,2.13@@2.13,2.29@@2.29,-@@100,-@@100,-@@100,-@@100
<a href='https://hf.co/arcee-ai/Trinity-Nano-Base'>arcee-ai/Trinity-Nano-Base</a>,ğŸ“,-@@100,?,6120003328.0,200192.0,131072.0,âœ“,âœ—,3.08@@3.08,4.03@@4.03,3.90@@3.90,3.41@@3.41,-@@100,-@@100,-@@100,-@@100,-@@100
<a href='https://hf.co/arcee-ai/Trinity-Mini-Base'>arcee-ai/Trinity-Mini-Base</a>,ğŸ“,-@@100,?,26123974400.0,200192.0,131072.0,âœ“,âœ—,-@@100,-@@100,-@@100,-@@100,-@@100,-@@100,-@@100,-@@100,-@@100
<a href='https://hf.co/answerdotai/ModernBERT-large'>answerdotai/ModernBERT-large</a>,ğŸ”,-@@100,N/A,395881664.0,50368.0,8192.0,âœ“,âœ—,-@@100,-@@100,-@@100,-@@100,-@@100,-@@100,-@@100,-@@100,-@@100
<a href='https://hf.co/answerdotai/ModernBERT-base'>answerdotai/ModernBERT-base</a>,ğŸ”,-@@100,N/A,149655232.0,50368.0,8192.0,âœ“,âœ—,-@@100,-@@100,-@@100,-@@100,-@@100,-@@100,-@@100,-@@100,-@@100
<a href='https://hf.co/allenai/Olmo-3.1-32B-Think'>allenai/Olmo-3.1-32B-Think</a>,ğŸ¤”,-@@100,?,32233522176.0,100278.0,65536.0,âœ—,âœ—,1.78@@1.78,2.63@@2.63,2.34@@2.34,2.21@@2.21,-@@100,-@@100,-@@100,-@@100,-@@100
<a href='https://hf.co/facebook/MobileLLM-R1-360M-base'>facebook/MobileLLM-R1-360M-base</a>,ğŸ§ ,-@@100,N/A,359431168.0,128256.0,4096.0,âœ—,âœ—,-@@100,-@@100,-@@100,4.03@@4.03,4.28@@4.28,-@@100,-@@100,-@@100,-@@100
<a href='https://hf.co/facebook/MobileLLM-R1-140M'>facebook/MobileLLM-R1-140M</a>,ğŸ¤”,-@@100,?,140248512.0,128256.0,32768.0,âœ—,âœ—,-@@100,-@@100,-@@100,4.76@@4.76,5.31@@5.31,-@@100,-@@100,-@@100,-@@100
<a href='https://hf.co/facebook/MobileLLM-R1-140M-base'>facebook/MobileLLM-R1-140M-base</a>,ğŸ§ ,-@@100,N/A,140248512.0,128256.0,4096.0,âœ—,âœ—,-@@100,-@@100,-@@100,4.14@@4.14,4.44@@4.44,-@@100,-@@100,-@@100,-@@100
<a href='https://hf.co/zai-org/GLM-4.5-Air'>zai-org/GLM-4.5-Air#no-thinking</a>,ğŸ“,-@@100,?,110468824832.0,151552.0,131072.0,âœ“,âœ—,-@@100,-@@100,-@@100,-@@100,2.12@@2.12,-@@100,-@@100,-@@100,-@@100
<a href='https://hf.co/Qwen/Qwen3-1.7B'>Qwen/Qwen3-1.7B</a>,ğŸ¤”,-@@100,?,2031739904.0,151936.0,40960.0,âœ“,âœ—,-@@100,-@@100,-@@100,-@@100,2.68@@2.68,-@@100,-@@100,-@@100,-@@100
<a href='https://hf.co/Qwen/Qwen3-4B'>Qwen/Qwen3-4B</a>,ğŸ¤”,-@@100,?,4022468096.0,151936.0,40960.0,âœ“,âœ—,-@@100,-@@100,-@@100,-@@100,2.20@@2.20,-@@100,-@@100,-@@100,-@@100
<a href='https://hf.co/Qwen/Qwen3-4B-Thinking-2507'>Qwen/Qwen3-4B-Thinking-2507</a>,ğŸ¤”,-@@100,?,4022468096.0,151936.0,262144.0,âœ“,âœ—,-@@100,2.56@@2.56,-@@100,1.89@@1.89,-@@100,-@@100,-@@100,-@@100,-@@100
<a href='https://hf.co/Qwen/Qwen3-4B-Instruct-2507'>Qwen/Qwen3-4B-Instruct-2507</a>,ğŸ“,-@@100,?,4022468096.0,151936.0,262144.0,âœ“,âœ—,-@@100,-@@100,-@@100,2.07@@2.07,2.44@@2.44,-@@100,-@@100,-@@100,-@@100
<a href='https://hf.co/Qwen/Qwen3-30B-A3B'>Qwen/Qwen3-30B-A3B</a>,ğŸ¤”,-@@100,?,30532122624.0,151936.0,40960.0,âœ“,âœ—,-@@100,-@@100,-@@100,-@@100,1.83@@1.83,-@@100,-@@100,-@@100,-@@100
<a href='https://hf.co/Qwen/Qwen3-30B-A3B'>Qwen/Qwen3-30B-A3B#no-thinking</a>,ğŸ“,-@@100,?,30532122624.0,151936.0,40960.0,âœ“,âœ—,-@@100,-@@100,-@@100,1.73@@1.73,2.07@@2.07,-@@100,-@@100,-@@100,-@@100
<a href='https://hf.co/Qwen/Qwen3-235B-A22B-Thinking-2507-FP8'>Qwen/Qwen3-235B-A22B-Thinking-2507-FP8</a>,ğŸ¤”,-@@100,?,235107904512.0,151936.0,262144.0,âœ“,âœ—,-@@100,-@@100,-@@100,1.46@@1.46,1.55@@1.55,-@@100,1.42@@1.42,-@@100,-@@100
<a href='https://hf.co/Qwen/Qwen3-235B-A22B-Instruct-2507-FP8'>Qwen/Qwen3-235B-A22B-Instruct-2507-FP8</a>,ğŸ“,-@@100,?,235107904512.0,151936.0,262144.0,âœ“,âœ—,-@@100,-@@100,-@@100,-@@100,1.70@@1.70,-@@100,-@@100,-@@100,-@@100
<a href='https://hf.co/Qwen/Qwen3-14B'>Qwen/Qwen3-14B</a>,ğŸ¤”,-@@100,?,14768307200.0,151936.0,40960.0,âœ“,âœ—,-@@100,-@@100,-@@100,-@@100,1.81@@1.81,-@@100,-@@100,-@@100,-@@100
<a href='https://hf.co/Qwen/Qwen3-8B'>Qwen/Qwen3-8B</a>,ğŸ¤”,-@@100,?,8190735360.0,151936.0,40960.0,âœ“,âœ—,-@@100,-@@100,-@@100,-@@100,1.97@@1.97,-@@100,-@@100,-@@100,-@@100
<a href='https://hf.co/Qwen/Qwen3-Next-80B-A3B-Thinking'>Qwen/Qwen3-Next-80B-A3B-Thinking</a>,ğŸ¤”,-@@100,?,81324862720.0,151936.0,262144.0,âœ“,âœ—,-@@100,-@@100,-@@100,-@@100,1.84@@1.84,-@@100,-@@100,-@@100,-@@100
<a href='https://hf.co/allenai/Olmo-3-7B-Think'>allenai/Olmo-3-7B-Think</a>,ğŸ¤”,-@@100,?,7298011136.0,100278.0,65536.0,âœ—,âœ—,2.12@@2.12,3.13@@3.13,2.86@@2.86,2.62@@2.62,-@@100,-@@100,-@@100,-@@100,-@@100
<a href='https://hf.co/TildeAI/TildeOpen-30b'>TildeAI/TildeOpen-30b#slow-tokenizer</a>,ğŸ§ ,-@@100,N/A,30677882880.0,131072.0,65536.0,âœ“,âœ—,-@@100,-@@100,-@@100,2.23@@2.23,2.71@@2.71,-@@100,-@@100,-@@100,-@@100
<a href='https://hf.co/Shekswess/trlm-135m'>Shekswess/trlm-135m</a>,ğŸ“,-@@100,?,134516160.0,49154.0,8192.0,âœ“,âœ—,-@@100,-@@100,-@@100,4.02@@4.02,4.41@@4.41,-@@100,-@@100,-@@100,-@@100
<a href='https://hf.co/Qwen/Qwen3-Next-80B-A3B-Instruct'>Qwen/Qwen3-Next-80B-A3B-Instruct</a>,ğŸ“,-@@100,?,81324862720.0,151936.0,262144.0,âœ“,âœ—,-@@100,-@@100,-@@100,-@@100,1.88@@1.88,-@@100,-@@100,-@@100,-@@100
<a href='https://hf.co/zai-org/GLM-4.5-Air'>zai-org/GLM-4.5-Air#thinking</a>,ğŸ¤”,-@@100,?,110468824832.0,151552.0,131072.0,âœ“,âœ—,-@@100,-@@100,-@@100,-@@100,2.10@@2.10,-@@100,-@@100,-@@100,-@@100
