<span style='font-size: 12px; font-weight: normal; opacity: 0.6;'>Task Type</span>,<span style='visibility: hidden;'>dummy</span>,,,,,,,,,,,,,,,
Model,Type,Rank,Parameters,Vocabulary,Context,Commercial,Merge,Bosnian,Bulgarian,Croatian,Czech,Polish,Serbian,Slovak,Slovene,Ukrainian
"<a href='https://ai.google.dev/gemini-api/docs/models#gemini-3-pro-preview'>gemini/gemini-3-pro-preview (zero-shot, val)</a>",ğŸ¤”,1.37@@1.37,?,256128.0,1048576.0,âœ“,âœ—,1.36@@1.36,1.22@@1.22,1.39@@1.39,1.52@@1.52,1.56@@1.56,1.22@@1.22,1.40@@1.40,1.34@@1.34,1.28@@1.28
"<a href='https://ai.google.dev/gemini-api/docs/models#gemini-2.5-flash'>gemini/gemini-2.5-flash#thinking (zero-shot, val)</a>",ğŸ¤”,1.43@@1.43,?,256128.0,1048576.0,âœ“,âœ—,1.37@@1.37,1.18@@1.18,1.59@@1.59,1.50@@1.50,1.74@@1.74,1.29@@1.29,1.58@@1.58,1.30@@1.30,1.35@@1.35
"<a href='https://ai.google.dev/gemini-api/docs/models#gemini-3-flash-preview'>gemini/gemini-3-flash-preview#thinking (zero-shot, val)</a>",ğŸ¤”,1.46@@1.46,?,256128.0,1048576.0,âœ“,âœ—,1.40@@1.40,1.22@@1.22,1.59@@1.59,1.36@@1.36,1.68@@1.68,1.24@@1.24,1.57@@1.57,1.48@@1.48,1.62@@1.62
"<a href='https://platform.openai.com/docs/models/gpt-5'>gpt-5-2025-08-07 (zero-shot, val)</a>",ğŸ¤”,1.46@@1.46,?,100256.0,272000.0,âœ“,âœ—,1.42@@1.42,1.33@@1.33,1.71@@1.71,1.57@@1.57,1.61@@1.61,1.25@@1.25,1.50@@1.50,1.41@@1.41,1.33@@1.33
"<a href='https://docs.anthropic.com/en/docs/about-claude'>claude-sonnet-4-5-20250929#thinking (zero-shot, val)</a>",ğŸ¤”,1.46@@1.46,?,?,200000.0,âœ“,âœ—,1.40@@1.40,1.30@@1.30,1.59@@1.59,1.53@@1.53,1.68@@1.68,1.30@@1.30,1.54@@1.54,1.43@@1.43,1.38@@1.38
"<a href='https://ai.google.dev/gemini-api/docs/models#gemini-3-flash-preview'>gemini/gemini-3-flash-preview#no-thinking (zero-shot, val)</a>",ğŸ“,1.47@@1.47,?,256128.0,1048576.0,âœ“,âœ—,1.51@@1.51,1.22@@1.22,1.65@@1.65,1.57@@1.57,1.57@@1.57,1.32@@1.32,1.54@@1.54,1.35@@1.35,1.53@@1.53
"<a href='https://ai.google.dev/gemini-api/docs/models#gemini-2.5-pro'>gemini/gemini-2.5-pro (zero-shot, val)</a>",ğŸ¤”,1.51@@1.51,?,256128.0,1048576.0,âœ“,âœ—,1.40@@1.40,1.31@@1.31,1.64@@1.64,1.52@@1.52,1.74@@1.74,1.38@@1.38,1.62@@1.62,1.50@@1.50,1.44@@1.44
"<a href='https://platform.openai.com/docs/models/gpt-5.2'>gpt-5.2-2025-12-11 (zero-shot, val)</a>",ğŸ¤”,1.54@@1.54,?,?,?,âœ“,âœ—,1.42@@1.42,1.26@@1.26,1.60@@1.60,1.70@@1.70,1.77@@1.77,1.36@@1.36,1.79@@1.79,1.50@@1.50,1.47@@1.47
<a href='https://hf.co/mistralai/Mistral-Small-3.2-24B-Instruct-2506'>mistralai/Mistral-Small-3.2-24B-Instruct-2506</a>,ğŸ“,1.57@@1.57,24011361280.0,131072.0,8192.0,âœ“,âœ—,1.44@@1.44,1.89@@1.89,1.69@@1.69,1.67@@1.67,1.75@@1.75,1.45@@1.45,1.40@@1.40,1.66@@1.66,1.21@@1.21
"<a href='https://ai.google.dev/gemini-api/docs/models#gemini-2.5-flash-lite'>gemini/gemini-2.5-flash-lite#thinking (zero-shot, val)</a>",ğŸ¤”,1.60@@1.60,?,256128.0,1048576.0,âœ“,âœ—,1.66@@1.66,1.27@@1.27,1.75@@1.75,1.60@@1.60,1.92@@1.92,1.51@@1.51,1.70@@1.70,1.60@@1.60,1.36@@1.36
<a href='https://hf.co/google/gemma-3-27b-pt'>google/gemma-3-27b-pt</a>,ğŸ§ ,1.62@@1.62,27432406640.0,262144.0,8192.0,âœ“,âœ—,1.51@@1.51,1.83@@1.83,1.73@@1.73,1.49@@1.49,1.65@@1.65,1.48@@1.48,1.97@@1.97,1.63@@1.63,1.27@@1.27
<a href='https://hf.co/mistralai/Mistral-Small-3.1-24B-Instruct-2503'>mistralai/Mistral-Small-3.1-24B-Instruct-2503</a>,ğŸ“,1.63@@1.63,24011361280.0,131072.0,8192.0,âœ“,âœ—,1.56@@1.56,2.00@@2.00,1.75@@1.75,1.74@@1.74,1.77@@1.77,1.50@@1.50,1.43@@1.43,1.65@@1.65,1.30@@1.30
<a href='https://hf.co/mistralai/Voxtral-Small-24B-2507'>mistralai/Voxtral-Small-24B-2507</a>,ğŸ“,1.65@@1.65,24261800960.0,131072.0,8192.0,âœ“,âœ—,1.59@@1.59,1.88@@1.88,1.80@@1.80,1.71@@1.71,1.75@@1.75,1.66@@1.66,1.40@@1.40,1.71@@1.71,1.31@@1.31
<a href='https://hf.co/meta-llama/Llama-3.1-70B'>meta-llama/Llama-3.1-70B</a>,ğŸ§ ,1.65@@1.65,70553706496.0,128256.0,131072.0,âœ“,âœ—,1.52@@1.52,1.99@@1.99,1.66@@1.66,1.60@@1.60,1.56@@1.56,1.51@@1.51,1.97@@1.97,1.64@@1.64,1.37@@1.37
"<a href='https://platform.openai.com/docs/models/gpt-5-mini'>gpt-5-mini-2025-08-07 (zero-shot, val)</a>",ğŸ¤”,1.67@@1.67,?,100256.0,272000.0,âœ“,âœ—,1.50@@1.50,1.41@@1.41,1.77@@1.77,1.77@@1.77,2.04@@2.04,1.47@@1.47,1.71@@1.71,1.73@@1.73,1.64@@1.64
<a href='https://hf.co/Qwen/Qwen3-32B'>Qwen/Qwen3-32B#no-thinking</a>,ğŸ“,1.68@@1.68,32762123264.0,151936.0,40960.0,âœ“,âœ—,1.63@@1.63,1.83@@1.83,1.66@@1.66,1.84@@1.84,1.79@@1.79,1.52@@1.52,1.59@@1.59,1.77@@1.77,1.48@@1.48
<a href='https://hf.co/mistralai/Mistral-Small-3.1-24B-Base-2503'>mistralai/Mistral-Small-3.1-24B-Base-2503</a>,ğŸ§ ,1.68@@1.68,24011361280.0,131072.0,8192.0,âœ“,âœ—,1.56@@1.56,2.06@@2.06,1.75@@1.75,1.56@@1.56,1.59@@1.59,1.57@@1.57,1.91@@1.91,1.75@@1.75,1.37@@1.37
<a href='https://hf.co/google/gemma-3-27b-it'>google/gemma-3-27b-it</a>,ğŸ“,1.68@@1.68,27432406640.0,262144.0,8192.0,âœ“,âœ—,1.62@@1.62,1.85@@1.85,1.65@@1.65,1.79@@1.79,1.99@@1.99,1.49@@1.49,1.56@@1.56,1.72@@1.72,1.48@@1.48
"<a href='https://platform.openai.com/docs/models/gpt-5-nano'>gpt-5-nano-2025-08-07 (zero-shot, val)</a>",ğŸ¤”,1.70@@1.70,?,100256.0,272000.0,âœ“,âœ—,1.45@@1.45,1.38@@1.38,1.85@@1.85,1.98@@1.98,1.88@@1.88,1.64@@1.64,1.88@@1.88,1.73@@1.73,1.48@@1.48
"<a href='https://ai.google.dev/gemini-api/docs/models#gemini-2.5-flash'>gemini/gemini-2.5-flash#no-thinking (zero-shot, val)</a>",ğŸ“,1.72@@1.72,?,256128.0,1048576.0,âœ“,âœ—,1.47@@1.47,1.49@@1.49,1.84@@1.84,1.68@@1.68,2.70@@2.70,1.49@@1.49,1.80@@1.80,1.60@@1.60,1.41@@1.41
"<a href='https://docs.anthropic.com/en/docs/about-claude'>claude-sonnet-4-5-20250929#no-thinking (zero-shot, val)</a>",ğŸ“,1.73@@1.73,?,?,200000.0,âœ“,âœ—,1.47@@1.47,1.53@@1.53,2.03@@2.03,1.98@@1.98,1.76@@1.76,1.50@@1.50,1.72@@1.72,1.77@@1.77,1.81@@1.81
"<a href='https://platform.openai.com/docs/models/gpt-4.1'>gpt-4.1-2025-04-14 (zero-shot, val)</a>",ğŸ“,1.74@@1.74,?,?,1047576.0,âœ“,âœ—,1.54@@1.54,1.30@@1.30,1.66@@1.66,1.76@@1.76,2.03@@2.03,1.67@@1.67,2.01@@2.01,1.94@@1.94,1.76@@1.76
<a href='https://hf.co/Qwen/Qwen3-14B'>Qwen/Qwen3-14B#no-thinking</a>,ğŸ“,1.76@@1.76,14768307200.0,151936.0,40960.0,âœ“,âœ—,1.59@@1.59,1.95@@1.95,1.80@@1.80,1.87@@1.87,1.89@@1.89,1.69@@1.69,1.60@@1.60,1.85@@1.85,1.55@@1.55
<a href='https://hf.co/google/gemma-3-12b-it'>google/gemma-3-12b-it</a>,ğŸ“,1.81@@1.81,12187325040.0,262144.0,8192.0,âœ“,âœ—,1.62@@1.62,1.88@@1.88,1.81@@1.81,1.75@@1.75,2.01@@2.01,1.57@@1.57,1.58@@1.58,2.54@@2.54,1.52@@1.52
<a href='https://hf.co/deepcogito/cogito-v1-preview-qwen-32B'>deepcogito/cogito-v1-preview-qwen-32B</a>,ğŸ“,1.83@@1.83,32759790592.0,151665.0,131072.0,âœ“,âœ—,2.17@@2.17,2.31@@2.31,2.20@@2.20,1.78@@1.78,1.71@@1.71,1.47@@1.47,1.45@@1.45,2.10@@2.10,1.26@@1.26
"<a href='https://platform.openai.com/docs/models/gpt-4.1-mini'>gpt-4.1-mini-2025-04-14 (zero-shot, val)</a>",ğŸ“,1.86@@1.86,?,?,1047576.0,âœ“,âœ—,1.41@@1.41,1.62@@1.62,1.84@@1.84,1.82@@1.82,2.15@@2.15,1.75@@1.75,2.44@@2.44,2.03@@2.03,1.70@@1.70
"<a href='https://docs.anthropic.com/en/docs/about-claude'>claude-haiku-4-5-20251001 (zero-shot, val)</a>",ğŸ¤”,1.87@@1.87,?,?,200000.0,âœ“,âœ—,1.59@@1.59,1.63@@1.63,1.72@@1.72,2.22@@2.22,2.16@@2.16,1.70@@1.70,1.97@@1.97,2.13@@2.13,1.74@@1.74
<a href='https://hf.co/google/gemma-3-12b-pt'>google/gemma-3-12b-pt</a>,ğŸ§ ,1.88@@1.88,12187325040.0,262144.0,8192.0,âœ“,âœ—,1.70@@1.70,1.90@@1.90,1.91@@1.91,1.58@@1.58,1.91@@1.91,1.79@@1.79,2.03@@2.03,2.47@@2.47,1.59@@1.59
"<a href='https://ai.google.dev/gemini-api/docs/models#gemini-2.5-flash-lite'>gemini/gemini-2.5-flash-lite#no-thinking (zero-shot, val)</a>",ğŸ“,1.90@@1.90,?,256128.0,1048576.0,âœ“,âœ—,1.48@@1.48,1.67@@1.67,1.94@@1.94,1.90@@1.90,2.26@@2.26,1.94@@1.94,2.09@@2.09,2.13@@2.13,1.73@@1.73
<a href='https://hf.co/openai/gpt-oss-20b'>openai/gpt-oss-20b#medium</a>,ğŸ¤”,1.92@@1.92,21511953984.0,201088.0,131072.0,âœ“,âœ—,1.78@@1.78,2.24@@2.24,1.96@@1.96,1.93@@1.93,2.01@@2.01,1.85@@1.85,1.82@@1.82,2.02@@2.02,1.67@@1.67
<a href='https://hf.co/Qwen/Qwen2.5-72B-Instruct'>Qwen/Qwen2.5-72B-Instruct</a>,ğŸ“,1.93@@1.93,72706203648.0,152064.0,32768.0,âœ“,âœ—,2.22@@2.22,2.33@@2.33,2.16@@2.16,1.75@@1.75,1.82@@1.82,1.98@@1.98,1.56@@1.56,2.19@@2.19,1.40@@1.40
<a href='https://hf.co/Qwen/Qwen3-8B'>Qwen/Qwen3-8B#no-thinking</a>,ğŸ“,1.96@@1.96,8190735360.0,151936.0,40960.0,âœ“,âœ—,1.84@@1.84,2.14@@2.14,2.03@@2.03,2.05@@2.05,2.08@@2.08,1.86@@1.86,1.90@@1.90,2.14@@2.14,1.60@@1.60
<a href='https://hf.co/ibm-granite/granite-4.0-h-small'>ibm-granite/granite-4.0-h-small</a>,ğŸ“,1.98@@1.98,32207337984.0,100352.0,131072.0,âœ“,âœ—,1.75@@1.75,2.17@@2.17,2.02@@2.02,2.35@@2.35,2.11@@2.11,1.89@@1.89,1.74@@1.74,2.00@@2.00,1.77@@1.77
<a href='https://hf.co/meta-llama/Llama-3.3-70B-Instruct'>meta-llama/Llama-3.3-70B-Instruct</a>,ğŸ“,1.98@@1.98,70553706496.0,128256.0,131072.0,âœ“,âœ—,2.32@@2.32,2.42@@2.42,2.22@@2.22,1.83@@1.83,1.92@@1.92,1.90@@1.90,1.61@@1.61,2.20@@2.20,1.41@@1.41
<a href='https://hf.co/google/gemma-3n-E4B-it'>google/gemma-3n-E4B-it</a>,ğŸ“,2.01@@2.01,7849978192.0,262400.0,8192.0,âœ“,âœ—,1.79@@1.79,2.09@@2.09,1.99@@1.99,2.00@@2.00,2.22@@2.22,1.84@@1.84,1.81@@1.81,2.58@@2.58,1.74@@1.74
<a href='https://hf.co/openai/gpt-oss-20b'>openai/gpt-oss-20b#low</a>,ğŸ¤”,2.01@@2.01,21511953984.0,201088.0,131072.0,âœ“,âœ—,1.90@@1.90,2.31@@2.31,2.08@@2.08,1.97@@1.97,2.03@@2.03,1.93@@1.93,1.91@@1.91,2.15@@2.15,1.78@@1.78
<a href='https://hf.co/deepcogito/cogito-v2-preview-llama-70B'>deepcogito/cogito-v2-preview-llama-70B</a>,ğŸ“,2.02@@2.02,70553706496.0,128256.0,131072.0,âœ“,âœ—,2.33@@2.33,2.52@@2.52,2.20@@2.20,1.76@@1.76,1.82@@1.82,1.96@@1.96,1.88@@1.88,2.22@@2.22,1.51@@1.51
<a href='https://hf.co/deepcogito/cogito-v1-preview-llama-70B'>deepcogito/cogito-v1-preview-llama-70B</a>,ğŸ“,2.03@@2.03,70553706496.0,128256.0,131072.0,âœ“,âœ—,2.42@@2.42,2.50@@2.50,2.24@@2.24,1.84@@1.84,1.86@@1.86,2.00@@2.00,1.75@@1.75,2.28@@2.28,1.41@@1.41
<a href='https://hf.co/utter-project/EuroLLM-22B-Instruct-Preview'>utter-project/EuroLLM-22B-Instruct-Preview</a>,ğŸ“,2.03@@2.03,22637328384.0,128000.0,4096.0,âœ“,âœ—,1.85@@1.85,2.30@@2.30,2.10@@2.10,1.88@@1.88,2.29@@2.29,2.15@@2.15,1.80@@1.80,2.00@@2.00,1.90@@1.90
<a href='https://hf.co/intfloat/multilingual-e5-large'>intfloat/multilingual-e5-large</a>,ğŸ”,2.04@@2.04,559890946.0,250002.0,512.0,âœ“,âœ—,1.76@@1.76,2.13@@2.13,2.20@@2.20,1.76@@1.76,1.78@@1.78,2.23@@2.23,2.11@@2.11,2.51@@2.51,1.91@@1.91
<a href='https://hf.co/Qwen/Qwen3-30B-A3B-Instruct-2507'>Qwen/Qwen3-30B-A3B-Instruct-2507</a>,ğŸ“,2.05@@2.05,30532122624.0,151936.0,262144.0,âœ“,âœ—,2.25@@2.25,2.39@@2.39,2.26@@2.26,1.97@@1.97,2.06@@2.06,1.73@@1.73,1.76@@1.76,2.35@@2.35,1.64@@1.64
<a href='https://hf.co/deepcogito/cogito-v1-preview-qwen-14B'>deepcogito/cogito-v1-preview-qwen-14B</a>,ğŸ“,2.07@@2.07,14765947904.0,151665.0,131072.0,âœ“,âœ—,2.29@@2.29,2.51@@2.51,2.43@@2.43,1.87@@1.87,1.98@@1.98,1.81@@1.81,1.73@@1.73,2.39@@2.39,1.63@@1.63
<a href='https://hf.co/FacebookAI/xlm-roberta-large'>FacebookAI/xlm-roberta-large</a>,ğŸ”,2.08@@2.08,561192082.0,250002.0,512.0,âœ“,âœ—,2.31@@2.31,2.24@@2.24,2.06@@2.06,1.74@@1.74,1.88@@1.88,2.08@@2.08,2.21@@2.21,2.31@@2.31,1.90@@1.90
<a href='https://hf.co/swiss-ai/Apertus-70B-Instruct-2509'>swiss-ai/Apertus-70B-Instruct-2509</a>,ğŸ“,2.09@@2.09,70599864480.0,131072.0,65536.0,âœ—,âœ—,2.04@@2.04,2.28@@2.28,2.10@@2.10,2.10@@2.10,2.33@@2.33,2.07@@2.07,1.88@@1.88,2.25@@2.25,1.78@@1.78
<a href='https://hf.co/speakleash/Bielik-11B-v3-Base-20250730'>speakleash/Bielik-11B-v3-Base-20250730</a>,ğŸ§ ,2.09@@2.09,11168796672.0,32128.0,32768.0,âœ“,âœ—,1.90@@1.90,2.01@@2.01,2.25@@2.25,2.19@@2.19,2.43@@2.43,2.28@@2.28,1.68@@1.68,2.36@@2.36,1.73@@1.73
<a href='https://hf.co/Qwen/Qwen3-4B'>Qwen/Qwen3-4B#no-thinking</a>,ğŸ“,2.10@@2.10,4022468096.0,151936.0,40960.0,âœ“,âœ—,2.00@@2.00,2.28@@2.28,2.16@@2.16,2.25@@2.25,2.31@@2.31,1.98@@1.98,1.93@@1.93,2.20@@2.20,1.82@@1.82
<a href='https://hf.co/allenai/Olmo-3.1-32B-Instruct-SFT'>allenai/Olmo-3.1-32B-Instruct-SFT</a>,ğŸ“,2.10@@2.10,32233522176.0,100278.0,65536.0,âœ—,âœ—,1.81@@1.81,2.21@@2.21,2.09@@2.09,2.45@@2.45,2.10@@2.10,2.04@@2.04,2.05@@2.05,2.30@@2.30,1.87@@1.87
<a href='https://hf.co/speakleash/Bielik-11B-v3.0-Instruct'>speakleash/Bielik-11B-v3.0-Instruct</a>,ğŸ“,2.10@@2.10,11168796672.0,32128.0,32768.0,âœ“,âœ—,2.10@@2.10,2.26@@2.26,2.08@@2.08,2.28@@2.28,2.23@@2.23,1.85@@1.85,2.04@@2.04,2.11@@2.11,1.94@@1.94
<a href='https://hf.co/nvidia/NVIDIA-Nemotron-3-Nano-30B-A3B-BF16'>nvidia/NVIDIA-Nemotron-3-Nano-30B-A3B-BF16#no-thinking</a>,ğŸ“,2.11@@2.11,31577937344.0,131072.0,262144.0,âœ“,âœ—,1.95@@1.95,2.35@@2.35,2.23@@2.23,1.96@@1.96,2.00@@2.00,2.25@@2.25,1.98@@1.98,2.39@@2.39,1.87@@1.87
<a href='https://hf.co/jhu-clsp/mmBERT-base'>jhu-clsp/mmBERT-base</a>,ğŸ”,2.14@@2.14,307537161.0,256000.0,8192.0,âœ“,âœ—,2.31@@2.31,2.25@@2.25,2.07@@2.07,2.07@@2.07,1.92@@1.92,2.02@@2.02,2.44@@2.44,2.30@@2.30,1.89@@1.89
<a href='https://hf.co/meta-llama/Llama-3.1-8B'>meta-llama/Llama-3.1-8B</a>,ğŸ§ ,2.15@@2.15,8030261248.0,128256.0,131072.0,âœ“,âœ—,1.99@@1.99,2.18@@2.18,2.35@@2.35,1.99@@1.99,2.12@@2.12,2.19@@2.19,2.20@@2.20,2.31@@2.31,2.04@@2.04
<a href='https://hf.co/utter-project/EuroLLM-22B-Instruct-2512'>utter-project/EuroLLM-22B-Instruct-2512</a>,ğŸ“,2.15@@2.15,22637328384.0,128000.0,32768.0,âœ“,âœ—,2.35@@2.35,2.43@@2.43,2.19@@2.19,1.99@@1.99,2.20@@2.20,1.98@@1.98,2.04@@2.04,2.15@@2.15,2.01@@2.01
<a href='https://hf.co/INSAIT-Institute/MamayLM-Gemma-3-12B-IT-v1.0'>INSAIT-Institute/MamayLM-Gemma-3-12B-IT-v1.0</a>,ğŸ“,2.16@@2.16,12187325040.0,262144.0,8192.0,âœ—,âœ—,2.17@@2.17,2.36@@2.36,2.13@@2.13,2.29@@2.29,2.46@@2.46,2.00@@2.00,1.99@@1.99,2.20@@2.20,1.81@@1.81
<a href='https://hf.co/allenai/Olmo-3.1-32B-Instruct-DPO'>allenai/Olmo-3.1-32B-Instruct-DPO</a>,ğŸ“,2.19@@2.19,32233522176.0,100278.0,65536.0,âœ—,âœ—,1.96@@1.96,2.16@@2.16,2.21@@2.21,2.54@@2.54,2.26@@2.26,2.10@@2.10,2.08@@2.08,2.36@@2.36,2.04@@2.04
<a href='https://hf.co/openai/gpt-oss-20b'>openai/gpt-oss-20b#high</a>,ğŸ¤”,2.20@@2.20,21511953984.0,201088.0,131072.0,âœ“,âœ—,1.94@@1.94,2.56@@2.56,2.13@@2.13,2.18@@2.18,2.35@@2.35,2.22@@2.22,2.03@@2.03,2.36@@2.36,2.07@@2.07
<a href='https://hf.co/allenai/OLMo-2-0325-32B-Instruct'>allenai/OLMo-2-0325-32B-Instruct</a>,ğŸ“,2.21@@2.21,32234279936.0,100352.0,4096.0,âœ—,âœ—,1.97@@1.97,2.47@@2.47,2.18@@2.18,2.28@@2.28,2.45@@2.45,2.06@@2.06,2.13@@2.13,2.31@@2.31,2.08@@2.08
<a href='https://hf.co/BSC-LT/ALIA-40b'>BSC-LT/ALIA-40b</a>,ğŸ§ ,2.22@@2.22,40433885184.0,256000.0,32768.0,âœ“,âœ—,2.32@@2.32,2.16@@2.16,2.48@@2.48,1.80@@1.80,2.54@@2.54,2.57@@2.57,1.96@@1.96,2.27@@2.27,1.91@@1.91
<a href='https://hf.co/utter-project/EuroLLM-22B-2512'>utter-project/EuroLLM-22B-2512</a>,ğŸ§ ,2.22@@2.22,22637328384.0,128000.0,32768.0,âœ“,âœ—,2.35@@2.35,2.18@@2.18,2.56@@2.56,1.77@@1.77,2.68@@2.68,2.48@@2.48,1.85@@1.85,2.42@@2.42,1.74@@1.74
<a href='https://hf.co/allenai/Olmo-3.1-32B-Instruct'>allenai/Olmo-3.1-32B-Instruct</a>,ğŸ“,2.23@@2.23,32233522176.0,100278.0,65536.0,âœ—,âœ—,1.98@@1.98,2.21@@2.21,2.23@@2.23,2.52@@2.52,2.36@@2.36,2.16@@2.16,2.15@@2.15,2.36@@2.36,2.14@@2.14
<a href='https://hf.co/allenai/Llama-3.1-Tulu-3-8B-SFT'>allenai/Llama-3.1-Tulu-3-8B-SFT</a>,ğŸ“,2.25@@2.25,8030326784.0,128264.0,131072.0,âœ“,âœ—,2.04@@2.04,2.50@@2.50,2.38@@2.38,2.22@@2.22,2.55@@2.55,2.22@@2.22,2.04@@2.04,2.32@@2.32,2.01@@2.01
<a href='https://hf.co/deepcogito/cogito-v1-preview-llama-8B'>deepcogito/cogito-v1-preview-llama-8B</a>,ğŸ“,2.26@@2.26,8030261248.0,128256.0,131072.0,âœ“,âœ—,2.41@@2.41,2.76@@2.76,2.36@@2.36,2.09@@2.09,2.27@@2.27,2.00@@2.00,2.03@@2.03,2.43@@2.43,1.96@@1.96
<a href='https://hf.co/lapa-llm/lapa-v0.1.2-instruct'>lapa-llm/lapa-v0.1.2-instruct</a>,ğŸ“,2.27@@2.27,12187325040.0,262144.0,8192.0,âœ—,âœ—,2.28@@2.28,2.52@@2.52,2.25@@2.25,2.38@@2.38,2.41@@2.41,2.13@@2.13,2.08@@2.08,2.37@@2.37,2.04@@2.04
"<a href='https://platform.openai.com/docs/models/gpt-4.1-nano'>gpt-4.1-nano-2025-04-14 (zero-shot, val)</a>",ğŸ“,2.29@@2.29,?,?,1047576.0,âœ“,âœ—,1.82@@1.82,1.99@@1.99,2.21@@2.21,2.17@@2.17,2.69@@2.69,2.23@@2.23,2.88@@2.88,2.51@@2.51,2.07@@2.07
<a href='https://hf.co/utter-project/EuroLLM-22B-Preview'>utter-project/EuroLLM-22B-Preview</a>,ğŸ§ ,2.32@@2.32,?,128000.0,4096.0,âœ“,âœ—,2.59@@2.59,2.16@@2.16,2.69@@2.69,1.96@@1.96,2.12@@2.12,2.53@@2.53,2.19@@2.19,2.80@@2.80,1.81@@1.81
<a href='https://hf.co/ibm-granite/granite-4.0-micro'>ibm-granite/granite-4.0-micro</a>,ğŸ“,2.32@@2.32,3402836480.0,100352.0,131072.0,âœ“,âœ—,2.08@@2.08,2.54@@2.54,2.41@@2.41,2.55@@2.55,2.36@@2.36,2.24@@2.24,2.12@@2.12,2.50@@2.50,2.06@@2.06
<a href='https://hf.co/speakleash/Bielik-11B-v2.6-Instruct'>speakleash/Bielik-11B-v2.6-Instruct</a>,ğŸ“,2.33@@2.33,11168796672.0,32128.0,32768.0,âœ“,âœ—,2.29@@2.29,2.81@@2.81,2.28@@2.28,2.52@@2.52,2.18@@2.18,2.21@@2.21,2.33@@2.33,2.36@@2.36,2.00@@2.00
<a href='https://hf.co/ibm-granite/granite-4.0-h-micro'>ibm-granite/granite-4.0-h-micro</a>,ğŸ“,2.35@@2.35,3191396096.0,100352.0,131072.0,âœ“,âœ—,1.92@@1.92,2.53@@2.53,2.33@@2.33,2.52@@2.52,2.64@@2.64,2.31@@2.31,2.18@@2.18,2.51@@2.51,2.21@@2.21
<a href='https://hf.co/upstage/SOLAR-10.7B-v1.0'>upstage/SOLAR-10.7B-v1.0</a>,ğŸ§ ,2.36@@2.36,10731524096.0,32000.0,4096.0,âœ“,âœ—,2.03@@2.03,2.43@@2.43,2.38@@2.38,2.60@@2.60,2.17@@2.17,2.28@@2.28,2.58@@2.58,2.52@@2.52,2.22@@2.22
<a href='https://hf.co/baidu/ERNIE-4.5-21B-A3B-PT'>baidu/ERNIE-4.5-21B-A3B-PT</a>,ğŸ“,2.38@@2.38,21948655808.0,103424.0,131072.0,âœ“,âœ—,2.00@@2.00,2.52@@2.52,2.34@@2.34,2.50@@2.50,2.62@@2.62,2.37@@2.37,2.17@@2.17,2.61@@2.61,2.30@@2.30
<a href='https://hf.co/google/rembert'>google/rembert</a>,ğŸ”,2.39@@2.39,574602505.0,250300.0,512.0,âœ“,âœ—,2.57@@2.57,2.55@@2.55,2.51@@2.51,2.04@@2.04,2.06@@2.06,2.63@@2.63,2.77@@2.77,2.55@@2.55,1.85@@1.85
<a href='https://hf.co/intfloat/multilingual-e5-base'>intfloat/multilingual-e5-base</a>,ğŸ”,2.39@@2.39,278044162.0,250002.0,512.0,âœ“,âœ—,2.02@@2.02,2.45@@2.45,2.44@@2.44,2.12@@2.12,2.30@@2.30,2.54@@2.54,2.61@@2.61,2.80@@2.80,2.25@@2.25
<a href='https://hf.co/allenai/Olmo-3-1125-32B'>allenai/Olmo-3-1125-32B</a>,ğŸ§ ,2.40@@2.40,32233522176.0,100278.0,65536.0,âœ“,âœ—,2.23@@2.23,2.23@@2.23,2.55@@2.55,2.83@@2.83,2.59@@2.59,2.36@@2.36,2.33@@2.33,2.52@@2.52,1.93@@1.93
<a href='https://hf.co/google/gemma-3-4b-it'>google/gemma-3-4b-it</a>,ğŸ“,2.40@@2.40,4300079472.0,262144.0,8192.0,âœ“,âœ—,2.47@@2.47,2.33@@2.33,2.50@@2.50,2.30@@2.30,2.47@@2.47,2.30@@2.30,2.18@@2.18,2.89@@2.89,2.18@@2.18
<a href='https://hf.co/google/gemma-3-4b-pt'>google/gemma-3-4b-pt</a>,ğŸ§ ,2.41@@2.41,4300079472.0,262144.0,8192.0,âœ“,âœ—,2.09@@2.09,2.55@@2.55,2.51@@2.51,2.06@@2.06,2.43@@2.43,2.40@@2.40,2.34@@2.34,3.16@@3.16,2.14@@2.14
<a href='https://hf.co/meta-llama/Llama-3.1-8B-Instruct'>meta-llama/Llama-3.1-8B-Instruct</a>,ğŸ“,2.41@@2.41,8030261248.0,128256.0,131072.0,âœ“,âœ—,2.38@@2.38,2.91@@2.91,2.59@@2.59,2.10@@2.10,2.31@@2.31,2.60@@2.60,2.17@@2.17,2.49@@2.49,2.11@@2.11
<a href='https://hf.co/utter-project/EuroLLM-9B'>utter-project/EuroLLM-9B</a>,ğŸ§ ,2.47@@2.47,9152319488.0,128000.0,4096.0,âœ“,âœ—,2.43@@2.43,2.36@@2.36,2.85@@2.85,2.17@@2.17,2.48@@2.48,2.68@@2.68,2.41@@2.41,2.77@@2.77,2.09@@2.09
<a href='https://hf.co/utter-project/EuroLLM-9B-Instruct'>utter-project/EuroLLM-9B-Instruct</a>,ğŸ“,2.48@@2.48,9152319488.0,128000.0,4096.0,âœ—,âœ—,2.57@@2.57,2.86@@2.86,2.69@@2.69,1.96@@1.96,2.40@@2.40,2.71@@2.71,2.02@@2.02,2.71@@2.71,2.38@@2.38
<a href='https://hf.co/occiglot/occiglot-7b-eu5-instruct'>occiglot/occiglot-7b-eu5-instruct</a>,ğŸ“,2.48@@2.48,7241748480.0,32002.0,32768.0,âœ—,âœ—,2.12@@2.12,2.85@@2.85,2.42@@2.42,2.48@@2.48,2.63@@2.63,2.45@@2.45,2.33@@2.33,2.61@@2.61,2.44@@2.44
<a href='https://hf.co/jhu-clsp/mmBERT-small'>jhu-clsp/mmBERT-small</a>,ğŸ”,2.49@@2.49,140645001.0,256000.0,8192.0,âœ“,âœ—,2.52@@2.52,2.46@@2.46,2.33@@2.33,2.41@@2.41,2.40@@2.40,2.48@@2.48,2.71@@2.71,2.86@@2.86,2.20@@2.20
<a href='https://hf.co/allenai/Olmo-3-1025-7B'>allenai/Olmo-3-1025-7B</a>,ğŸ§ ,2.52@@2.52,7298011136.0,100278.0,65536.0,âœ“,âœ—,2.11@@2.11,2.87@@2.87,2.45@@2.45,2.53@@2.53,2.52@@2.52,2.53@@2.53,2.57@@2.57,2.85@@2.85,2.27@@2.27
<a href='https://hf.co/Qwen/Qwen3-1.7B'>Qwen/Qwen3-1.7B#no-thinking</a>,ğŸ“,2.58@@2.58,2031739904.0,151936.0,40960.0,âœ“,âœ—,2.17@@2.17,2.93@@2.93,2.51@@2.51,2.62@@2.62,2.88@@2.88,2.53@@2.53,2.49@@2.49,2.73@@2.73,2.40@@2.40
<a href='https://hf.co/HuggingFaceTB/SmolLM3-3B-Base'>HuggingFaceTB/SmolLM3-3B-Base</a>,ğŸ§ ,2.60@@2.60,3075098624.0,128256.0,65536.0,âœ“,âœ—,2.26@@2.26,2.99@@2.99,2.57@@2.57,2.63@@2.63,2.53@@2.53,2.51@@2.51,2.60@@2.60,2.88@@2.88,2.45@@2.45
<a href='https://hf.co/BSC-LT/salamandra-7b-instruct'>BSC-LT/salamandra-7b-instruct</a>,ğŸ“,2.60@@2.60,7768117248.0,256000.0,8192.0,âœ“,âœ—,2.73@@2.73,2.95@@2.95,2.99@@2.99,2.15@@2.15,2.63@@2.63,2.51@@2.51,2.16@@2.16,3.04@@3.04,2.24@@2.24
<a href='https://hf.co/deepcogito/cogito-v1-preview-llama-3B'>deepcogito/cogito-v1-preview-llama-3B</a>,ğŸ“,2.68@@2.68,3606752256.0,128256.0,131072.0,âœ“,âœ—,2.75@@2.75,3.21@@3.21,3.11@@3.11,2.39@@2.39,2.49@@2.49,2.34@@2.34,2.40@@2.40,3.06@@3.06,2.41@@2.41
<a href='https://hf.co/ibm-granite/granite-4.0-h-tiny'>ibm-granite/granite-4.0-h-tiny</a>,ğŸ“,2.71@@2.71,6939037248.0,100352.0,131072.0,âœ“,âœ—,2.47@@2.47,2.92@@2.92,2.83@@2.83,2.81@@2.81,2.89@@2.89,2.64@@2.64,2.41@@2.41,2.88@@2.88,2.53@@2.53
<a href='https://hf.co/allenai/Olmo-3-7B-Instruct'>allenai/Olmo-3-7B-Instruct</a>,ğŸ“,2.78@@2.78,7298011136.0,100278.0,65536.0,âœ—,âœ—,2.32@@2.32,3.04@@3.04,2.88@@2.88,2.92@@2.92,2.96@@2.96,2.73@@2.73,2.67@@2.67,2.99@@2.99,2.50@@2.50
<a href='https://hf.co/occiglot/occiglot-7b-eu5'>occiglot/occiglot-7b-eu5</a>,ğŸ§ ,2.81@@2.81,7241732096.0,32000.0,32768.0,âœ“,âœ—,2.39@@2.39,3.01@@3.01,2.79@@2.79,2.74@@2.74,2.79@@2.79,2.85@@2.85,2.74@@2.74,3.25@@3.25,2.73@@2.73
<a href='https://hf.co/allenai/Olmo-3-7B-Instruct-DPO'>allenai/Olmo-3-7B-Instruct-DPO</a>,ğŸ“,2.81@@2.81,7298011136.0,100278.0,65536.0,âœ—,âœ—,2.30@@2.30,3.13@@3.13,2.89@@2.89,2.94@@2.94,3.05@@3.05,2.75@@2.75,2.67@@2.67,2.99@@2.99,2.55@@2.55
<a href='https://hf.co/Qwen/Qwen2.5-1.5B-Instruct'>Qwen/Qwen2.5-1.5B-Instruct</a>,ğŸ“,2.85@@2.85,1543714304.0,151936.0,32768.0,âœ“,âœ—,2.82@@2.82,3.25@@3.25,3.04@@3.04,2.63@@2.63,2.83@@2.83,2.58@@2.58,2.66@@2.66,3.28@@3.28,2.57@@2.57
<a href='https://hf.co/allenai/Olmo-3-7B-Instruct-SFT'>allenai/Olmo-3-7B-Instruct-SFT</a>,ğŸ“,2.86@@2.86,7298011136.0,100278.0,65536.0,âœ—,âœ—,2.38@@2.38,3.21@@3.21,2.96@@2.96,2.98@@2.98,3.14@@3.14,2.75@@2.75,2.75@@2.75,3.12@@3.12,2.48@@2.48
<a href='https://hf.co/meta-llama/Llama-3.2-3B-Instruct'>meta-llama/Llama-3.2-3B-Instruct</a>,ğŸ“,2.95@@2.95,3212749824.0,128256.0,131072.0,âœ“,âœ—,2.98@@2.98,3.35@@3.35,3.18@@3.18,2.66@@2.66,2.73@@2.73,3.01@@3.01,2.66@@2.66,3.18@@3.18,2.80@@2.80
<a href='https://hf.co/BSC-LT/salamandra-7b'>BSC-LT/salamandra-7b</a>,ğŸ§ ,2.99@@2.99,7768117248.0,256000.0,8192.0,âœ“,âœ—,2.84@@2.84,2.60@@2.60,3.20@@3.20,2.68@@2.68,3.46@@3.46,3.28@@3.28,2.53@@2.53,3.38@@3.38,2.96@@2.96
<a href='https://hf.co/TrustLLMeu/baseline-7-8b_2-3t-tokens_llama'>TrustLLMeu/baseline-7-8b_2-3t-tokens_llama</a>,ğŸ§ ,3.02@@3.02,7799574528.0,100096.0,4096.0,âœ“,âœ—,2.94@@2.94,2.94@@2.94,3.37@@3.37,3.02@@3.02,2.97@@2.97,3.08@@3.08,2.75@@2.75,3.27@@3.27,2.83@@2.83
<a href='https://hf.co/Geotrend/distilbert-base-25lang-cased'>Geotrend/distilbert-base-25lang-cased</a>,ğŸ”,3.14@@3.14,108867577.0,84985.0,512.0,âœ“,âœ—,2.74@@2.74,3.08@@3.08,3.08@@3.08,3.19@@3.19,3.07@@3.07,3.17@@3.17,3.51@@3.51,3.41@@3.41,3.00@@3.00
<a href='https://hf.co/LiquidAI/LFM2-2.6B'>LiquidAI/LFM2-2.6B</a>,ğŸ“,3.16@@3.16,2569272320.0,65536.0,128000.0,âœ—,âœ—,2.97@@2.97,3.67@@3.67,3.27@@3.27,2.87@@2.87,3.11@@3.11,3.06@@3.06,3.07@@3.07,3.45@@3.45,2.95@@2.95
<a href='https://hf.co/EuroBERT/EuroBERT-610m'>EuroBERT/EuroBERT-610m</a>,ğŸ”,3.19@@3.19,755625600.0,128256.0,8192.0,âœ“,âœ—,3.08@@3.08,3.29@@3.29,3.28@@3.28,2.90@@2.90,2.50@@2.50,3.28@@3.28,3.69@@3.69,3.64@@3.64,3.03@@3.03
<a href='https://hf.co/Qwen/Qwen3-0.6B'>Qwen/Qwen3-0.6B#no-thinking</a>,ğŸ“,3.24@@3.24,751632384.0,151936.0,40960.0,âœ“,âœ—,2.98@@2.98,3.32@@3.32,3.28@@3.28,3.17@@3.17,3.52@@3.52,3.31@@3.31,3.13@@3.13,3.46@@3.46,3.00@@3.00
<a href='https://hf.co/google/gemma-3-1b-pt'>google/gemma-3-1b-pt</a>,ğŸ§ ,3.29@@3.29,999885952.0,262144.0,32768.0,âœ“,âœ—,3.35@@3.35,3.32@@3.32,3.76@@3.76,3.07@@3.07,3.33@@3.33,3.35@@3.35,3.05@@3.05,3.45@@3.45,2.93@@2.93
<a href='https://hf.co/EuroBERT/EuroBERT-210m'>EuroBERT/EuroBERT-210m</a>,ğŸ”,3.30@@3.30,310266624.0,128256.0,8192.0,âœ“,âœ—,3.15@@3.15,3.32@@3.32,3.25@@3.25,3.11@@3.11,3.08@@3.08,3.35@@3.35,3.70@@3.70,3.65@@3.65,3.12@@3.12
<a href='https://hf.co/AI-Sweden-Models/ModernBERT-large'>AI-Sweden-Models/ModernBERT-large</a>,ğŸ”,3.33@@3.33,395881664.0,50368.0,8192.0,âœ“,âœ—,3.13@@3.13,3.38@@3.38,3.33@@3.33,3.09@@3.09,3.44@@3.44,3.31@@3.31,3.64@@3.64,3.55@@3.55,3.13@@3.13
<a href='https://hf.co/google/gemma-3-1b-it'>google/gemma-3-1b-it</a>,ğŸ“,3.38@@3.38,999885952.0,262144.0,32768.0,âœ“,âœ—,3.28@@3.28,3.46@@3.46,3.45@@3.45,3.32@@3.32,3.49@@3.49,3.40@@3.40,3.30@@3.30,3.58@@3.58,3.11@@3.11
<a href='https://hf.co/meta-llama/Llama-3.2-1B'>meta-llama/Llama-3.2-1B</a>,ğŸ§ ,3.40@@3.40,1235814400.0,128256.0,131072.0,âœ“,âœ—,3.43@@3.43,3.55@@3.55,3.62@@3.62,3.18@@3.18,3.41@@3.41,3.48@@3.48,3.20@@3.20,3.60@@3.60,3.13@@3.13
<a href='https://hf.co/answerdotai/ModernBERT-large'>answerdotai/ModernBERT-large</a>,ğŸ”,3.40@@3.40,395881664.0,50368.0,8192.0,âœ“,âœ—,3.17@@3.17,3.38@@3.38,3.27@@3.27,3.24@@3.24,3.55@@3.55,3.31@@3.31,3.65@@3.65,3.69@@3.69,3.34@@3.34
<a href='https://hf.co/yulan-team/YuLan-Mini-Instruct'>yulan-team/YuLan-Mini-Instruct</a>,ğŸ“,3.40@@3.40,2424375168.0,99000.0,28723.0,âœ—,âœ—,3.09@@3.09,3.46@@3.46,3.41@@3.41,3.46@@3.46,3.46@@3.46,3.39@@3.39,3.37@@3.37,3.71@@3.71,3.22@@3.22
<a href='https://hf.co/answerdotai/ModernBERT-base'>answerdotai/ModernBERT-base</a>,ğŸ”,3.43@@3.43,149655232.0,50368.0,8192.0,âœ“,âœ—,3.09@@3.09,3.46@@3.46,3.32@@3.32,3.23@@3.23,3.65@@3.65,3.44@@3.44,3.75@@3.75,3.70@@3.70,3.24@@3.24
<a href='https://hf.co/EuropeanParliament/EUBERT'>EuropeanParliament/EUBERT</a>,ğŸ”,3.45@@3.45,93990500.0,65636.0,512.0,âœ“,âœ—,2.99@@2.99,3.17@@3.17,3.31@@3.31,3.25@@3.25,3.44@@3.44,3.41@@3.41,3.92@@3.92,3.77@@3.77,3.77@@3.77
<a href='https://hf.co/PleIAs/Pleias-1.2b-Preview'>PleIAs/Pleias-1.2b-Preview</a>,ğŸ§ ,3.58@@3.58,1195468800.0,65536.0,2048.0,âœ“,âœ—,3.27@@3.27,3.45@@3.45,3.59@@3.59,3.38@@3.38,3.91@@3.91,3.75@@3.75,3.61@@3.61,3.57@@3.57,3.71@@3.71
<a href='https://hf.co/lapa-llm/lapa-12b-pt'>lapa-llm/lapa-12b-pt</a>,ğŸ“,3.74@@3.74,12187325040.0,262144.0,8192.0,âœ“,âœ—,3.46@@3.46,3.97@@3.97,3.68@@3.68,3.69@@3.69,3.94@@3.94,3.69@@3.69,3.70@@3.70,3.80@@3.80,3.70@@3.70
<a href='https://hf.co/PleIAs/Pleias-3b-Preview'>PleIAs/Pleias-3b-Preview</a>,ğŸ§ ,3.75@@3.75,3211926528.0,65536.0,4096.0,âœ“,âœ—,3.69@@3.69,3.86@@3.86,3.88@@3.88,3.59@@3.59,4.02@@4.02,3.82@@3.82,3.70@@3.70,3.69@@3.69,3.46@@3.46
<a href='https://hf.co/utter-project/EuroMoE-2.6B-A0.6B-Instruct-Preview'>utter-project/EuroMoE-2.6B-A0.6B-Instruct-Preview</a>,ğŸ“,3.78@@3.78,2611528704.0,128000.0,4096.0,âœ“,âœ—,3.83@@3.83,3.59@@3.59,3.99@@3.99,3.53@@3.53,3.83@@3.83,4.01@@4.01,3.70@@3.70,3.96@@3.96,3.55@@3.55
<a href='https://hf.co/meta-llama/Llama-3.2-1B-Instruct'>meta-llama/Llama-3.2-1B-Instruct</a>,ğŸ“,3.84@@3.84,1235814400.0,128256.0,131072.0,âœ“,âœ—,3.82@@3.82,3.97@@3.97,3.80@@3.80,3.71@@3.71,4.08@@4.08,3.80@@3.80,3.65@@3.65,3.99@@3.99,3.76@@3.76
<a href='https://hf.co/baidu/ERNIE-4.5-0.3B-PT'>baidu/ERNIE-4.5-0.3B-PT</a>,ğŸ“,3.91@@3.91,?,103424.0,131072.0,âœ“,âœ—,3.76@@3.76,3.90@@3.90,3.93@@3.93,3.90@@3.90,4.24@@4.24,3.82@@3.82,3.77@@3.77,4.02@@4.02,3.81@@3.81
<a href='https://hf.co/LiquidAI/LFM2.5-1.2B-Instruct'>LiquidAI/LFM2.5-1.2B-Instruct</a>,ğŸ“,3.95@@3.95,1170340608.0,65536.0,128000.0,âœ—,âœ—,3.98@@3.98,4.09@@4.09,4.16@@4.16,3.80@@3.80,3.64@@3.64,3.93@@3.93,3.96@@3.96,4.21@@4.21,3.82@@3.82
<a href='https://hf.co/LiquidAI/LFM2.5-1.2B-Base'>LiquidAI/LFM2.5-1.2B-Base</a>,ğŸ“,3.95@@3.95,1170340608.0,65536.0,128000.0,âœ—,âœ—,3.80@@3.80,4.31@@4.31,3.98@@3.98,3.95@@3.95,3.59@@3.59,3.92@@3.92,3.82@@3.82,4.09@@4.09,4.12@@4.12
<a href='https://hf.co/google/gemma-3-270m'>google/gemma-3-270m</a>,ğŸ§ ,3.96@@3.96,268098176.0,262144.0,32768.0,âœ“,âœ—,4.07@@4.07,4.12@@4.12,4.02@@4.02,3.91@@3.91,4.11@@4.11,3.93@@3.93,3.84@@3.84,4.08@@4.08,3.55@@3.55
<a href='https://hf.co/PleIAs/Pleias-350m-Preview'>PleIAs/Pleias-350m-Preview</a>,ğŸ§ ,4.00@@4.00,353424384.0,65536.0,2048.0,âœ“,âœ—,3.90@@3.90,3.87@@3.87,4.04@@4.04,4.01@@4.01,4.30@@4.30,3.91@@3.91,4.01@@4.01,4.04@@4.04,3.95@@3.95
<a href='https://hf.co/google/gemma-3-270m-it'>google/gemma-3-270m-it</a>,ğŸ“,4.06@@4.06,268098176.0,262144.0,32768.0,âœ“,âœ—,4.02@@4.02,3.91@@3.91,4.00@@4.00,4.09@@4.09,4.33@@4.33,4.05@@4.05,4.09@@4.09,4.23@@4.23,3.79@@3.79
fresh-xlm-roberta-base,ğŸ”,4.08@@4.08,278885778.0,250002.0,512.0,âœ“,âœ—,4.04@@4.04,3.68@@3.68,3.96@@3.96,4.13@@4.13,4.27@@4.27,3.84@@3.84,4.35@@4.35,4.45@@4.45,4.03@@4.03
<a href='https://hf.co/LiquidAI/LFM2-1.2B'>LiquidAI/LFM2-1.2B</a>,ğŸ“,4.08@@4.08,1170340608.0,65536.0,128000.0,âœ—,âœ—,3.93@@3.93,4.32@@4.32,3.98@@3.98,4.07@@4.07,4.22@@4.22,3.99@@3.99,4.14@@4.14,4.16@@4.16,3.91@@3.91
<a href='https://hf.co/LiquidAI/LFM2-700M'>LiquidAI/LFM2-700M</a>,ğŸ“,4.09@@4.09,742489344.0,65536.0,128000.0,âœ—,âœ—,3.93@@3.93,4.26@@4.26,4.00@@4.00,4.05@@4.05,4.31@@4.31,4.01@@4.01,4.17@@4.17,4.17@@4.17,3.87@@3.87
<a href='https://hf.co/HuggingFaceTB/SmolLM2-360M-Instruct'>HuggingFaceTB/SmolLM2-360M-Instruct</a>,ğŸ“,4.10@@4.10,361821120.0,49152.0,8192.0,âœ“,âœ—,3.97@@3.97,4.19@@4.19,3.96@@3.96,4.18@@4.18,4.42@@4.42,3.96@@3.96,4.03@@4.03,4.13@@4.13,4.08@@4.08
<a href='https://hf.co/HuggingFaceTB/SmolLM2-360M'>HuggingFaceTB/SmolLM2-360M</a>,ğŸ§ ,4.13@@4.13,361821120.0,49152.0,8192.0,âœ“,âœ—,4.14@@4.14,4.12@@4.12,4.28@@4.28,4.13@@4.13,4.31@@4.31,3.95@@3.95,4.11@@4.11,4.20@@4.20,3.97@@3.97
<a href='https://hf.co/LiquidAI/LFM2-350M'>LiquidAI/LFM2-350M</a>,ğŸ“,4.15@@4.15,354483968.0,65536.0,128000.0,âœ—,âœ—,4.19@@4.19,4.24@@4.24,4.07@@4.07,4.12@@4.12,4.45@@4.45,4.01@@4.01,4.02@@4.02,4.21@@4.21,4.04@@4.04
<a href='https://hf.co/HuggingFaceTB/SmolLM2-135M'>HuggingFaceTB/SmolLM2-135M</a>,ğŸ§ ,4.22@@4.22,134515008.0,49152.0,8192.0,âœ“,âœ—,4.21@@4.21,4.32@@4.32,4.17@@4.17,4.23@@4.23,4.53@@4.53,4.11@@4.11,4.13@@4.13,4.26@@4.26,4.01@@4.01
<a href='https://hf.co/HuggingFaceTB/SmolLM2-135M-Instruct'>HuggingFaceTB/SmolLM2-135M-Instruct</a>,ğŸ“,4.26@@4.26,134515008.0,49152.0,8192.0,âœ“,âœ—,4.08@@4.08,4.34@@4.34,4.26@@4.26,4.28@@4.28,4.56@@4.56,4.16@@4.16,4.22@@4.22,4.27@@4.27,4.14@@4.14
fresh-electra-small,ğŸ”,4.31@@4.31,13738755.0,32000.0,128.0,âœ“,âœ—,4.20@@4.20,4.43@@4.43,3.90@@3.90,4.32@@4.32,4.75@@4.75,4.07@@4.07,4.42@@4.42,4.45@@4.45,4.25@@4.25
<a href='https://hf.co/PleIAs/Baguettotron'>PleIAs/Baguettotron@refs/pr/6#no-thinking</a>,ğŸ“,4.48@@4.48,320956992.0,65536.0,4096.0,âœ“,âœ—,4.56@@4.56,4.53@@4.53,4.65@@4.65,4.44@@4.44,4.55@@4.55,4.43@@4.43,4.48@@4.48,4.41@@4.41,4.27@@4.27
<a href='https://hf.co/PleIAs/Monad'>PleIAs/Monad</a>,ğŸ§ ,4.50@@4.50,56656128.0,8192.0,2048.0,âœ“,âœ—,4.61@@4.61,4.60@@4.60,4.58@@4.58,4.43@@4.43,4.73@@4.73,4.36@@4.36,4.45@@4.45,4.48@@4.48,4.24@@4.24
<a href='https://hf.co/google/gemma-3n-E4B-it'>google/gemma-3n-E4B-it (val)</a>,ğŸ“,-@@100,7849978192.0,262400.0,8192.0,âœ“,âœ—,-@@100,-@@100,-@@100,-@@100,-@@100,-@@100,-@@100,-@@100,-@@100
<a href='https://hf.co/microsoft/mdeberta-v3-base'>microsoft/mdeberta-v3-base</a>,ğŸ”,-@@100,278225673.0,251000.0,512.0,âœ“,âœ—,2.55@@2.55,2.27@@2.27,2.35@@2.35,2.22@@2.22,2.04@@2.04,2.29@@2.29,-@@100,2.57@@2.57,-@@100
"<a href='https://hf.co/swiss-ai/Apertus-70B-Instruct-2509'>swiss-ai/Apertus-70B-Instruct-2509 (zero-shot, val)</a>",ğŸ“,-@@100,70599864480.0,131072.0,65536.0,âœ—,âœ—,-@@100,-@@100,-@@100,-@@100,-@@100,-@@100,-@@100,-@@100,-@@100
<a href='https://hf.co/swiss-ai/Apertus-8B-Instruct-2509'>swiss-ai/Apertus-8B-Instruct-2509</a>,ğŸ“,-@@100,8053338176.0,131072.0,65536.0,âœ—,âœ—,-@@100,-@@100,-@@100,2.08@@2.08,2.43@@2.43,-@@100,-@@100,-@@100,-@@100
<a href='https://hf.co/tencent/Hunyuan-1.8B-Instruct'>tencent/Hunyuan-1.8B-Instruct</a>,ğŸ¤”,-@@100,1791080448.0,120818.0,262144.0,âœ“,âœ—,-@@100,-@@100,-@@100,-@@100,3.95@@3.95,-@@100,-@@100,-@@100,-@@100
"<a href='https://hf.co/google/gemma-3-4b-it'>google/gemma-3-4b-it (zero-shot, val)</a>",ğŸ“,-@@100,4300079472.0,262144.0,8192.0,âœ“,âœ—,-@@100,-@@100,-@@100,-@@100,-@@100,-@@100,-@@100,-@@100,-@@100
<a href='https://hf.co/google/gemma-3-4b-it'>google/gemma-3-4b-it (val)</a>,ğŸ“,-@@100,4300079472.0,262144.0,8192.0,âœ“,âœ—,-@@100,-@@100,-@@100,-@@100,-@@100,-@@100,-@@100,-@@100,-@@100
<a href='https://hf.co/google/gemma-3n-E4B-it'>google/gemma-3n-E4B-it (zero-shot)</a>,ğŸ“,-@@100,7849978192.0,262400.0,8192.0,âœ“,âœ—,-@@100,-@@100,-@@100,-@@100,-@@100,-@@100,-@@100,-@@100,-@@100
<a href='https://hf.co/swiss-ai/Apertus-8B-2509'>swiss-ai/Apertus-8B-2509</a>,ğŸ§ ,-@@100,8053338176.0,131072.0,65536.0,âœ“,âœ—,-@@100,-@@100,-@@100,2.17@@2.17,2.91@@2.91,-@@100,-@@100,-@@100,-@@100
<a href='https://platform.openai.com/docs/models/gpt-4.1'>gpt-4.1-2025-04-14</a>,ğŸ“,-@@100,?,?,1047576.0,âœ“,âœ—,-@@100,-@@100,-@@100,-@@100,-@@100,-@@100,-@@100,-@@100,-@@100
<a href='https://hf.co/swiss-ai/Apertus-70B-Instruct-2509'>swiss-ai/Apertus-70B-Instruct-2509 (val)</a>,ğŸ“,-@@100,70599864480.0,131072.0,65536.0,âœ—,âœ—,-@@100,-@@100,-@@100,-@@100,-@@100,-@@100,-@@100,-@@100,-@@100
<a href='https://hf.co/swiss-ai/Apertus-70B-Instruct-2509'>swiss-ai/Apertus-70B-Instruct-2509 (zero-shot)</a>,ğŸ“,-@@100,70599864480.0,131072.0,65536.0,âœ—,âœ—,-@@100,-@@100,-@@100,-@@100,-@@100,-@@100,-@@100,-@@100,-@@100
<a href='https://hf.co/swiss-ai/Apertus-70B-2509'>swiss-ai/Apertus-70B-2509</a>,ğŸ§ ,-@@100,70599864480.0,131072.0,65536.0,âœ“,âœ—,-@@100,-@@100,-@@100,-@@100,2.58@@2.58,-@@100,-@@100,-@@100,-@@100
<a href='https://hf.co/google/gemma-3-4b-it'>google/gemma-3-4b-it (zero-shot)</a>,ğŸ“,-@@100,4300079472.0,262144.0,8192.0,âœ“,âœ—,-@@100,-@@100,-@@100,-@@100,-@@100,-@@100,-@@100,-@@100,-@@100
<a href='https://platform.openai.com/docs/models/gpt-4.1'>gpt-4.1-2025-04-14 (zero-shot)</a>,ğŸ“,-@@100,?,?,1047576.0,âœ“,âœ—,-@@100,-@@100,-@@100,-@@100,-@@100,-@@100,-@@100,-@@100,-@@100
<a href='https://platform.openai.com/docs/models/gpt-4.1'>gpt-4.1-2025-04-14 (val)</a>,ğŸ“,-@@100,?,?,1047576.0,âœ“,âœ—,-@@100,-@@100,-@@100,-@@100,-@@100,-@@100,-@@100,-@@100,-@@100
<a href='https://hf.co/speakleash/Bielik-7B-v0.1'>speakleash/Bielik-7B-v0.1</a>,ğŸ§ ,-@@100,7241732096.0,32000.0,8192.0,âœ“,âœ—,-@@100,-@@100,-@@100,-@@100,2.91@@2.91,-@@100,-@@100,-@@100,-@@100
<a href='https://platform.openai.com/docs/models/gpt-4.1-mini'>gpt-4.1-mini-2025-04-14</a>,ğŸ“,-@@100,?,?,1047576.0,âœ“,âœ—,-@@100,-@@100,-@@100,-@@100,-@@100,-@@100,-@@100,-@@100,-@@100
<a href='https://hf.co/speakleash/Bielik-7B-Instruct-v0.1'>speakleash/Bielik-7B-Instruct-v0.1</a>,ğŸ“,-@@100,7241732096.0,32000.0,4096.0,âœ“,âœ—,-@@100,-@@100,-@@100,-@@100,3.93@@3.93,-@@100,-@@100,-@@100,-@@100
<a href='https://platform.openai.com/docs/models/gpt-4.1-mini'>gpt-4.1-mini-2025-04-14 (zero-shot)</a>,ğŸ“,-@@100,?,?,1047576.0,âœ“,âœ—,-@@100,-@@100,-@@100,-@@100,-@@100,-@@100,-@@100,-@@100,-@@100
<a href='https://platform.openai.com/docs/models/gpt-4.1-mini'>gpt-4.1-mini-2025-04-14 (val)</a>,ğŸ“,-@@100,?,?,1047576.0,âœ“,âœ—,-@@100,-@@100,-@@100,-@@100,-@@100,-@@100,-@@100,-@@100,-@@100
"<a href='https://hf.co/google/gemma-3n-E4B-it'>google/gemma-3n-E4B-it (zero-shot, val)</a>",ğŸ“,-@@100,7849978192.0,262400.0,8192.0,âœ“,âœ—,-@@100,-@@100,-@@100,-@@100,-@@100,-@@100,-@@100,-@@100,-@@100
<a href='https://hf.co/tencent/Hunyuan-7B-Instruct'>tencent/Hunyuan-7B-Instruct</a>,ğŸ¤”,-@@100,7504568320.0,128167.0,32768.0,âœ“,âœ—,-@@100,-@@100,-@@100,3.19@@3.19,3.08@@3.08,-@@100,-@@100,-@@100,-@@100
<a href='https://hf.co/utter-project/EuroLLM-9B-Instruct'>utter-project/EuroLLM-9B-Instruct (zero-shot)</a>,ğŸ“,-@@100,9152319488.0,128000.0,4096.0,âœ—,âœ—,-@@100,-@@100,-@@100,-@@100,-@@100,-@@100,-@@100,-@@100,-@@100
<a href='https://hf.co/utter-project/EuroLLM-22B-Instruct-2512'>utter-project/EuroLLM-22B-Instruct-2512 (val)</a>,ğŸ“,-@@100,22637328384.0,128000.0,32768.0,âœ“,âœ—,-@@100,-@@100,-@@100,-@@100,-@@100,-@@100,-@@100,-@@100,-@@100
"<a href='https://hf.co/yulan-team/YuLan-Mini-Instruct'>yulan-team/YuLan-Mini-Instruct (zero-shot, val)</a>",ğŸ“,-@@100,2424375168.0,99000.0,28723.0,âœ—,âœ—,-@@100,-@@100,-@@100,-@@100,-@@100,-@@100,-@@100,-@@100,-@@100
<a href='https://hf.co/yulan-team/YuLan-Mini-Instruct'>yulan-team/YuLan-Mini-Instruct (val)</a>,ğŸ“,-@@100,2424375168.0,99000.0,28723.0,âœ—,âœ—,-@@100,-@@100,-@@100,-@@100,-@@100,-@@100,-@@100,-@@100,-@@100
<a href='https://hf.co/yulan-team/YuLan-Mini-Instruct'>yulan-team/YuLan-Mini-Instruct (zero-shot)</a>,ğŸ“,-@@100,2424375168.0,99000.0,28723.0,âœ—,âœ—,-@@100,-@@100,-@@100,-@@100,-@@100,-@@100,-@@100,-@@100,-@@100
<a href='https://hf.co/utter-project/EuroMoE-2.6B-A0.6B-Preview'>utter-project/EuroMoE-2.6B-A0.6B-Preview</a>,ğŸ§ ,-@@100,2611528704.0,128000.0,4096.0,âœ“,âœ—,3.69@@3.69,3.03@@3.03,3.85@@3.85,3.61@@3.61,3.96@@3.96,3.93@@3.93,3.79@@3.79,3.97@@3.97,-@@100
<a href='https://ai.google.dev/gemini-api/docs/models#gemini-3-flash-preview'>gemini/gemini-3-flash-preview#thinking</a>,ğŸ¤”,-@@100,?,256128.0,1048576.0,âœ“,âœ—,-@@100,-@@100,-@@100,-@@100,-@@100,-@@100,-@@100,-@@100,-@@100
<a href='https://ai.google.dev/gemini-api/docs/models#gemini-3-flash-preview'>gemini/gemini-3-flash-preview#thinking (zero-shot)</a>,ğŸ¤”,-@@100,?,256128.0,1048576.0,âœ“,âœ—,-@@100,-@@100,-@@100,-@@100,-@@100,-@@100,-@@100,-@@100,-@@100
<a href='https://ai.google.dev/gemini-api/docs/models#gemini-3-flash-preview'>gemini/gemini-3-flash-preview#thinking (val)</a>,ğŸ¤”,-@@100,?,256128.0,1048576.0,âœ“,âœ—,-@@100,-@@100,-@@100,-@@100,-@@100,-@@100,-@@100,-@@100,-@@100
"<a href='https://hf.co/utter-project/EuroMoE-2.6B-A0.6B-Instruct-Preview'>utter-project/EuroMoE-2.6B-A0.6B-Instruct-Preview (zero-shot, val)</a>",ğŸ“,-@@100,2611528704.0,128000.0,4096.0,âœ“,âœ—,-@@100,-@@100,-@@100,-@@100,-@@100,-@@100,-@@100,-@@100,-@@100
<a href='https://hf.co/utter-project/EuroMoE-2.6B-A0.6B-Instruct-Preview'>utter-project/EuroMoE-2.6B-A0.6B-Instruct-Preview (val)</a>,ğŸ“,-@@100,2611528704.0,128000.0,4096.0,âœ“,âœ—,-@@100,-@@100,-@@100,-@@100,-@@100,-@@100,-@@100,-@@100,-@@100
<a href='https://hf.co/google/gemma-3-12b-it'>google/gemma-3-12b-it (zero-shot)</a>,ğŸ“,-@@100,12187325040.0,262144.0,8192.0,âœ“,âœ—,-@@100,-@@100,-@@100,-@@100,-@@100,-@@100,-@@100,-@@100,-@@100
<a href='https://hf.co/google/gemma-3-12b-it'>google/gemma-3-12b-it (val)</a>,ğŸ“,-@@100,12187325040.0,262144.0,8192.0,âœ“,âœ—,-@@100,-@@100,-@@100,-@@100,-@@100,-@@100,-@@100,-@@100,-@@100
"<a href='https://hf.co/google/gemma-3-12b-it'>google/gemma-3-12b-it (zero-shot, val)</a>",ğŸ“,-@@100,12187325040.0,262144.0,8192.0,âœ“,âœ—,-@@100,-@@100,-@@100,-@@100,-@@100,-@@100,-@@100,-@@100,-@@100
<a href='https://hf.co/utter-project/EuroMoE-2.6B-A0.6B-Instruct-Preview'>utter-project/EuroMoE-2.6B-A0.6B-Instruct-Preview (zero-shot)</a>,ğŸ“,-@@100,2611528704.0,128000.0,4096.0,âœ“,âœ—,-@@100,-@@100,-@@100,-@@100,-@@100,-@@100,-@@100,-@@100,-@@100
<a href='https://hf.co/google/gemma-3-1b-it'>google/gemma-3-1b-it (zero-shot)</a>,ğŸ“,-@@100,999885952.0,262144.0,32768.0,âœ“,âœ—,-@@100,-@@100,-@@100,-@@100,-@@100,-@@100,-@@100,-@@100,-@@100
<a href='https://hf.co/google/gemma-3-1b-it'>google/gemma-3-1b-it (val)</a>,ğŸ“,-@@100,999885952.0,262144.0,32768.0,âœ“,âœ—,-@@100,-@@100,-@@100,-@@100,-@@100,-@@100,-@@100,-@@100,-@@100
"<a href='https://hf.co/google/gemma-3-1b-it'>google/gemma-3-1b-it (zero-shot, val)</a>",ğŸ“,-@@100,999885952.0,262144.0,32768.0,âœ“,âœ—,-@@100,-@@100,-@@100,-@@100,-@@100,-@@100,-@@100,-@@100,-@@100
"<a href='https://hf.co/utter-project/EuroLLM-9B-Instruct'>utter-project/EuroLLM-9B-Instruct (zero-shot, val)</a>",ğŸ“,-@@100,9152319488.0,128000.0,4096.0,âœ—,âœ—,-@@100,-@@100,-@@100,-@@100,-@@100,-@@100,-@@100,-@@100,-@@100
<a href='https://hf.co/google/gemma-3-270m-it'>google/gemma-3-270m-it (zero-shot)</a>,ğŸ“,-@@100,268098176.0,262144.0,32768.0,âœ“,âœ—,-@@100,-@@100,-@@100,-@@100,-@@100,-@@100,-@@100,-@@100,-@@100
<a href='https://hf.co/utter-project/EuroLLM-9B-Instruct'>utter-project/EuroLLM-9B-Instruct (val)</a>,ğŸ“,-@@100,9152319488.0,128000.0,4096.0,âœ—,âœ—,-@@100,-@@100,-@@100,-@@100,-@@100,-@@100,-@@100,-@@100,-@@100
<a href='https://hf.co/google/gemma-3-270m-it'>google/gemma-3-270m-it (val)</a>,ğŸ“,-@@100,268098176.0,262144.0,32768.0,âœ“,âœ—,-@@100,-@@100,-@@100,-@@100,-@@100,-@@100,-@@100,-@@100,-@@100
"<a href='https://hf.co/google/gemma-3-270m-it'>google/gemma-3-270m-it (zero-shot, val)</a>",ğŸ“,-@@100,268098176.0,262144.0,32768.0,âœ“,âœ—,-@@100,-@@100,-@@100,-@@100,-@@100,-@@100,-@@100,-@@100,-@@100
<a href='https://hf.co/speakleash/Bielik-4.5B-v3'>speakleash/Bielik-4.5B-v3</a>,ğŸ“,-@@100,4757260288.0,32000.0,32768.0,âœ“,âœ—,-@@100,-@@100,-@@100,-@@100,2.42@@2.42,-@@100,-@@100,-@@100,-@@100
"<a href='https://hf.co/utter-project/EuroLLM-22B-Instruct-Preview'>utter-project/EuroLLM-22B-Instruct-Preview (zero-shot, val)</a>",ğŸ“,-@@100,22637328384.0,128000.0,4096.0,âœ“,âœ—,-@@100,-@@100,-@@100,-@@100,-@@100,-@@100,-@@100,-@@100,-@@100
<a href='https://hf.co/google/gemma-3-27b-it'>google/gemma-3-27b-it (zero-shot)</a>,ğŸ“,-@@100,27432406640.0,262144.0,8192.0,âœ“,âœ—,-@@100,-@@100,-@@100,-@@100,-@@100,-@@100,-@@100,-@@100,-@@100
<a href='https://hf.co/google/gemma-3-27b-it'>google/gemma-3-27b-it (val)</a>,ğŸ“,-@@100,27432406640.0,262144.0,8192.0,âœ“,âœ—,-@@100,-@@100,-@@100,-@@100,-@@100,-@@100,-@@100,-@@100,-@@100
<a href='https://hf.co/utter-project/EuroLLM-22B-Instruct-Preview'>utter-project/EuroLLM-22B-Instruct-Preview (val)</a>,ğŸ“,-@@100,22637328384.0,128000.0,4096.0,âœ“,âœ—,-@@100,-@@100,-@@100,-@@100,-@@100,-@@100,-@@100,-@@100,-@@100
<a href='https://hf.co/utter-project/EuroLLM-22B-Instruct-Preview'>utter-project/EuroLLM-22B-Instruct-Preview (zero-shot)</a>,ğŸ“,-@@100,22637328384.0,128000.0,4096.0,âœ“,âœ—,-@@100,-@@100,-@@100,-@@100,-@@100,-@@100,-@@100,-@@100,-@@100
"<a href='https://hf.co/google/gemma-3-27b-it'>google/gemma-3-27b-it (zero-shot, val)</a>",ğŸ“,-@@100,27432406640.0,262144.0,8192.0,âœ“,âœ—,-@@100,-@@100,-@@100,-@@100,-@@100,-@@100,-@@100,-@@100,-@@100
"<a href='https://hf.co/utter-project/EuroLLM-22B-Instruct-2512'>utter-project/EuroLLM-22B-Instruct-2512 (zero-shot, val)</a>",ğŸ“,-@@100,22637328384.0,128000.0,32768.0,âœ“,âœ—,-@@100,-@@100,-@@100,-@@100,-@@100,-@@100,-@@100,-@@100,-@@100
<a href='https://hf.co/utter-project/EuroLLM-22B-Instruct-2512'>utter-project/EuroLLM-22B-Instruct-2512 (zero-shot)</a>,ğŸ“,-@@100,22637328384.0,128000.0,32768.0,âœ“,âœ—,-@@100,-@@100,-@@100,-@@100,-@@100,-@@100,-@@100,-@@100,-@@100
<a href='https://hf.co/speakleash/Bielik-4.5B-v3.0-Instruct'>speakleash/Bielik-4.5B-v3.0-Instruct</a>,ğŸ“,-@@100,4757260288.0,32000.0,32768.0,âœ“,âœ—,-@@100,-@@100,-@@100,-@@100,2.38@@2.38,-@@100,-@@100,-@@100,-@@100
<a href='https://platform.openai.com/docs/models/gpt-5.2'>gpt-5.2-2025-12-11</a>,ğŸ¤”,-@@100,?,?,400000.0,âœ“,âœ—,-@@100,-@@100,-@@100,-@@100,-@@100,-@@100,-@@100,-@@100,-@@100
<a href='https://platform.openai.com/docs/models/gpt-4.1-nano'>gpt-4.1-nano-2025-04-14 (zero-shot)</a>,ğŸ“,-@@100,?,?,1047576.0,âœ“,âœ—,-@@100,-@@100,-@@100,-@@100,-@@100,-@@100,-@@100,-@@100,-@@100
<a href='https://hf.co/kurakurai/Luth-1.7B-Instruct'>kurakurai/Luth-1.7B-Instruct (val)</a>,ğŸ“,-@@100,1720574976.0,151936.0,40960.0,âœ—,âœ—,-@@100,-@@100,-@@100,-@@100,-@@100,-@@100,-@@100,-@@100,-@@100
<a href='https://hf.co/sentence-transformers/paraphrase-multilingual-MiniLM-L12-v2'>sentence-transformers/paraphrase-multilingual-MiniLM-L12-v2</a>,ğŸ”,-@@100,117654272.0,250037.0,512.0,âœ“,âœ—,2.76@@2.76,3.21@@3.21,3.01@@3.01,3.25@@3.25,3.46@@3.46,3.13@@3.13,-@@100,3.26@@3.26,-@@100
"<a href='https://hf.co/kurakurai/Luth-1.7B-Instruct'>kurakurai/Luth-1.7B-Instruct (zero-shot, val)</a>",ğŸ“,-@@100,1720574976.0,151936.0,40960.0,âœ—,âœ—,-@@100,-@@100,-@@100,-@@100,-@@100,-@@100,-@@100,-@@100,-@@100
<a href='https://hf.co/kyutai/helium-1-2b'>kyutai/helium-1-2b</a>,ğŸ§ ,-@@100,2023868416.0,64000.0,4096.0,âœ“,âœ—,-@@100,-@@100,-@@100,3.24@@3.24,3.33@@3.33,-@@100,-@@100,-@@100,-@@100
"<a href='https://hf.co/occiglot/occiglot-7b-eu5-instruct'>occiglot/occiglot-7b-eu5-instruct (zero-shot, val)</a>",ğŸ“,-@@100,7241748480.0,32002.0,32768.0,âœ—,âœ—,-@@100,-@@100,-@@100,-@@100,-@@100,-@@100,-@@100,-@@100,-@@100
<a href='https://hf.co/lapa-llm/lapa-12b-pt'>lapa-llm/lapa-12b-pt (zero-shot)</a>,ğŸ“,-@@100,12187325040.0,262144.0,8192.0,âœ“,âœ—,-@@100,-@@100,-@@100,-@@100,-@@100,-@@100,-@@100,-@@100,-@@100
<a href='https://hf.co/lapa-llm/lapa-12b-pt'>lapa-llm/lapa-12b-pt (val)</a>,ğŸ“,-@@100,12187325040.0,262144.0,8192.0,âœ“,âœ—,-@@100,-@@100,-@@100,-@@100,-@@100,-@@100,-@@100,-@@100,-@@100
"<a href='https://hf.co/lapa-llm/lapa-12b-pt'>lapa-llm/lapa-12b-pt (zero-shot, val)</a>",ğŸ“,-@@100,12187325040.0,262144.0,8192.0,âœ“,âœ—,-@@100,-@@100,-@@100,-@@100,-@@100,-@@100,-@@100,-@@100,-@@100
<a href='https://hf.co/occiglot/occiglot-7b-eu5-instruct'>occiglot/occiglot-7b-eu5-instruct (val)</a>,ğŸ“,-@@100,7241748480.0,32002.0,32768.0,âœ—,âœ—,-@@100,-@@100,-@@100,-@@100,-@@100,-@@100,-@@100,-@@100,-@@100
<a href='https://hf.co/lapa-llm/lapa-v0.1.2-instruct'>lapa-llm/lapa-v0.1.2-instruct (zero-shot)</a>,ğŸ“,-@@100,12187325040.0,262144.0,8192.0,âœ—,âœ—,-@@100,-@@100,-@@100,-@@100,-@@100,-@@100,-@@100,-@@100,-@@100
<a href='https://hf.co/lapa-llm/lapa-v0.1.2-instruct'>lapa-llm/lapa-v0.1.2-instruct (val)</a>,ğŸ“,-@@100,12187325040.0,262144.0,8192.0,âœ—,âœ—,-@@100,-@@100,-@@100,-@@100,-@@100,-@@100,-@@100,-@@100,-@@100
"<a href='https://hf.co/lapa-llm/lapa-v0.1.2-instruct'>lapa-llm/lapa-v0.1.2-instruct (zero-shot, val)</a>",ğŸ“,-@@100,12187325040.0,262144.0,8192.0,âœ—,âœ—,-@@100,-@@100,-@@100,-@@100,-@@100,-@@100,-@@100,-@@100,-@@100
<a href='https://hf.co/occiglot/occiglot-7b-eu5-instruct'>occiglot/occiglot-7b-eu5-instruct (zero-shot)</a>,ğŸ“,-@@100,7241748480.0,32002.0,32768.0,âœ—,âœ—,-@@100,-@@100,-@@100,-@@100,-@@100,-@@100,-@@100,-@@100,-@@100
<a href='https://hf.co/meta-llama/Llama-3.1-8B-Instruct'>meta-llama/Llama-3.1-8B-Instruct (zero-shot)</a>,ğŸ“,-@@100,8030261248.0,128256.0,131072.0,âœ“,âœ—,-@@100,-@@100,-@@100,-@@100,-@@100,-@@100,-@@100,-@@100,-@@100
<a href='https://hf.co/kurakurai/Luth-1.7B-Instruct'>kurakurai/Luth-1.7B-Instruct (zero-shot)</a>,ğŸ“,-@@100,1720574976.0,151936.0,40960.0,âœ—,âœ—,-@@100,-@@100,-@@100,-@@100,-@@100,-@@100,-@@100,-@@100,-@@100
<a href='https://hf.co/nvidia/NVIDIA-Nemotron-Nano-9B-v2'>nvidia/NVIDIA-Nemotron-Nano-9B-v2</a>,ğŸ¤”,-@@100,8888227328.0,131072.0,131072.0,âœ“,âœ—,-@@100,2.56@@2.56,-@@100,2.45@@2.45,2.35@@2.35,2.28@@2.28,2.31@@2.31,-@@100,2.04@@2.04
"<a href='https://hf.co/meta-llama/Llama-3.1-8B-Instruct'>meta-llama/Llama-3.1-8B-Instruct (zero-shot, val)</a>",ğŸ“,-@@100,8030261248.0,128256.0,131072.0,âœ“,âœ—,-@@100,-@@100,-@@100,-@@100,-@@100,-@@100,-@@100,-@@100,-@@100
"<a href='https://hf.co/nvidia/NVIDIA-Nemotron-3-Nano-30B-A3B-BF16'>nvidia/NVIDIA-Nemotron-3-Nano-30B-A3B-BF16#no-thinking (zero-shot, val)</a>",ğŸ“,-@@100,31577937344.0,131072.0,262144.0,âœ“,âœ—,-@@100,-@@100,-@@100,-@@100,-@@100,-@@100,-@@100,-@@100,-@@100
<a href='https://hf.co/meta-llama/Llama-3.2-1B-Instruct'>meta-llama/Llama-3.2-1B-Instruct (zero-shot)</a>,ğŸ“,-@@100,1235814400.0,128256.0,131072.0,âœ“,âœ—,-@@100,-@@100,-@@100,-@@100,-@@100,-@@100,-@@100,-@@100,-@@100
<a href='https://hf.co/meta-llama/Llama-3.2-1B-Instruct'>meta-llama/Llama-3.2-1B-Instruct (val)</a>,ğŸ“,-@@100,1235814400.0,128256.0,131072.0,âœ“,âœ—,-@@100,-@@100,-@@100,-@@100,-@@100,-@@100,-@@100,-@@100,-@@100
"<a href='https://hf.co/meta-llama/Llama-3.2-1B-Instruct'>meta-llama/Llama-3.2-1B-Instruct (zero-shot, val)</a>",ğŸ“,-@@100,1235814400.0,128256.0,131072.0,âœ“,âœ—,-@@100,-@@100,-@@100,-@@100,-@@100,-@@100,-@@100,-@@100,-@@100
<a href='https://hf.co/nvidia/NVIDIA-Nemotron-3-Nano-30B-A3B-BF16'>nvidia/NVIDIA-Nemotron-3-Nano-30B-A3B-BF16#no-thinking (val)</a>,ğŸ“,-@@100,31577937344.0,131072.0,262144.0,âœ“,âœ—,-@@100,-@@100,-@@100,-@@100,-@@100,-@@100,-@@100,-@@100,-@@100
<a href='https://hf.co/nvidia/NVIDIA-Nemotron-3-Nano-30B-A3B-BF16'>nvidia/NVIDIA-Nemotron-3-Nano-30B-A3B-BF16#no-thinking (zero-shot)</a>,ğŸ“,-@@100,31577937344.0,131072.0,262144.0,âœ“,âœ—,-@@100,-@@100,-@@100,-@@100,-@@100,-@@100,-@@100,-@@100,-@@100
<a href='https://hf.co/meta-llama/Llama-3.2-3B-Instruct'>meta-llama/Llama-3.2-3B-Instruct (zero-shot)</a>,ğŸ“,-@@100,3212749824.0,128256.0,131072.0,âœ“,âœ—,-@@100,-@@100,-@@100,-@@100,-@@100,-@@100,-@@100,-@@100,-@@100
<a href='https://hf.co/meta-llama/Llama-3.2-3B-Instruct'>meta-llama/Llama-3.2-3B-Instruct (val)</a>,ğŸ“,-@@100,3212749824.0,128256.0,131072.0,âœ“,âœ—,-@@100,-@@100,-@@100,-@@100,-@@100,-@@100,-@@100,-@@100,-@@100
"<a href='https://hf.co/meta-llama/Llama-3.2-3B-Instruct'>meta-llama/Llama-3.2-3B-Instruct (zero-shot, val)</a>",ğŸ“,-@@100,3212749824.0,128256.0,131072.0,âœ“,âœ—,-@@100,-@@100,-@@100,-@@100,-@@100,-@@100,-@@100,-@@100,-@@100
<a href='https://hf.co/mistralai/Voxtral-Mini-3B-2507'>mistralai/Voxtral-Mini-3B-2507</a>,ğŸ“,-@@100,4676271104.0,131072.0,8192.0,âœ“,âœ—,-@@100,-@@100,-@@100,2.29@@2.29,2.55@@2.55,-@@100,-@@100,-@@100,-@@100
<a href='https://hf.co/meta-llama/Llama-3.3-70B-Instruct'>meta-llama/Llama-3.3-70B-Instruct (zero-shot)</a>,ğŸ“,-@@100,70553706496.0,128256.0,131072.0,âœ“,âœ—,-@@100,-@@100,-@@100,-@@100,-@@100,-@@100,-@@100,-@@100,-@@100
<a href='https://hf.co/meta-llama/Llama-3.3-70B-Instruct'>meta-llama/Llama-3.3-70B-Instruct (val)</a>,ğŸ“,-@@100,70553706496.0,128256.0,131072.0,âœ“,âœ—,-@@100,-@@100,-@@100,-@@100,-@@100,-@@100,-@@100,-@@100,-@@100
"<a href='https://hf.co/meta-llama/Llama-3.3-70B-Instruct'>meta-llama/Llama-3.3-70B-Instruct (zero-shot, val)</a>",ğŸ“,-@@100,70553706496.0,128256.0,131072.0,âœ“,âœ—,-@@100,-@@100,-@@100,-@@100,-@@100,-@@100,-@@100,-@@100,-@@100
<a href='https://hf.co/nvidia/NVIDIA-Nemotron-Nano-9B-v2'>nvidia/NVIDIA-Nemotron-Nano-9B-v2#no-thinking</a>,ğŸ“,-@@100,8888227328.0,131072.0,131072.0,âœ“,âœ—,-@@100,-@@100,-@@100,3.29@@3.29,3.86@@3.86,-@@100,-@@100,-@@100,-@@100
<a href='https://platform.openai.com/docs/models/gpt-4.1-nano'>gpt-4.1-nano-2025-04-14</a>,ğŸ“,-@@100,?,?,1047576.0,âœ“,âœ—,-@@100,-@@100,-@@100,-@@100,-@@100,-@@100,-@@100,-@@100,-@@100
<a href='https://hf.co/kurakurai/Luth-1.7B-Instruct'>kurakurai/Luth-1.7B-Instruct</a>,ğŸ“,-@@100,1720574976.0,151936.0,40960.0,âœ—,âœ—,2.08@@2.08,2.80@@2.80,2.43@@2.43,-@@100,-@@100,2.43@@2.43,2.43@@2.43,2.73@@2.73,2.22@@2.22
<a href='https://hf.co/speakleash/Bielik-1.5B-v3.0-Instruct'>speakleash/Bielik-1.5B-v3.0-Instruct</a>,ğŸ“,-@@100,1596507648.0,32000.0,8192.0,âœ“,âœ—,-@@100,-@@100,-@@100,-@@100,2.70@@2.70,-@@100,-@@100,-@@100,-@@100
<a href='https://platform.openai.com/docs/models/gpt-4.1-nano'>gpt-4.1-nano-2025-04-14 (val)</a>,ğŸ“,-@@100,?,?,1047576.0,âœ“,âœ—,-@@100,-@@100,-@@100,-@@100,-@@100,-@@100,-@@100,-@@100,-@@100
"<a href='https://hf.co/speakleash/Bielik-11B-v3.0-Instruct'>speakleash/Bielik-11B-v3.0-Instruct (zero-shot, val)</a>",ğŸ“,-@@100,11168796672.0,32128.0,32768.0,âœ“,âœ—,-@@100,-@@100,-@@100,-@@100,-@@100,-@@100,-@@100,-@@100,-@@100
<a href='https://hf.co/speakleash/Bielik-11B-v3.0-Instruct'>speakleash/Bielik-11B-v3.0-Instruct (val)</a>,ğŸ“,-@@100,11168796672.0,32128.0,32768.0,âœ“,âœ—,-@@100,-@@100,-@@100,-@@100,-@@100,-@@100,-@@100,-@@100,-@@100
<a href='https://hf.co/speakleash/Bielik-11B-v3.0-Instruct'>speakleash/Bielik-11B-v3.0-Instruct (zero-shot)</a>,ğŸ“,-@@100,11168796672.0,32128.0,32768.0,âœ“,âœ—,-@@100,-@@100,-@@100,-@@100,-@@100,-@@100,-@@100,-@@100,-@@100
<a href='https://hf.co/speakleash/Bielik-11B-v2'>speakleash/Bielik-11B-v2</a>,ğŸ§ ,-@@100,11168796672.0,32128.0,32768.0,âœ“,âœ—,-@@100,-@@100,-@@100,-@@100,2.23@@2.23,-@@100,-@@100,-@@100,-@@100
<a href='https://hf.co/mistralai/Magistral-Small-2509'>mistralai/Magistral-Small-2509</a>,ğŸ“,-@@100,24011361280.0,131072.0,8192.0,âœ“,âœ—,-@@100,-@@100,-@@100,1.69@@1.69,1.85@@1.85,-@@100,1.44@@1.44,-@@100,-@@100
<a href='https://platform.openai.com/docs/models/gpt-5.2'>gpt-5.2-2025-12-11 (zero-shot)</a>,ğŸ¤”,-@@100,?,?,400000.0,âœ“,âœ—,-@@100,-@@100,-@@100,-@@100,-@@100,-@@100,-@@100,-@@100,-@@100
<a href='https://platform.openai.com/docs/models/gpt-5.2'>gpt-5.2-2025-12-11 (val)</a>,ğŸ¤”,-@@100,?,?,400000.0,âœ“,âœ—,-@@100,-@@100,-@@100,-@@100,-@@100,-@@100,-@@100,-@@100,-@@100
"<a href='https://hf.co/speakleash/Bielik-11B-v2.6-Instruct'>speakleash/Bielik-11B-v2.6-Instruct (zero-shot, val)</a>",ğŸ“,-@@100,11168796672.0,32128.0,32768.0,âœ“,âœ—,-@@100,-@@100,-@@100,-@@100,-@@100,-@@100,-@@100,-@@100,-@@100
<a href='https://hf.co/speakleash/Bielik-11B-v2.6-Instruct'>speakleash/Bielik-11B-v2.6-Instruct (val)</a>,ğŸ“,-@@100,11168796672.0,32128.0,32768.0,âœ“,âœ—,-@@100,-@@100,-@@100,-@@100,-@@100,-@@100,-@@100,-@@100,-@@100
<a href='https://hf.co/ibm-granite/granite-4.0-h-micro'>ibm-granite/granite-4.0-h-micro (zero-shot)</a>,ğŸ“,-@@100,3191396096.0,100352.0,131072.0,âœ“,âœ—,-@@100,-@@100,-@@100,-@@100,-@@100,-@@100,-@@100,-@@100,-@@100
<a href='https://hf.co/ibm-granite/granite-4.0-h-micro'>ibm-granite/granite-4.0-h-micro (val)</a>,ğŸ“,-@@100,3191396096.0,100352.0,131072.0,âœ“,âœ—,-@@100,-@@100,-@@100,-@@100,-@@100,-@@100,-@@100,-@@100,-@@100
<a href='https://hf.co/speakleash/Bielik-11B-v2.6-Instruct'>speakleash/Bielik-11B-v2.6-Instruct (zero-shot)</a>,ğŸ“,-@@100,11168796672.0,32128.0,32768.0,âœ“,âœ—,-@@100,-@@100,-@@100,-@@100,2.50@@2.50,-@@100,-@@100,-@@100,-@@100
"<a href='https://hf.co/ibm-granite/granite-4.0-h-micro'>ibm-granite/granite-4.0-h-micro (zero-shot, val)</a>",ğŸ“,-@@100,3191396096.0,100352.0,131072.0,âœ“,âœ—,-@@100,-@@100,-@@100,-@@100,-@@100,-@@100,-@@100,-@@100,-@@100
<a href='https://hf.co/setu4993/LaBSE'>setu4993/LaBSE</a>,ğŸ”,-@@100,470927360.0,501153.0,512.0,âœ“,âœ—,1.93@@1.93,2.14@@2.14,2.31@@2.31,2.01@@2.01,1.99@@1.99,2.23@@2.23,-@@100,2.31@@2.31,-@@100
<a href='https://hf.co/speakleash/Bielik-11B-v2.5-Instruct'>speakleash/Bielik-11B-v2.5-Instruct</a>,ğŸ“,-@@100,11168796672.0,32128.0,32768.0,âœ“,âœ—,-@@100,-@@100,-@@100,-@@100,1.83@@1.83,-@@100,-@@100,-@@100,-@@100
<a href='https://hf.co/ibm-granite/granite-4.0-h-small'>ibm-granite/granite-4.0-h-small (val)</a>,ğŸ“,-@@100,32207337984.0,100352.0,131072.0,âœ“,âœ—,-@@100,-@@100,-@@100,-@@100,-@@100,-@@100,-@@100,-@@100,-@@100
"<a href='https://hf.co/ibm-granite/granite-4.0-h-small'>ibm-granite/granite-4.0-h-small (zero-shot, val)</a>",ğŸ“,-@@100,32207337984.0,100352.0,131072.0,âœ“,âœ—,-@@100,-@@100,-@@100,-@@100,-@@100,-@@100,-@@100,-@@100,-@@100
<a href='https://hf.co/speakleash/Bielik-11B-v2.3-Instruct'>speakleash/Bielik-11B-v2.3-Instruct</a>,ğŸ“,-@@100,11168796672.0,32128.0,32768.0,âœ“,âœ“,-@@100,-@@100,-@@100,-@@100,1.79@@1.79,-@@100,-@@100,-@@100,-@@100
<a href='https://hf.co/speakleash/Bielik-11B-v2.2-Instruct'>speakleash/Bielik-11B-v2.2-Instruct</a>,ğŸ“,-@@100,11168796672.0,32128.0,32768.0,âœ“,âœ—,-@@100,-@@100,-@@100,-@@100,1.85@@1.85,-@@100,-@@100,-@@100,-@@100
<a href='https://hf.co/speakleash/Bielik-11B-v2.1-Instruct'>speakleash/Bielik-11B-v2.1-Instruct</a>,ğŸ“,-@@100,11168796672.0,32128.0,32768.0,âœ“,âœ—,-@@100,-@@100,-@@100,-@@100,1.79@@1.79,-@@100,-@@100,-@@100,-@@100
<a href='https://hf.co/ibm-granite/granite-4.0-h-tiny'>ibm-granite/granite-4.0-h-tiny (zero-shot)</a>,ğŸ“,-@@100,6939037248.0,100352.0,131072.0,âœ“,âœ—,-@@100,-@@100,-@@100,-@@100,-@@100,-@@100,-@@100,-@@100,-@@100
<a href='https://hf.co/ibm-granite/granite-4.0-h-tiny'>ibm-granite/granite-4.0-h-tiny (val)</a>,ğŸ“,-@@100,6939037248.0,100352.0,131072.0,âœ“,âœ—,-@@100,-@@100,-@@100,-@@100,-@@100,-@@100,-@@100,-@@100,-@@100
"<a href='https://hf.co/ibm-granite/granite-4.0-h-tiny'>ibm-granite/granite-4.0-h-tiny (zero-shot, val)</a>",ğŸ“,-@@100,6939037248.0,100352.0,131072.0,âœ“,âœ—,-@@100,-@@100,-@@100,-@@100,-@@100,-@@100,-@@100,-@@100,-@@100
<a href='https://hf.co/speakleash/Bielik-11B-v2.0-Instruct'>speakleash/Bielik-11B-v2.0-Instruct</a>,ğŸ“,-@@100,11168796672.0,32128.0,32768.0,âœ“,âœ—,-@@100,-@@100,-@@100,-@@100,1.88@@1.88,-@@100,-@@100,-@@100,-@@100
<a href='https://hf.co/ibm-granite/granite-4.0-micro'>ibm-granite/granite-4.0-micro (zero-shot)</a>,ğŸ“,-@@100,3402836480.0,100352.0,131072.0,âœ“,âœ—,-@@100,-@@100,-@@100,-@@100,-@@100,-@@100,-@@100,-@@100,-@@100
<a href='https://hf.co/ibm-granite/granite-4.0-micro'>ibm-granite/granite-4.0-micro (val)</a>,ğŸ“,-@@100,3402836480.0,100352.0,131072.0,âœ“,âœ—,-@@100,-@@100,-@@100,-@@100,-@@100,-@@100,-@@100,-@@100,-@@100
"<a href='https://hf.co/ibm-granite/granite-4.0-micro'>ibm-granite/granite-4.0-micro (zero-shot, val)</a>",ğŸ“,-@@100,3402836480.0,100352.0,131072.0,âœ“,âœ—,-@@100,-@@100,-@@100,-@@100,-@@100,-@@100,-@@100,-@@100,-@@100
<a href='https://hf.co/speakleash/Bielik-1.5B-v3'>speakleash/Bielik-1.5B-v3</a>,ğŸ“,-@@100,1596507648.0,32000.0,8192.0,âœ“,âœ—,-@@100,-@@100,-@@100,-@@100,3.06@@3.06,-@@100,-@@100,-@@100,-@@100
<a href='https://hf.co/speakleash/Bielik-1.5B-v3'>speakleash/Bielik-1.5B-v3 (zero-shot)</a>,ğŸ“,-@@100,1596507648.0,32000.0,8192.0,âœ“,âœ—,-@@100,-@@100,-@@100,-@@100,3.78@@3.78,-@@100,-@@100,-@@100,-@@100
<a href='https://hf.co/ibm-granite/granite-4.0-h-small'>ibm-granite/granite-4.0-h-small (zero-shot)</a>,ğŸ“,-@@100,32207337984.0,100352.0,131072.0,âœ“,âœ—,-@@100,-@@100,-@@100,-@@100,-@@100,-@@100,-@@100,-@@100,-@@100
<a href='https://hf.co/meta-llama/Llama-3.1-8B-Instruct'>meta-llama/Llama-3.1-8B-Instruct (val)</a>,ğŸ“,-@@100,8030261248.0,128256.0,131072.0,âœ“,âœ—,-@@100,-@@100,-@@100,-@@100,-@@100,-@@100,-@@100,-@@100,-@@100
<a href='https://hf.co/deepcogito/cogito-v1-preview-llama-8B'>deepcogito/cogito-v1-preview-llama-8B (zero-shot)</a>,ğŸ“,-@@100,8030261248.0,128256.0,131072.0,âœ“,âœ—,-@@100,-@@100,-@@100,-@@100,-@@100,-@@100,-@@100,-@@100,-@@100
<a href='https://hf.co/facebook/MobileLLM-R1-950M-base'>facebook/MobileLLM-R1-950M-base</a>,ğŸ§ ,-@@100,949685760.0,128256.0,4096.0,âœ—,âœ—,-@@100,-@@100,-@@100,3.52@@3.52,3.94@@3.94,-@@100,-@@100,-@@100,-@@100
"<a href='https://hf.co/LiquidAI/LFM2-350M'>LiquidAI/LFM2-350M (zero-shot, val)</a>",ğŸ“,-@@100,354483968.0,65536.0,128000.0,âœ—,âœ—,-@@100,-@@100,-@@100,-@@100,-@@100,-@@100,-@@100,-@@100,-@@100
<a href='https://hf.co/LiquidAI/LFM2-350M'>LiquidAI/LFM2-350M (val)</a>,ğŸ“,-@@100,354483968.0,65536.0,128000.0,âœ—,âœ—,-@@100,-@@100,-@@100,-@@100,-@@100,-@@100,-@@100,-@@100,-@@100
<a href='https://hf.co/LiquidAI/LFM2-350M'>LiquidAI/LFM2-350M (zero-shot)</a>,ğŸ“,-@@100,354483968.0,65536.0,128000.0,âœ—,âœ—,-@@100,-@@100,-@@100,-@@100,-@@100,-@@100,-@@100,-@@100,-@@100
"<a href='https://hf.co/LiquidAI/LFM2-2.6B'>LiquidAI/LFM2-2.6B (zero-shot, val)</a>",ğŸ“,-@@100,2569272320.0,65536.0,128000.0,âœ—,âœ—,-@@100,-@@100,-@@100,-@@100,-@@100,-@@100,-@@100,-@@100,-@@100
<a href='https://hf.co/LiquidAI/LFM2-2.6B'>LiquidAI/LFM2-2.6B (val)</a>,ğŸ“,-@@100,2569272320.0,65536.0,128000.0,âœ—,âœ—,-@@100,-@@100,-@@100,-@@100,-@@100,-@@100,-@@100,-@@100,-@@100
<a href='https://hf.co/LiquidAI/LFM2-2.6B'>LiquidAI/LFM2-2.6B (zero-shot)</a>,ğŸ“,-@@100,2569272320.0,65536.0,128000.0,âœ—,âœ—,-@@100,-@@100,-@@100,-@@100,-@@100,-@@100,-@@100,-@@100,-@@100
"<a href='https://hf.co/LiquidAI/LFM2-1.2B'>LiquidAI/LFM2-1.2B (zero-shot, val)</a>",ğŸ“,-@@100,1170340608.0,65536.0,128000.0,âœ—,âœ—,-@@100,-@@100,-@@100,-@@100,-@@100,-@@100,-@@100,-@@100,-@@100
<a href='https://hf.co/LiquidAI/LFM2-1.2B'>LiquidAI/LFM2-1.2B (val)</a>,ğŸ“,-@@100,1170340608.0,65536.0,128000.0,âœ—,âœ—,-@@100,-@@100,-@@100,-@@100,-@@100,-@@100,-@@100,-@@100,-@@100
<a href='https://hf.co/LiquidAI/LFM2-1.2B'>LiquidAI/LFM2-1.2B (zero-shot)</a>,ğŸ“,-@@100,1170340608.0,65536.0,128000.0,âœ—,âœ—,-@@100,-@@100,-@@100,-@@100,-@@100,-@@100,-@@100,-@@100,-@@100
"<a href='https://hf.co/INSAIT-Institute/MamayLM-Gemma-3-12B-IT-v1.0'>INSAIT-Institute/MamayLM-Gemma-3-12B-IT-v1.0 (zero-shot, val)</a>",ğŸ“,-@@100,12187325040.0,262144.0,8192.0,âœ—,âœ—,-@@100,-@@100,-@@100,-@@100,-@@100,-@@100,-@@100,-@@100,-@@100
<a href='https://hf.co/INSAIT-Institute/MamayLM-Gemma-3-12B-IT-v1.0'>INSAIT-Institute/MamayLM-Gemma-3-12B-IT-v1.0 (val)</a>,ğŸ“,-@@100,12187325040.0,262144.0,8192.0,âœ—,âœ—,-@@100,-@@100,-@@100,-@@100,-@@100,-@@100,-@@100,-@@100,-@@100
<a href='https://hf.co/INSAIT-Institute/MamayLM-Gemma-3-12B-IT-v1.0'>INSAIT-Institute/MamayLM-Gemma-3-12B-IT-v1.0 (zero-shot)</a>,ğŸ“,-@@100,12187325040.0,262144.0,8192.0,âœ—,âœ—,-@@100,-@@100,-@@100,-@@100,-@@100,-@@100,-@@100,-@@100,-@@100
<a href='https://hf.co/HuggingFaceTB/SmolLM3-3B'>HuggingFaceTB/SmolLM3-3B</a>,ğŸ¤”,-@@100,3075098624.0,128256.0,65536.0,âœ“,âœ—,-@@100,-@@100,-@@100,-@@100,-@@100,-@@100,-@@100,-@@100,-@@100
"<a href='https://hf.co/HuggingFaceTB/SmolLM3-3B'>HuggingFaceTB/SmolLM3-3B#no-thinking (zero-shot, val)</a>",ğŸ“,-@@100,3075098624.0,128256.0,65536.0,âœ“,âœ—,-@@100,-@@100,-@@100,-@@100,-@@100,-@@100,-@@100,-@@100,-@@100
<a href='https://hf.co/HuggingFaceTB/SmolLM3-3B'>HuggingFaceTB/SmolLM3-3B#no-thinking (val)</a>,ğŸ“,-@@100,3075098624.0,128256.0,65536.0,âœ“,âœ—,-@@100,-@@100,-@@100,-@@100,-@@100,-@@100,-@@100,-@@100,-@@100
<a href='https://hf.co/HuggingFaceTB/SmolLM3-3B'>HuggingFaceTB/SmolLM3-3B#no-thinking (zero-shot)</a>,ğŸ“,-@@100,3075098624.0,128256.0,65536.0,âœ“,âœ—,-@@100,-@@100,-@@100,-@@100,-@@100,-@@100,-@@100,-@@100,-@@100
<a href='https://hf.co/HuggingFaceTB/SmolLM3-3B'>HuggingFaceTB/SmolLM3-3B#no-thinking</a>,ğŸ“,-@@100,3075098624.0,128256.0,65536.0,âœ“,âœ—,2.76@@2.76,3.02@@3.02,3.01@@3.01,-@@100,-@@100,-@@100,-@@100,3.20@@3.20,-@@100
"<a href='https://hf.co/HuggingFaceTB/SmolLM2-360M-Instruct'>HuggingFaceTB/SmolLM2-360M-Instruct (zero-shot, val)</a>",ğŸ“,-@@100,361821120.0,49152.0,8192.0,âœ“,âœ—,-@@100,-@@100,-@@100,-@@100,-@@100,-@@100,-@@100,-@@100,-@@100
<a href='https://hf.co/HuggingFaceTB/SmolLM2-360M-Instruct'>HuggingFaceTB/SmolLM2-360M-Instruct (val)</a>,ğŸ“,-@@100,361821120.0,49152.0,8192.0,âœ“,âœ—,-@@100,-@@100,-@@100,-@@100,-@@100,-@@100,-@@100,-@@100,-@@100
<a href='https://hf.co/LiquidAI/LFM2-700M'>LiquidAI/LFM2-700M (zero-shot)</a>,ğŸ“,-@@100,742489344.0,65536.0,128000.0,âœ—,âœ—,-@@100,-@@100,-@@100,-@@100,-@@100,-@@100,-@@100,-@@100,-@@100
<a href='https://hf.co/HuggingFaceTB/SmolLM2-360M-Instruct'>HuggingFaceTB/SmolLM2-360M-Instruct (zero-shot)</a>,ğŸ“,-@@100,361821120.0,49152.0,8192.0,âœ“,âœ—,-@@100,-@@100,-@@100,-@@100,-@@100,-@@100,-@@100,-@@100,-@@100
<a href='https://hf.co/LiquidAI/LFM2-700M'>LiquidAI/LFM2-700M (val)</a>,ğŸ“,-@@100,742489344.0,65536.0,128000.0,âœ—,âœ—,-@@100,-@@100,-@@100,-@@100,-@@100,-@@100,-@@100,-@@100,-@@100
<a href='https://hf.co/LiquidAI/LFM2.5-1.2B-Base'>LiquidAI/LFM2.5-1.2B-Base (zero-shot)</a>,ğŸ“,-@@100,1170340608.0,65536.0,128000.0,âœ—,âœ—,-@@100,-@@100,-@@100,-@@100,-@@100,-@@100,-@@100,-@@100,-@@100
"<a href='https://hf.co/Qwen/Qwen3-0.6B'>Qwen/Qwen3-0.6B#no-thinking (zero-shot, val)</a>",ğŸ“,-@@100,751632384.0,151936.0,40960.0,âœ“,âœ—,-@@100,-@@100,-@@100,-@@100,-@@100,-@@100,-@@100,-@@100,-@@100
<a href='https://hf.co/Qwen/Qwen3-0.6B'>Qwen/Qwen3-0.6B#no-thinking (val)</a>,ğŸ“,-@@100,751632384.0,151936.0,40960.0,âœ“,âœ—,-@@100,-@@100,-@@100,-@@100,-@@100,-@@100,-@@100,-@@100,-@@100
<a href='https://hf.co/Qwen/Qwen3-0.6B'>Qwen/Qwen3-0.6B#no-thinking (zero-shot)</a>,ğŸ“,-@@100,751632384.0,151936.0,40960.0,âœ“,âœ—,-@@100,-@@100,-@@100,-@@100,-@@100,-@@100,-@@100,-@@100,-@@100
"<a href='https://hf.co/Qwen/Qwen2.5-72B-Instruct'>Qwen/Qwen2.5-72B-Instruct (zero-shot, val)</a>",ğŸ“,-@@100,72706203648.0,152064.0,32768.0,âœ“,âœ—,-@@100,-@@100,-@@100,-@@100,-@@100,-@@100,-@@100,-@@100,-@@100
<a href='https://hf.co/Qwen/Qwen2.5-72B-Instruct'>Qwen/Qwen2.5-72B-Instruct (val)</a>,ğŸ“,-@@100,72706203648.0,152064.0,32768.0,âœ“,âœ—,-@@100,-@@100,-@@100,-@@100,-@@100,-@@100,-@@100,-@@100,-@@100
<a href='https://hf.co/Qwen/Qwen2.5-72B-Instruct'>Qwen/Qwen2.5-72B-Instruct (zero-shot)</a>,ğŸ“,-@@100,72706203648.0,152064.0,32768.0,âœ“,âœ—,-@@100,-@@100,-@@100,-@@100,-@@100,-@@100,-@@100,-@@100,-@@100
"<a href='https://hf.co/Qwen/Qwen2.5-1.5B-Instruct'>Qwen/Qwen2.5-1.5B-Instruct (zero-shot, val)</a>",ğŸ“,-@@100,1543714304.0,151936.0,32768.0,âœ“,âœ—,-@@100,-@@100,-@@100,-@@100,-@@100,-@@100,-@@100,-@@100,-@@100
<a href='https://hf.co/Qwen/Qwen2.5-1.5B-Instruct'>Qwen/Qwen2.5-1.5B-Instruct (val)</a>,ğŸ“,-@@100,1543714304.0,151936.0,32768.0,âœ“,âœ—,-@@100,-@@100,-@@100,-@@100,-@@100,-@@100,-@@100,-@@100,-@@100
<a href='https://hf.co/Qwen/Qwen2.5-1.5B-Instruct'>Qwen/Qwen2.5-1.5B-Instruct (zero-shot)</a>,ğŸ“,-@@100,1543714304.0,151936.0,32768.0,âœ“,âœ—,-@@100,-@@100,-@@100,-@@100,-@@100,-@@100,-@@100,-@@100,-@@100
<a href='https://hf.co/PleIAs/Baguettotron'>PleIAs/Baguettotron@refs/pr/6</a>,ğŸ¤”,-@@100,320956992.0,65536.0,4096.0,âœ“,âœ—,-@@100,4.56@@4.56,4.66@@4.66,4.41@@4.41,-@@100,-@@100,-@@100,-@@100,-@@100
<a href='https://hf.co/PleIAs/Baguettotron'>PleIAs/Baguettotron@refs/pr/6#thinking</a>,ğŸ¤”,-@@100,320956992.0,65536.0,4096.0,âœ“,âœ—,4.65@@4.65,4.56@@4.56,4.60@@4.60,4.46@@4.46,-@@100,-@@100,-@@100,-@@100,-@@100
"<a href='https://hf.co/PleIAs/Baguettotron'>PleIAs/Baguettotron@refs/pr/6#no-thinking (zero-shot, val)</a>",ğŸ“,-@@100,320956992.0,65536.0,4096.0,âœ“,âœ—,-@@100,-@@100,-@@100,-@@100,-@@100,-@@100,-@@100,-@@100,-@@100
<a href='https://hf.co/PleIAs/Baguettotron'>PleIAs/Baguettotron@refs/pr/6#no-thinking (val)</a>,ğŸ“,-@@100,320956992.0,65536.0,4096.0,âœ“,âœ—,-@@100,-@@100,-@@100,-@@100,-@@100,-@@100,-@@100,-@@100,-@@100
<a href='https://hf.co/PleIAs/Baguettotron'>PleIAs/Baguettotron@refs/pr/6#no-thinking (zero-shot)</a>,ğŸ“,-@@100,320956992.0,65536.0,4096.0,âœ“,âœ—,-@@100,-@@100,-@@100,-@@100,-@@100,-@@100,-@@100,-@@100,-@@100
"<a href='https://hf.co/LiquidAI/LFM2.5-1.2B-Instruct'>LiquidAI/LFM2.5-1.2B-Instruct (zero-shot, val)</a>",ğŸ“,-@@100,1170340608.0,65536.0,128000.0,âœ—,âœ—,-@@100,-@@100,-@@100,-@@100,-@@100,-@@100,-@@100,-@@100,-@@100
<a href='https://hf.co/LiquidAI/LFM2.5-1.2B-Instruct'>LiquidAI/LFM2.5-1.2B-Instruct (val)</a>,ğŸ“,-@@100,1170340608.0,65536.0,128000.0,âœ—,âœ—,-@@100,-@@100,-@@100,-@@100,-@@100,-@@100,-@@100,-@@100,-@@100
<a href='https://hf.co/LiquidAI/LFM2.5-1.2B-Instruct'>LiquidAI/LFM2.5-1.2B-Instruct (zero-shot)</a>,ğŸ“,-@@100,1170340608.0,65536.0,128000.0,âœ—,âœ—,-@@100,-@@100,-@@100,-@@100,-@@100,-@@100,-@@100,-@@100,-@@100
"<a href='https://hf.co/LiquidAI/LFM2.5-1.2B-Base'>LiquidAI/LFM2.5-1.2B-Base (zero-shot, val)</a>",ğŸ“,-@@100,1170340608.0,65536.0,128000.0,âœ—,âœ—,-@@100,-@@100,-@@100,-@@100,-@@100,-@@100,-@@100,-@@100,-@@100
<a href='https://hf.co/LiquidAI/LFM2.5-1.2B-Base'>LiquidAI/LFM2.5-1.2B-Base (val)</a>,ğŸ“,-@@100,1170340608.0,65536.0,128000.0,âœ—,âœ—,-@@100,-@@100,-@@100,-@@100,-@@100,-@@100,-@@100,-@@100,-@@100
"<a href='https://hf.co/LiquidAI/LFM2-700M'>LiquidAI/LFM2-700M (zero-shot, val)</a>",ğŸ“,-@@100,742489344.0,65536.0,128000.0,âœ—,âœ—,-@@100,-@@100,-@@100,-@@100,-@@100,-@@100,-@@100,-@@100,-@@100
"<a href='https://hf.co/HuggingFaceTB/SmolLM2-135M-Instruct'>HuggingFaceTB/SmolLM2-135M-Instruct (zero-shot, val)</a>",ğŸ“,-@@100,134515008.0,49152.0,8192.0,âœ“,âœ—,-@@100,-@@100,-@@100,-@@100,-@@100,-@@100,-@@100,-@@100,-@@100
<a href='https://hf.co/HuggingFaceTB/SmolLM2-135M-Instruct'>HuggingFaceTB/SmolLM2-135M-Instruct (val)</a>,ğŸ“,-@@100,134515008.0,49152.0,8192.0,âœ“,âœ—,-@@100,-@@100,-@@100,-@@100,-@@100,-@@100,-@@100,-@@100,-@@100
<a href='https://hf.co/HuggingFaceTB/SmolLM2-135M-Instruct'>HuggingFaceTB/SmolLM2-135M-Instruct (zero-shot)</a>,ğŸ“,-@@100,134515008.0,49152.0,8192.0,âœ“,âœ—,-@@100,-@@100,-@@100,-@@100,-@@100,-@@100,-@@100,-@@100,-@@100
"<a href='https://hf.co/BSC-LT/salamandra-7b-instruct'>BSC-LT/salamandra-7b-instruct (zero-shot, val)</a>",ğŸ“,-@@100,7768117248.0,256000.0,8192.0,âœ“,âœ—,-@@100,-@@100,-@@100,-@@100,-@@100,-@@100,-@@100,-@@100,-@@100
<a href='https://hf.co/BSC-LT/salamandra-7b-instruct'>BSC-LT/salamandra-7b-instruct (val)</a>,ğŸ“,-@@100,7768117248.0,256000.0,8192.0,âœ“,âœ—,-@@100,-@@100,-@@100,-@@100,-@@100,-@@100,-@@100,-@@100,-@@100
<a href='https://hf.co/BSC-LT/salamandra-7b-instruct'>BSC-LT/salamandra-7b-instruct (zero-shot)</a>,ğŸ“,-@@100,7768117248.0,256000.0,8192.0,âœ“,âœ—,-@@100,-@@100,-@@100,-@@100,-@@100,-@@100,-@@100,-@@100,-@@100
"<a href='https://hf.co/AI-Sweden-Models/gpt-sw3-6.7b-v2-instruct'>AI-Sweden-Models/gpt-sw3-6.7b-v2-instruct (zero-shot, val)</a>",ğŸ“,-@@100,7111057408.0,64000.0,2048.0,âœ“,âœ—,-@@100,-@@100,-@@100,-@@100,-@@100,-@@100,-@@100,-@@100,-@@100
<a href='https://hf.co/AI-Sweden-Models/gpt-sw3-6.7b-v2-instruct'>AI-Sweden-Models/gpt-sw3-6.7b-v2-instruct (val)</a>,ğŸ“,-@@100,7111057408.0,64000.0,2048.0,âœ“,âœ—,-@@100,-@@100,-@@100,-@@100,-@@100,-@@100,-@@100,-@@100,-@@100
<a href='https://hf.co/AI-Sweden-Models/gpt-sw3-6.7b-v2-instruct'>AI-Sweden-Models/gpt-sw3-6.7b-v2-instruct (zero-shot)</a>,ğŸ“,-@@100,7111057408.0,64000.0,2048.0,âœ“,âœ—,-@@100,-@@100,-@@100,-@@100,-@@100,-@@100,-@@100,-@@100,-@@100
<a href='https://hf.co/AI-Sweden-Models/gpt-sw3-6.7b-v2-instruct'>AI-Sweden-Models/gpt-sw3-6.7b-v2-instruct</a>,ğŸ“,-@@100,7111057408.0,64000.0,2048.0,âœ“,âœ—,-@@100,-@@100,-@@100,-@@100,-@@100,-@@100,-@@100,-@@100,-@@100
"<a href='https://hf.co/AI-Sweden-Models/gpt-sw3-356m-instruct'>AI-Sweden-Models/gpt-sw3-356m-instruct (zero-shot, val)</a>",ğŸ“,-@@100,470607872.0,64000.0,2048.0,âœ“,âœ—,-@@100,-@@100,-@@100,-@@100,-@@100,-@@100,-@@100,-@@100,-@@100
<a href='https://hf.co/AI-Sweden-Models/gpt-sw3-356m-instruct'>AI-Sweden-Models/gpt-sw3-356m-instruct (val)</a>,ğŸ“,-@@100,470607872.0,64000.0,2048.0,âœ“,âœ—,-@@100,-@@100,-@@100,-@@100,-@@100,-@@100,-@@100,-@@100,-@@100
<a href='https://hf.co/AI-Sweden-Models/gpt-sw3-356m-instruct'>AI-Sweden-Models/gpt-sw3-356m-instruct (zero-shot)</a>,ğŸ“,-@@100,470607872.0,64000.0,2048.0,âœ“,âœ—,-@@100,-@@100,-@@100,-@@100,-@@100,-@@100,-@@100,-@@100,-@@100
<a href='https://hf.co/AI-Sweden-Models/gpt-sw3-356m-instruct'>AI-Sweden-Models/gpt-sw3-356m-instruct</a>,ğŸ“,-@@100,470607872.0,64000.0,2048.0,âœ“,âœ—,-@@100,-@@100,-@@100,-@@100,-@@100,-@@100,-@@100,-@@100,-@@100
"<a href='https://hf.co/AI-Sweden-Models/gpt-sw3-126m-instruct'>AI-Sweden-Models/gpt-sw3-126m-instruct (zero-shot, val)</a>",ğŸ“,-@@100,186112512.0,64000.0,2048.0,âœ“,âœ—,-@@100,-@@100,-@@100,-@@100,-@@100,-@@100,-@@100,-@@100,-@@100
<a href='https://hf.co/AI-Sweden-Models/gpt-sw3-126m-instruct'>AI-Sweden-Models/gpt-sw3-126m-instruct (val)</a>,ğŸ“,-@@100,186112512.0,64000.0,2048.0,âœ“,âœ—,-@@100,-@@100,-@@100,-@@100,-@@100,-@@100,-@@100,-@@100,-@@100
<a href='https://hf.co/AI-Sweden-Models/gpt-sw3-126m-instruct'>AI-Sweden-Models/gpt-sw3-126m-instruct (zero-shot)</a>,ğŸ“,-@@100,186112512.0,64000.0,2048.0,âœ“,âœ—,-@@100,-@@100,-@@100,-@@100,-@@100,-@@100,-@@100,-@@100,-@@100
<a href='https://hf.co/AI-Sweden-Models/gpt-sw3-126m-instruct'>AI-Sweden-Models/gpt-sw3-126m-instruct</a>,ğŸ“,-@@100,186112512.0,64000.0,2048.0,âœ“,âœ—,-@@100,-@@100,-@@100,-@@100,-@@100,-@@100,-@@100,-@@100,-@@100
"<a href='https://hf.co/AI-Sweden-Models/gpt-sw3-1.3b-instruct'>AI-Sweden-Models/gpt-sw3-1.3b-instruct (zero-shot, val)</a>",ğŸ“,-@@100,1444532224.0,64000.0,2048.0,âœ“,âœ—,-@@100,-@@100,-@@100,-@@100,-@@100,-@@100,-@@100,-@@100,-@@100
<a href='https://hf.co/AI-Sweden-Models/gpt-sw3-1.3b-instruct'>AI-Sweden-Models/gpt-sw3-1.3b-instruct (val)</a>,ğŸ“,-@@100,1444532224.0,64000.0,2048.0,âœ“,âœ—,-@@100,-@@100,-@@100,-@@100,-@@100,-@@100,-@@100,-@@100,-@@100
<a href='https://hf.co/AI-Sweden-Models/gpt-sw3-1.3b-instruct'>AI-Sweden-Models/gpt-sw3-1.3b-instruct (zero-shot)</a>,ğŸ“,-@@100,1444532224.0,64000.0,2048.0,âœ“,âœ—,-@@100,-@@100,-@@100,-@@100,-@@100,-@@100,-@@100,-@@100,-@@100
<a href='https://hf.co/AI-Sweden-Models/gpt-sw3-1.3b-instruct'>AI-Sweden-Models/gpt-sw3-1.3b-instruct</a>,ğŸ“,-@@100,1444532224.0,64000.0,2048.0,âœ“,âœ—,-@@100,-@@100,-@@100,-@@100,-@@100,-@@100,-@@100,-@@100,-@@100
<a href='https://hf.co/CYFRAGOVPL/Llama-PLLuM-70B-base-250801'>CYFRAGOVPL/Llama-PLLuM-70B-base-250801</a>,ğŸ§ ,-@@100,70553706496.0,128256.0,131072.0,âœ“,âœ—,-@@100,-@@100,-@@100,-@@100,2.08@@2.08,-@@100,-@@100,-@@100,-@@100
<a href='https://hf.co/CYFRAGOVPL/Llama-PLLuM-70B-base'>CYFRAGOVPL/Llama-PLLuM-70B-base</a>,ğŸ§ ,-@@100,70553706496.0,128256.0,131072.0,âœ“,âœ—,-@@100,-@@100,-@@100,-@@100,1.99@@1.99,-@@100,-@@100,-@@100,-@@100
<a href='https://hf.co/CYFRAGOVPL/Llama-PLLuM-70B-chat-250801'>CYFRAGOVPL/Llama-PLLuM-70B-chat-250801</a>,ğŸ“,-@@100,70553788416.0,128261.0,131072.0,âœ“,âœ—,-@@100,-@@100,-@@100,-@@100,1.60@@1.60,-@@100,-@@100,-@@100,-@@100
<a href='https://hf.co/CYFRAGOVPL/Llama-PLLuM-70B-chat'>CYFRAGOVPL/Llama-PLLuM-70B-chat</a>,ğŸ“,-@@100,70553739264.0,128258.0,131072.0,âœ“,âœ—,-@@100,-@@100,-@@100,-@@100,1.63@@1.63,-@@100,-@@100,-@@100,-@@100
<a href='https://hf.co/EuroBERT/EuroBERT-2.1B'>EuroBERT/EuroBERT-2.1B</a>,ğŸ”,-@@100,2403092736.0,128256.0,8192.0,âœ“,âœ—,-@@100,-@@100,-@@100,-@@100,-@@100,-@@100,-@@100,-@@100,-@@100
<a href='https://hf.co/CYFRAGOVPL/PLLuM-8x7B-nc-instruct'>CYFRAGOVPL/PLLuM-8x7B-nc-instruct</a>,ğŸ“,-@@100,46702817280.0,32003.0,32768.0,âœ—,âœ—,-@@100,-@@100,-@@100,-@@100,1.87@@1.87,-@@100,-@@100,-@@100,-@@100
<a href='https://hf.co/CYFRAGOVPL/PLLuM-8x7B-nc-chat'>CYFRAGOVPL/PLLuM-8x7B-nc-chat</a>,ğŸ“,-@@100,46702817280.0,32003.0,32768.0,âœ—,âœ—,-@@100,-@@100,-@@100,-@@100,1.82@@1.82,-@@100,-@@100,-@@100,-@@100
<a href='https://hf.co/CYFRAGOVPL/PLLuM-8x7B-nc-base'>CYFRAGOVPL/PLLuM-8x7B-nc-base</a>,ğŸ§ ,-@@100,46702792704.0,32000.0,32768.0,âœ—,âœ—,-@@100,-@@100,-@@100,-@@100,2.74@@2.74,-@@100,-@@100,-@@100,-@@100
<a href='https://hf.co/CYFRAGOVPL/PLLuM-8x7B-instruct'>CYFRAGOVPL/PLLuM-8x7B-instruct</a>,ğŸ“,-@@100,46702817280.0,32003.0,32768.0,âœ“,âœ—,-@@100,-@@100,-@@100,-@@100,1.85@@1.85,-@@100,-@@100,-@@100,-@@100
<a href='https://hf.co/CYFRAGOVPL/PLLuM-8x7B-chat'>CYFRAGOVPL/PLLuM-8x7B-chat</a>,ğŸ“,-@@100,46702817280.0,32003.0,32768.0,âœ“,âœ—,-@@100,-@@100,-@@100,-@@100,1.82@@1.82,-@@100,-@@100,-@@100,-@@100
<a href='https://hf.co/CYFRAGOVPL/PLLuM-8x7B-base'>CYFRAGOVPL/PLLuM-8x7B-base</a>,ğŸ§ ,-@@100,46702792704.0,32000.0,32768.0,âœ“,âœ—,-@@100,-@@100,-@@100,-@@100,2.22@@2.22,-@@100,-@@100,-@@100,-@@100
<a href='https://hf.co/CYFRAGOVPL/PLLuM-12B-nc-instruct'>CYFRAGOVPL/PLLuM-12B-nc-instruct</a>,ğŸ“,-@@100,12247782400.0,131072.0,1024000.0,âœ—,âœ—,-@@100,-@@100,-@@100,-@@100,1.86@@1.86,-@@100,-@@100,-@@100,-@@100
<a href='https://hf.co/CYFRAGOVPL/PLLuM-12B-nc-chat'>CYFRAGOVPL/PLLuM-12B-nc-chat</a>,ğŸ“,-@@100,12247782400.0,131072.0,1024000.0,âœ—,âœ—,-@@100,-@@100,-@@100,-@@100,1.88@@1.88,-@@100,-@@100,-@@100,-@@100
<a href='https://hf.co/Qwen/Qwen3-0.6B'>Qwen/Qwen3-0.6B</a>,ğŸ¤”,-@@100,751632384.0,151936.0,40960.0,âœ“,âœ—,-@@100,-@@100,-@@100,-@@100,3.37@@3.37,-@@100,-@@100,-@@100,-@@100
<a href='https://hf.co/CYFRAGOVPL/PLLuM-12B-nc-base'>CYFRAGOVPL/PLLuM-12B-nc-base</a>,ğŸ§ ,-@@100,12247782400.0,131072.0,1024000.0,âœ—,âœ—,-@@100,-@@100,-@@100,-@@100,2.77@@2.77,-@@100,-@@100,-@@100,-@@100
<a href='https://hf.co/CYFRAGOVPL/PLLuM-12B-chat'>CYFRAGOVPL/PLLuM-12B-chat</a>,ğŸ“,-@@100,12247782400.0,131072.0,131072.0,âœ“,âœ—,-@@100,-@@100,-@@100,-@@100,1.93@@1.93,-@@100,-@@100,-@@100,-@@100
<a href='https://hf.co/CYFRAGOVPL/PLLuM-12B-base'>CYFRAGOVPL/PLLuM-12B-base</a>,ğŸ§ ,-@@100,12247782400.0,131072.0,1024000.0,âœ“,âœ—,-@@100,-@@100,-@@100,-@@100,2.69@@2.69,-@@100,-@@100,-@@100,-@@100
<a href='https://hf.co/CYFRAGOVPL/PLLuM-12B-base-250801'>CYFRAGOVPL/PLLuM-12B-base-250801</a>,ğŸ§ ,-@@100,12247782400.0,131072.0,131072.0,âœ“,âœ—,-@@100,-@@100,-@@100,-@@100,3.40@@3.40,-@@100,-@@100,-@@100,-@@100
<a href='https://hf.co/CYFRAGOVPL/Llama-PLLuM-8B-instruct'>CYFRAGOVPL/Llama-PLLuM-8B-instruct</a>,ğŸ“,-@@100,8030277632.0,128258.0,131072.0,âœ“,âœ—,-@@100,-@@100,-@@100,-@@100,2.11@@2.11,-@@100,-@@100,-@@100,-@@100
<a href='https://hf.co/CYFRAGOVPL/Llama-PLLuM-8B-chat'>CYFRAGOVPL/Llama-PLLuM-8B-chat</a>,ğŸ“,-@@100,8030277632.0,128258.0,131072.0,âœ“,âœ—,-@@100,-@@100,-@@100,-@@100,2.25@@2.25,-@@100,-@@100,-@@100,-@@100
<a href='https://hf.co/CYFRAGOVPL/Llama-PLLuM-8B-base'>CYFRAGOVPL/Llama-PLLuM-8B-base</a>,ğŸ§ ,-@@100,8030261248.0,128256.0,131072.0,âœ“,âœ—,-@@100,-@@100,-@@100,-@@100,2.46@@2.46,-@@100,-@@100,-@@100,-@@100
<a href='https://hf.co/CYFRAGOVPL/Llama-PLLuM-8B-base-250801'>CYFRAGOVPL/Llama-PLLuM-8B-base-250801</a>,ğŸ§ ,-@@100,8030261248.0,128256.0,131072.0,âœ“,âœ—,-@@100,-@@100,-@@100,-@@100,2.87@@2.87,-@@100,-@@100,-@@100,-@@100
<a href='https://hf.co/CYFRAGOVPL/Llama-PLLuM-70B-instruct'>CYFRAGOVPL/Llama-PLLuM-70B-instruct</a>,ğŸ“,-@@100,70553739264.0,128258.0,131072.0,âœ“,âœ—,-@@100,-@@100,-@@100,-@@100,1.61@@1.61,-@@100,-@@100,-@@100,-@@100
<a href='https://hf.co/CYFRAGOVPL/Llama-PLLuM-70B-instruct-250801'>CYFRAGOVPL/Llama-PLLuM-70B-instruct-250801</a>,ğŸ“,-@@100,70553788416.0,128261.0,131072.0,âœ“,âœ—,-@@100,-@@100,-@@100,-@@100,1.60@@1.60,-@@100,-@@100,-@@100,-@@100
<a href='https://hf.co/CYFRAGOVPL/PLLuM-12B-instruct'>CYFRAGOVPL/PLLuM-12B-instruct</a>,ğŸ“,-@@100,12247782400.0,131072.0,131072.0,âœ“,âœ—,-@@100,-@@100,-@@100,-@@100,1.90@@1.90,-@@100,-@@100,-@@100,-@@100
<a href='https://hf.co/facebook/MobileLLM-R1-950M'>facebook/MobileLLM-R1-950M</a>,ğŸ“,-@@100,949685760.0,128256.0,32768.0,âœ—,âœ—,-@@100,-@@100,-@@100,4.38@@4.38,4.60@@4.60,-@@100,-@@100,-@@100,-@@100
<a href='https://hf.co/Qwen/Qwen3-1.7B'>Qwen/Qwen3-1.7B#no-thinking (zero-shot)</a>,ğŸ“,-@@100,2031739904.0,151936.0,40960.0,âœ“,âœ—,-@@100,-@@100,-@@100,-@@100,-@@100,-@@100,-@@100,-@@100,-@@100
"<a href='https://hf.co/Qwen/Qwen3-1.7B'>Qwen/Qwen3-1.7B#no-thinking (zero-shot, val)</a>",ğŸ“,-@@100,2031739904.0,151936.0,40960.0,âœ“,âœ—,-@@100,-@@100,-@@100,-@@100,-@@100,-@@100,-@@100,-@@100,-@@100
<a href='https://docs.anthropic.com/en/docs/about-claude'>claude-sonnet-4-5-20250929#no-thinking (val)</a>,ğŸ“,-@@100,?,?,200000.0,âœ“,âœ—,-@@100,-@@100,-@@100,-@@100,-@@100,-@@100,-@@100,-@@100,-@@100
<a href='https://docs.anthropic.com/en/docs/about-claude'>claude-sonnet-4-5-20250929#no-thinking (zero-shot)</a>,ğŸ“,-@@100,?,?,200000.0,âœ“,âœ—,-@@100,-@@100,-@@100,-@@100,-@@100,-@@100,-@@100,-@@100,-@@100
<a href='https://docs.anthropic.com/en/docs/about-claude'>claude-sonnet-4-5-20250929#no-thinking</a>,ğŸ“,-@@100,?,?,200000.0,âœ“,âœ—,-@@100,-@@100,-@@100,-@@100,-@@100,-@@100,-@@100,-@@100,-@@100
"<a href='https://docs.anthropic.com/en/docs/about-claude'>claude-3-7-sonnet-20250219#no-thinking (zero-shot, val)</a>",ğŸ“,-@@100,?,?,200000.0,âœ“,âœ—,-@@100,-@@100,-@@100,-@@100,1.98@@1.98,-@@100,-@@100,-@@100,-@@100
"<a href='https://docs.anthropic.com/en/docs/about-claude'>claude-3-5-haiku-20241022 (zero-shot, val)</a>",ğŸ“,-@@100,?,?,200000.0,âœ“,âœ—,-@@100,-@@100,-@@100,2.42@@2.42,2.15@@2.15,-@@100,-@@100,-@@100,-@@100
"<a href='https://hf.co/baidu/ERNIE-4.5-21B-A3B-PT'>baidu/ERNIE-4.5-21B-A3B-PT (zero-shot, val)</a>",ğŸ“,-@@100,21948655808.0,103424.0,131072.0,âœ“,âœ—,-@@100,-@@100,-@@100,-@@100,-@@100,-@@100,-@@100,-@@100,-@@100
<a href='https://hf.co/baidu/ERNIE-4.5-21B-A3B-PT'>baidu/ERNIE-4.5-21B-A3B-PT (val)</a>,ğŸ“,-@@100,21948655808.0,103424.0,131072.0,âœ“,âœ—,-@@100,-@@100,-@@100,-@@100,-@@100,-@@100,-@@100,-@@100,-@@100
<a href='https://hf.co/baidu/ERNIE-4.5-21B-A3B-PT'>baidu/ERNIE-4.5-21B-A3B-PT (zero-shot)</a>,ğŸ“,-@@100,21948655808.0,103424.0,131072.0,âœ“,âœ—,-@@100,-@@100,-@@100,-@@100,-@@100,-@@100,-@@100,-@@100,-@@100
"<a href='https://hf.co/baidu/ERNIE-4.5-0.3B-PT'>baidu/ERNIE-4.5-0.3B-PT (zero-shot, val)</a>",ğŸ“,-@@100,?,103424.0,131072.0,âœ“,âœ—,-@@100,-@@100,-@@100,-@@100,-@@100,-@@100,-@@100,-@@100,-@@100
<a href='https://hf.co/baidu/ERNIE-4.5-0.3B-PT'>baidu/ERNIE-4.5-0.3B-PT (val)</a>,ğŸ“,-@@100,?,103424.0,131072.0,âœ“,âœ—,-@@100,-@@100,-@@100,-@@100,-@@100,-@@100,-@@100,-@@100,-@@100
<a href='https://hf.co/baidu/ERNIE-4.5-0.3B-PT'>baidu/ERNIE-4.5-0.3B-PT (zero-shot)</a>,ğŸ“,-@@100,?,103424.0,131072.0,âœ“,âœ—,-@@100,-@@100,-@@100,-@@100,-@@100,-@@100,-@@100,-@@100,-@@100
<a href='https://hf.co/allenai/Olmo-3.1-32B-Think'>allenai/Olmo-3.1-32B-Think</a>,ğŸ¤”,-@@100,32233522176.0,100278.0,65536.0,âœ—,âœ—,1.87@@1.87,-@@100,-@@100,-@@100,-@@100,-@@100,-@@100,-@@100,-@@100
"<a href='https://hf.co/allenai/Olmo-3.1-32B-Instruct'>allenai/Olmo-3.1-32B-Instruct (zero-shot, val)</a>",ğŸ“,-@@100,32233522176.0,100278.0,65536.0,âœ—,âœ—,-@@100,-@@100,-@@100,-@@100,-@@100,-@@100,-@@100,-@@100,-@@100
<a href='https://hf.co/allenai/Olmo-3.1-32B-Instruct'>allenai/Olmo-3.1-32B-Instruct (val)</a>,ğŸ“,-@@100,32233522176.0,100278.0,65536.0,âœ—,âœ—,-@@100,-@@100,-@@100,-@@100,-@@100,-@@100,-@@100,-@@100,-@@100
<a href='https://hf.co/allenai/Olmo-3.1-32B-Instruct'>allenai/Olmo-3.1-32B-Instruct (zero-shot)</a>,ğŸ“,-@@100,32233522176.0,100278.0,65536.0,âœ—,âœ—,-@@100,-@@100,-@@100,-@@100,-@@100,-@@100,-@@100,-@@100,-@@100
"<a href='https://hf.co/allenai/Olmo-3.1-32B-Instruct-SFT'>allenai/Olmo-3.1-32B-Instruct-SFT (zero-shot, val)</a>",ğŸ“,-@@100,32233522176.0,100278.0,65536.0,âœ—,âœ—,-@@100,-@@100,-@@100,-@@100,-@@100,-@@100,-@@100,-@@100,-@@100
<a href='https://hf.co/allenai/Olmo-3.1-32B-Instruct-SFT'>allenai/Olmo-3.1-32B-Instruct-SFT (val)</a>,ğŸ“,-@@100,32233522176.0,100278.0,65536.0,âœ—,âœ—,-@@100,-@@100,-@@100,-@@100,-@@100,-@@100,-@@100,-@@100,-@@100
<a href='https://hf.co/allenai/Olmo-3.1-32B-Instruct-SFT'>allenai/Olmo-3.1-32B-Instruct-SFT (zero-shot)</a>,ğŸ“,-@@100,32233522176.0,100278.0,65536.0,âœ—,âœ—,-@@100,-@@100,-@@100,-@@100,-@@100,-@@100,-@@100,-@@100,-@@100
"<a href='https://hf.co/allenai/Olmo-3.1-32B-Instruct-DPO'>allenai/Olmo-3.1-32B-Instruct-DPO (zero-shot, val)</a>",ğŸ“,-@@100,32233522176.0,100278.0,65536.0,âœ—,âœ—,-@@100,-@@100,-@@100,-@@100,-@@100,-@@100,-@@100,-@@100,-@@100
<a href='https://hf.co/deepcogito/cogito-v1-preview-llama-3B'>deepcogito/cogito-v1-preview-llama-3B (zero-shot)</a>,ğŸ“,-@@100,3606752256.0,128256.0,131072.0,âœ“,âœ—,-@@100,-@@100,-@@100,-@@100,-@@100,-@@100,-@@100,-@@100,-@@100
<a href='https://hf.co/allenai/Olmo-3.1-32B-Instruct-DPO'>allenai/Olmo-3.1-32B-Instruct-DPO (val)</a>,ğŸ“,-@@100,32233522176.0,100278.0,65536.0,âœ—,âœ—,-@@100,-@@100,-@@100,-@@100,-@@100,-@@100,-@@100,-@@100,-@@100
<a href='https://hf.co/deepcogito/cogito-v1-preview-llama-3B'>deepcogito/cogito-v1-preview-llama-3B (val)</a>,ğŸ“,-@@100,3606752256.0,128256.0,131072.0,âœ“,âœ—,-@@100,-@@100,-@@100,-@@100,-@@100,-@@100,-@@100,-@@100,-@@100
<a href='https://hf.co/zai-org/GLM-4.5-Air'>zai-org/GLM-4.5-Air#no-thinking</a>,ğŸ“,-@@100,110468824832.0,151552.0,131072.0,âœ“,âœ—,-@@100,-@@100,-@@100,-@@100,2.17@@2.17,-@@100,-@@100,-@@100,-@@100
<a href='https://hf.co/facebook/MobileLLM-R1-360M'>facebook/MobileLLM-R1-360M</a>,ğŸ“,-@@100,359431168.0,128256.0,32768.0,âœ—,âœ—,-@@100,-@@100,-@@100,4.45@@4.45,4.70@@4.70,-@@100,-@@100,-@@100,-@@100
<a href='https://hf.co/facebook/MobileLLM-R1-360M-base'>facebook/MobileLLM-R1-360M-base</a>,ğŸ§ ,-@@100,359431168.0,128256.0,4096.0,âœ—,âœ—,-@@100,-@@100,-@@100,4.21@@4.21,4.51@@4.51,-@@100,-@@100,-@@100,-@@100
<a href='https://hf.co/facebook/MobileLLM-R1-140M'>facebook/MobileLLM-R1-140M</a>,ğŸ¤”,-@@100,140248512.0,128256.0,32768.0,âœ—,âœ—,-@@100,-@@100,-@@100,4.47@@4.47,4.79@@4.79,-@@100,-@@100,-@@100,-@@100
<a href='https://hf.co/facebook/MobileLLM-R1-140M-base'>facebook/MobileLLM-R1-140M-base</a>,ğŸ§ ,-@@100,140248512.0,128256.0,4096.0,âœ—,âœ—,-@@100,-@@100,-@@100,4.31@@4.31,4.57@@4.57,-@@100,-@@100,-@@100,-@@100
"<a href='https://hf.co/emillykkejensen/Llama-3-8B-instruct-dansk'>emillykkejensen/Llama-3-8B-instruct-dansk (zero-shot, val)</a>",ğŸ“,-@@100,?,128256.0,8192.0,âœ—,âœ—,-@@100,-@@100,-@@100,-@@100,-@@100,-@@100,-@@100,-@@100,-@@100
<a href='https://hf.co/emillykkejensen/Llama-3-8B-instruct-dansk'>emillykkejensen/Llama-3-8B-instruct-dansk (val)</a>,ğŸ“,-@@100,?,128256.0,8192.0,âœ—,âœ—,-@@100,-@@100,-@@100,-@@100,-@@100,-@@100,-@@100,-@@100,-@@100
<a href='https://hf.co/emillykkejensen/Llama-3-8B-instruct-dansk'>emillykkejensen/Llama-3-8B-instruct-dansk (zero-shot)</a>,ğŸ“,-@@100,?,128256.0,8192.0,âœ—,âœ—,-@@100,-@@100,-@@100,-@@100,-@@100,-@@100,-@@100,-@@100,-@@100
<a href='https://hf.co/emillykkejensen/Llama-3-8B-instruct-dansk'>emillykkejensen/Llama-3-8B-instruct-dansk</a>,ğŸ“,-@@100,?,128256.0,8192.0,âœ—,âœ—,-@@100,-@@100,-@@100,-@@100,-@@100,-@@100,-@@100,-@@100,-@@100
"<a href='https://hf.co/deepcogito/cogito-v2-preview-llama-70B'>deepcogito/cogito-v2-preview-llama-70B (zero-shot, val)</a>",ğŸ“,-@@100,70553706496.0,128256.0,131072.0,âœ“,âœ—,-@@100,-@@100,-@@100,-@@100,-@@100,-@@100,-@@100,-@@100,-@@100
<a href='https://hf.co/deepcogito/cogito-v2-preview-llama-70B'>deepcogito/cogito-v2-preview-llama-70B (val)</a>,ğŸ“,-@@100,70553706496.0,128256.0,131072.0,âœ“,âœ—,-@@100,-@@100,-@@100,-@@100,-@@100,-@@100,-@@100,-@@100,-@@100
<a href='https://hf.co/deepcogito/cogito-v2-preview-llama-70B'>deepcogito/cogito-v2-preview-llama-70B (zero-shot)</a>,ğŸ“,-@@100,70553706496.0,128256.0,131072.0,âœ“,âœ—,-@@100,-@@100,-@@100,-@@100,-@@100,-@@100,-@@100,-@@100,-@@100
"<a href='https://hf.co/deepcogito/cogito-v1-preview-qwen-32B'>deepcogito/cogito-v1-preview-qwen-32B (zero-shot, val)</a>",ğŸ“,-@@100,32759790592.0,151665.0,131072.0,âœ“,âœ—,-@@100,-@@100,-@@100,-@@100,-@@100,-@@100,-@@100,-@@100,-@@100
<a href='https://hf.co/deepcogito/cogito-v1-preview-qwen-32B'>deepcogito/cogito-v1-preview-qwen-32B (val)</a>,ğŸ“,-@@100,32759790592.0,151665.0,131072.0,âœ“,âœ—,-@@100,-@@100,-@@100,-@@100,-@@100,-@@100,-@@100,-@@100,-@@100
<a href='https://hf.co/deepcogito/cogito-v1-preview-qwen-32B'>deepcogito/cogito-v1-preview-qwen-32B (zero-shot)</a>,ğŸ“,-@@100,32759790592.0,151665.0,131072.0,âœ“,âœ—,-@@100,-@@100,-@@100,-@@100,-@@100,-@@100,-@@100,-@@100,-@@100
"<a href='https://hf.co/deepcogito/cogito-v1-preview-qwen-14B'>deepcogito/cogito-v1-preview-qwen-14B (zero-shot, val)</a>",ğŸ“,-@@100,14765947904.0,151665.0,131072.0,âœ“,âœ—,-@@100,-@@100,-@@100,-@@100,-@@100,-@@100,-@@100,-@@100,-@@100
<a href='https://hf.co/deepcogito/cogito-v1-preview-qwen-14B'>deepcogito/cogito-v1-preview-qwen-14B (val)</a>,ğŸ“,-@@100,14765947904.0,151665.0,131072.0,âœ“,âœ—,-@@100,-@@100,-@@100,-@@100,-@@100,-@@100,-@@100,-@@100,-@@100
<a href='https://hf.co/deepcogito/cogito-v1-preview-qwen-14B'>deepcogito/cogito-v1-preview-qwen-14B (zero-shot)</a>,ğŸ“,-@@100,14765947904.0,151665.0,131072.0,âœ“,âœ—,-@@100,-@@100,-@@100,-@@100,-@@100,-@@100,-@@100,-@@100,-@@100
"<a href='https://hf.co/deepcogito/cogito-v1-preview-llama-8B'>deepcogito/cogito-v1-preview-llama-8B (zero-shot, val)</a>",ğŸ“,-@@100,8030261248.0,128256.0,131072.0,âœ“,âœ—,-@@100,-@@100,-@@100,-@@100,-@@100,-@@100,-@@100,-@@100,-@@100
<a href='https://hf.co/deepcogito/cogito-v1-preview-llama-8B'>deepcogito/cogito-v1-preview-llama-8B (val)</a>,ğŸ“,-@@100,8030261248.0,128256.0,131072.0,âœ“,âœ—,-@@100,-@@100,-@@100,-@@100,-@@100,-@@100,-@@100,-@@100,-@@100
"<a href='https://hf.co/deepcogito/cogito-v1-preview-llama-3B'>deepcogito/cogito-v1-preview-llama-3B (zero-shot, val)</a>",ğŸ“,-@@100,3606752256.0,128256.0,131072.0,âœ“,âœ—,-@@100,-@@100,-@@100,-@@100,-@@100,-@@100,-@@100,-@@100,-@@100
<a href='https://hf.co/allenai/Olmo-3.1-32B-Instruct-DPO'>allenai/Olmo-3.1-32B-Instruct-DPO (zero-shot)</a>,ğŸ“,-@@100,32233522176.0,100278.0,65536.0,âœ—,âœ—,-@@100,-@@100,-@@100,-@@100,-@@100,-@@100,-@@100,-@@100,-@@100
<a href='https://hf.co/allenai/Olmo-3-7B-Think'>allenai/Olmo-3-7B-Think</a>,ğŸ¤”,-@@100,7298011136.0,100278.0,65536.0,âœ—,âœ—,2.11@@2.11,2.80@@2.80,2.56@@2.56,2.64@@2.64,-@@100,-@@100,-@@100,-@@100,-@@100
"<a href='https://hf.co/allenai/Olmo-3-7B-Instruct'>allenai/Olmo-3-7B-Instruct (zero-shot, val)</a>",ğŸ“,-@@100,528384.0,100278.0,65536.0,âœ—,âœ—,-@@100,-@@100,-@@100,-@@100,-@@100,-@@100,-@@100,-@@100,-@@100
<a href='https://hf.co/Qwen/Qwen3-4B-Instruct-2507'>Qwen/Qwen3-4B-Instruct-2507</a>,ğŸ“,-@@100,4022468096.0,151936.0,262144.0,âœ“,âœ—,-@@100,-@@100,-@@100,2.25@@2.25,2.35@@2.35,-@@100,-@@100,-@@100,-@@100
"<a href='https://hf.co/Qwen/Qwen3-4B'>Qwen/Qwen3-4B#no-thinking (zero-shot, val)</a>",ğŸ“,-@@100,4022468096.0,151936.0,40960.0,âœ“,âœ—,-@@100,-@@100,-@@100,-@@100,-@@100,-@@100,-@@100,-@@100,-@@100
<a href='https://hf.co/Qwen/Qwen3-4B'>Qwen/Qwen3-4B#no-thinking (val)</a>,ğŸ“,-@@100,4022468096.0,151936.0,40960.0,âœ“,âœ—,-@@100,-@@100,-@@100,-@@100,-@@100,-@@100,-@@100,-@@100,-@@100
<a href='https://hf.co/Qwen/Qwen3-4B'>Qwen/Qwen3-4B#no-thinking (zero-shot)</a>,ğŸ“,-@@100,4022468096.0,151936.0,40960.0,âœ“,âœ—,-@@100,-@@100,-@@100,-@@100,-@@100,-@@100,-@@100,-@@100,-@@100
"<a href='https://hf.co/Qwen/Qwen3-32B'>Qwen/Qwen3-32B#no-thinking (zero-shot, val)</a>",ğŸ“,-@@100,32762123264.0,151936.0,40960.0,âœ“,âœ—,-@@100,-@@100,-@@100,-@@100,-@@100,-@@100,-@@100,-@@100,-@@100
<a href='https://hf.co/Qwen/Qwen3-32B'>Qwen/Qwen3-32B#no-thinking (val)</a>,ğŸ“,-@@100,32762123264.0,151936.0,40960.0,âœ“,âœ—,-@@100,-@@100,-@@100,-@@100,-@@100,-@@100,-@@100,-@@100,-@@100
<a href='https://hf.co/Qwen/Qwen3-32B'>Qwen/Qwen3-32B#no-thinking (zero-shot)</a>,ğŸ“,-@@100,32762123264.0,151936.0,40960.0,âœ“,âœ—,-@@100,-@@100,-@@100,-@@100,-@@100,-@@100,-@@100,-@@100,-@@100
<a href='https://hf.co/Qwen/Qwen3-30B-A3B'>Qwen/Qwen3-30B-A3B</a>,ğŸ¤”,-@@100,30532122624.0,151936.0,40960.0,âœ“,âœ—,-@@100,-@@100,-@@100,-@@100,1.92@@1.92,-@@100,-@@100,-@@100,-@@100
"<a href='https://hf.co/Qwen/Qwen3-30B-A3B-Instruct-2507'>Qwen/Qwen3-30B-A3B-Instruct-2507 (zero-shot, val)</a>",ğŸ“,-@@100,30532122624.0,151936.0,262144.0,âœ“,âœ—,-@@100,-@@100,-@@100,-@@100,-@@100,-@@100,-@@100,-@@100,-@@100
<a href='https://hf.co/Qwen/Qwen3-30B-A3B-Instruct-2507'>Qwen/Qwen3-30B-A3B-Instruct-2507 (val)</a>,ğŸ“,-@@100,30532122624.0,151936.0,262144.0,âœ“,âœ—,-@@100,-@@100,-@@100,-@@100,-@@100,-@@100,-@@100,-@@100,-@@100
<a href='https://hf.co/Qwen/Qwen3-30B-A3B-Instruct-2507'>Qwen/Qwen3-30B-A3B-Instruct-2507 (zero-shot)</a>,ğŸ“,-@@100,30532122624.0,151936.0,262144.0,âœ“,âœ—,-@@100,-@@100,-@@100,-@@100,-@@100,-@@100,-@@100,-@@100,-@@100
<a href='https://hf.co/Qwen/Qwen3-30B-A3B'>Qwen/Qwen3-30B-A3B#no-thinking</a>,ğŸ“,-@@100,30532122624.0,151936.0,40960.0,âœ“,âœ—,-@@100,-@@100,-@@100,1.92@@1.92,1.96@@1.96,-@@100,-@@100,-@@100,-@@100
<a href='https://hf.co/Qwen/Qwen3-235B-A22B-Thinking-2507-FP8'>Qwen/Qwen3-235B-A22B-Thinking-2507-FP8</a>,ğŸ¤”,-@@100,235107904512.0,151936.0,262144.0,âœ“,âœ—,-@@100,-@@100,-@@100,1.68@@1.68,1.70@@1.70,-@@100,1.51@@1.51,-@@100,-@@100
<a href='https://hf.co/Qwen/Qwen3-235B-A22B-Instruct-2507-FP8'>Qwen/Qwen3-235B-A22B-Instruct-2507-FP8</a>,ğŸ“,-@@100,235107904512.0,151936.0,262144.0,âœ“,âœ—,-@@100,-@@100,-@@100,-@@100,1.82@@1.82,-@@100,-@@100,-@@100,-@@100
<a href='https://hf.co/Qwen/Qwen3-14B'>Qwen/Qwen3-14B</a>,ğŸ¤”,-@@100,14768307200.0,151936.0,40960.0,âœ“,âœ—,-@@100,-@@100,-@@100,-@@100,1.86@@1.86,-@@100,-@@100,-@@100,-@@100
"<a href='https://hf.co/Qwen/Qwen3-14B'>Qwen/Qwen3-14B#no-thinking (zero-shot, val)</a>",ğŸ“,-@@100,14768307200.0,151936.0,40960.0,âœ“,âœ—,-@@100,-@@100,-@@100,-@@100,-@@100,-@@100,-@@100,-@@100,-@@100
<a href='https://hf.co/Qwen/Qwen3-14B'>Qwen/Qwen3-14B#no-thinking (val)</a>,ğŸ“,-@@100,14768307200.0,151936.0,40960.0,âœ“,âœ—,-@@100,-@@100,-@@100,-@@100,-@@100,-@@100,-@@100,-@@100,-@@100
<a href='https://hf.co/Qwen/Qwen3-14B'>Qwen/Qwen3-14B#no-thinking (zero-shot)</a>,ğŸ“,-@@100,14768307200.0,151936.0,40960.0,âœ“,âœ—,-@@100,-@@100,-@@100,-@@100,-@@100,-@@100,-@@100,-@@100,-@@100
<a href='https://hf.co/Qwen/Qwen3-1.7B'>Qwen/Qwen3-1.7B</a>,ğŸ¤”,-@@100,2031739904.0,151936.0,40960.0,âœ“,âœ—,-@@100,-@@100,-@@100,-@@100,2.61@@2.61,-@@100,-@@100,-@@100,-@@100
<a href='https://hf.co/Qwen/Qwen3-4B-Thinking-2507'>Qwen/Qwen3-4B-Thinking-2507</a>,ğŸ¤”,-@@100,4022468096.0,151936.0,262144.0,âœ“,âœ—,-@@100,2.32@@2.32,-@@100,2.07@@2.07,-@@100,-@@100,-@@100,-@@100,-@@100
<a href='https://hf.co/Qwen/Qwen3-4B'>Qwen/Qwen3-4B</a>,ğŸ¤”,-@@100,4022468096.0,151936.0,40960.0,âœ“,âœ—,-@@100,-@@100,-@@100,-@@100,2.25@@2.25,-@@100,-@@100,-@@100,-@@100
<a href='https://hf.co/Qwen/Qwen3-8B'>Qwen/Qwen3-8B#no-thinking (zero-shot)</a>,ğŸ“,-@@100,8190735360.0,151936.0,40960.0,âœ“,âœ—,-@@100,-@@100,-@@100,-@@100,-@@100,-@@100,-@@100,-@@100,-@@100
<a href='https://hf.co/Qwen/Qwen3-8B'>Qwen/Qwen3-8B#no-thinking (val)</a>,ğŸ“,-@@100,8190735360.0,151936.0,40960.0,âœ“,âœ—,-@@100,-@@100,-@@100,-@@100,-@@100,-@@100,-@@100,-@@100,-@@100
<a href='https://hf.co/allenai/Olmo-3-7B-Instruct'>allenai/Olmo-3-7B-Instruct (val)</a>,ğŸ“,-@@100,528384.0,100278.0,65536.0,âœ—,âœ—,-@@100,-@@100,-@@100,-@@100,-@@100,-@@100,-@@100,-@@100,-@@100
<a href='https://hf.co/allenai/Olmo-3-7B-Instruct'>allenai/Olmo-3-7B-Instruct (zero-shot)</a>,ğŸ“,-@@100,528384.0,100278.0,65536.0,âœ—,âœ—,-@@100,-@@100,-@@100,-@@100,-@@100,-@@100,-@@100,-@@100,-@@100
"<a href='https://hf.co/allenai/Olmo-3-7B-Instruct-SFT'>allenai/Olmo-3-7B-Instruct-SFT (zero-shot, val)</a>",ğŸ“,-@@100,7298011136.0,100278.0,65536.0,âœ—,âœ—,-@@100,-@@100,-@@100,-@@100,-@@100,-@@100,-@@100,-@@100,-@@100
<a href='https://hf.co/allenai/Olmo-3-7B-Instruct-SFT'>allenai/Olmo-3-7B-Instruct-SFT (val)</a>,ğŸ“,-@@100,7298011136.0,100278.0,65536.0,âœ—,âœ—,-@@100,-@@100,-@@100,-@@100,-@@100,-@@100,-@@100,-@@100,-@@100
<a href='https://hf.co/allenai/Olmo-3-7B-Instruct-SFT'>allenai/Olmo-3-7B-Instruct-SFT (zero-shot)</a>,ğŸ“,-@@100,7298011136.0,100278.0,65536.0,âœ—,âœ—,-@@100,-@@100,-@@100,-@@100,-@@100,-@@100,-@@100,-@@100,-@@100
"<a href='https://hf.co/allenai/Olmo-3-7B-Instruct-DPO'>allenai/Olmo-3-7B-Instruct-DPO (zero-shot, val)</a>",ğŸ“,-@@100,7298011136.0,100278.0,65536.0,âœ—,âœ—,-@@100,-@@100,-@@100,-@@100,-@@100,-@@100,-@@100,-@@100,-@@100
<a href='https://hf.co/allenai/Olmo-3-7B-Instruct-DPO'>allenai/Olmo-3-7B-Instruct-DPO (val)</a>,ğŸ“,-@@100,7298011136.0,100278.0,65536.0,âœ—,âœ—,-@@100,-@@100,-@@100,-@@100,-@@100,-@@100,-@@100,-@@100,-@@100
<a href='https://hf.co/allenai/Olmo-3-7B-Instruct-DPO'>allenai/Olmo-3-7B-Instruct-DPO (zero-shot)</a>,ğŸ“,-@@100,7298011136.0,100278.0,65536.0,âœ—,âœ—,-@@100,-@@100,-@@100,-@@100,-@@100,-@@100,-@@100,-@@100,-@@100
"<a href='https://hf.co/allenai/OLMo-2-0325-32B-Instruct'>allenai/OLMo-2-0325-32B-Instruct (zero-shot, val)</a>",ğŸ“,-@@100,32234279936.0,100352.0,4096.0,âœ—,âœ—,-@@100,-@@100,-@@100,-@@100,-@@100,-@@100,-@@100,-@@100,-@@100
<a href='https://hf.co/Qwen/Qwen3-1.7B'>Qwen/Qwen3-1.7B#no-thinking (val)</a>,ğŸ“,-@@100,2031739904.0,151936.0,40960.0,âœ“,âœ—,-@@100,-@@100,-@@100,-@@100,-@@100,-@@100,-@@100,-@@100,-@@100
<a href='https://hf.co/allenai/OLMo-2-0325-32B-Instruct'>allenai/OLMo-2-0325-32B-Instruct (val)</a>,ğŸ“,-@@100,32234279936.0,100352.0,4096.0,âœ—,âœ—,-@@100,-@@100,-@@100,-@@100,-@@100,-@@100,-@@100,-@@100,-@@100
"<a href='https://hf.co/allenai/Llama-3.1-Tulu-3-8B-SFT'>allenai/Llama-3.1-Tulu-3-8B-SFT (zero-shot, val)</a>",ğŸ“,-@@100,8030326784.0,128264.0,131072.0,âœ“,âœ—,-@@100,-@@100,-@@100,-@@100,-@@100,-@@100,-@@100,-@@100,-@@100
<a href='https://hf.co/allenai/Llama-3.1-Tulu-3-8B-SFT'>allenai/Llama-3.1-Tulu-3-8B-SFT (val)</a>,ğŸ“,-@@100,8030326784.0,128264.0,131072.0,âœ“,âœ—,-@@100,-@@100,-@@100,-@@100,-@@100,-@@100,-@@100,-@@100,-@@100
<a href='https://hf.co/allenai/Llama-3.1-Tulu-3-8B-SFT'>allenai/Llama-3.1-Tulu-3-8B-SFT (zero-shot)</a>,ğŸ“,-@@100,8030326784.0,128264.0,131072.0,âœ“,âœ—,-@@100,-@@100,-@@100,-@@100,-@@100,-@@100,-@@100,-@@100,-@@100
<a href='https://hf.co/TildeAI/TildeOpen-30b'>TildeAI/TildeOpen-30b#slow-tokenizer</a>,ğŸ§ ,-@@100,30677882880.0,131072.0,65536.0,âœ“,âœ—,-@@100,-@@100,-@@100,2.10@@2.10,2.64@@2.64,-@@100,-@@100,-@@100,-@@100
<a href='https://hf.co/Shekswess/trlm-135m'>Shekswess/trlm-135m</a>,ğŸ“,-@@100,134516160.0,49154.0,8192.0,âœ“,âœ—,-@@100,-@@100,-@@100,4.38@@4.38,4.56@@4.56,-@@100,-@@100,-@@100,-@@100
<a href='https://hf.co/Qwen/Qwen3-Next-80B-A3B-Thinking'>Qwen/Qwen3-Next-80B-A3B-Thinking</a>,ğŸ¤”,-@@100,81324862720.0,151936.0,262144.0,âœ“,âœ—,-@@100,-@@100,-@@100,-@@100,2.08@@2.08,-@@100,-@@100,-@@100,-@@100
<a href='https://hf.co/Qwen/Qwen3-Next-80B-A3B-Instruct'>Qwen/Qwen3-Next-80B-A3B-Instruct</a>,ğŸ“,-@@100,81324862720.0,151936.0,262144.0,âœ“,âœ—,-@@100,-@@100,-@@100,-@@100,1.94@@1.94,-@@100,-@@100,-@@100,-@@100
<a href='https://hf.co/Qwen/Qwen3-8B'>Qwen/Qwen3-8B</a>,ğŸ¤”,-@@100,8190735360.0,151936.0,40960.0,âœ“,âœ—,-@@100,-@@100,-@@100,-@@100,2.03@@2.03,-@@100,-@@100,-@@100,-@@100
"<a href='https://hf.co/Qwen/Qwen3-8B'>Qwen/Qwen3-8B#no-thinking (zero-shot, val)</a>",ğŸ“,-@@100,8190735360.0,151936.0,40960.0,âœ“,âœ—,-@@100,-@@100,-@@100,-@@100,-@@100,-@@100,-@@100,-@@100,-@@100
<a href='https://hf.co/allenai/OLMo-2-0325-32B-Instruct'>allenai/OLMo-2-0325-32B-Instruct (zero-shot)</a>,ğŸ“,-@@100,32234279936.0,100352.0,4096.0,âœ—,âœ—,-@@100,-@@100,-@@100,-@@100,-@@100,-@@100,-@@100,-@@100,-@@100
<a href='https://hf.co/zai-org/GLM-4.5-Air'>zai-org/GLM-4.5-Air#thinking</a>,ğŸ¤”,-@@100,110468824832.0,151552.0,131072.0,âœ“,âœ—,-@@100,-@@100,-@@100,-@@100,2.23@@2.23,-@@100,-@@100,-@@100,-@@100
